;FLAVOR:Marlin
;TIME:1194
;Filament used: 0.498938m
;Layer height: 0.2
;MINX:36.255
;MINY:78.692
;MINZ:0.2
;MAXX:183.74
;MAXY:141.286
;MAXZ:1.2
;TARGET_MACHINE.NAME:Creality Ender-3
;POSTPROCESSED
;  [FilamentChange]
;Generated with Cura_SteamEngine 5.6.0
M140 S50
M105
M190 S50
M104 S197
M105
M109 S197
M82 ;absolute extrusion mode
; Ender 3 Custom Start G-code
G92 E0 ; Reset Extruder
G28 ; Home all axes
G1 Z2.0 F3000 ; Move Z Axis up little to prevent scratching of Heat Bed
G1 X0.1 Y20 Z0.3 F5000.0 ; Move to start position
G1 X0.1 Y200.0 Z0.3 F1500.0 E15 ; Draw the first line
G1 X0.4 Y200.0 Z0.3 F5000.0 ; Move to side a little
G1 X0.4 Y20 Z0.3 F1500.0 E30 ; Draw the second line
G92 E0 ; Reset Extruder
G1 Z2.0 F3000 ; Move Z Axis up little to prevent scratching of Heat Bed
G1 X5 Y20 Z0.3 F5000.0 ; Move over to prevent blob squish
G92 E0
G92 E0
G1 F2700 E-7
;LAYER_COUNT:6
;LAYER:0
M107
G0 F6000 X53.232 Y80.432 Z0.2
;TYPE:SKIRT
G1 F2700 E0
G1 F1200 X54.042 Y79.958 E0.03028
G1 X54.957 Y79.527 E0.06291
G1 X55.837 Y79.204 E0.09315
G1 X56.812 Y78.941 E0.12573
G1 X57.701 Y78.783 E0.15486
G1 X58.741 Y78.692 E0.18854
G1 X59.725 Y78.696 E0.22029
G1 X60.932 Y78.821 E0.25944
G1 X63.826 Y79.287 E0.35401
G1 X66.298 Y79.619 E0.43448
G1 X68.797 Y79.881 E0.51554
G1 X71.309 Y80.076 E0.59683
G1 X73.713 Y80.195 E0.67448
G1 X74.332 Y80.218 E0.69447
G1 X76.892 Y80.277 E0.77708
G1 X79.419 Y80.264 E0.85861
G1 X81.934 Y80.179 E0.9398
G1 X84.987 Y79.98 E1.0385
G1 X87.601 Y79.73 E1.12322
G1 X90.111 Y79.416 E1.20483
G1 X93.084 Y78.952 E1.30191
G1 X93.718 Y78.844 E1.32266
G1 X94.683 Y78.725 E1.35402
G1 X95.585 Y78.692 E1.38314
G1 X96.617 Y78.745 E1.41648
G1 X97.199 Y78.819 E1.43541
G1 X99.602 Y79.186 E1.51384
G1 X102.142 Y79.506 E1.59643
G1 X104.623 Y79.747 E1.67685
G1 X107.114 Y79.918 E1.7574
G1 X109.681 Y80.022 E1.84029
G1 X112.146 Y80.053 E1.91982
G1 X114.687 Y80.011 E2.00181
G1 X117.207 Y79.9 E2.08319
G1 X119.669 Y79.721 E2.16283
G1 X123.259 Y79.343 E2.27929
G1 X124.232 Y79.286 E2.31074
G1 X125.205 Y79.317 E2.34215
G1 X126.147 Y79.428 E2.37275
G1 X128.95 Y79.885 E2.46437
G1 X131.434 Y80.219 E2.54523
G1 X133.933 Y80.481 E2.6263
G1 X136.482 Y80.68 E2.70879
G1 X139.368 Y80.815 E2.802
G1 X141.923 Y80.877 E2.88445
G1 X144.415 Y80.867 E2.96485
G1 X146.939 Y80.785 E3.04632
G1 X150.8 Y80.522 E3.17118
G1 X153.312 Y80.264 E3.25265
G1 X155.8 Y79.937 E3.3336
G1 X158.195 Y79.556 E3.41184
G1 X158.916 Y79.432 E3.43545
G1 X159.882 Y79.312 E3.46685
G1 X160.784 Y79.278 E3.49597
G1 X161.827 Y79.332 E3.52967
G1 X162.792 Y79.469 E3.56111
G1 X163.706 Y79.684 E3.59141
G1 X164.663 Y79.999 E3.62391
G1 X165.527 Y80.37 E3.65425
G1 X166.415 Y80.85 E3.68681
G1 X167.197 Y81.367 E3.71706
G1 X167.987 Y81.996 E3.74964
G1 X168.692 Y82.669 E3.78108
G1 X169.333 Y83.401 E3.81247
G1 X169.907 Y84.187 E3.84387
G1 X170.376 Y84.959 E3.87301
G1 X170.979 Y86.237 E3.91861
G1 X171.963 Y88.734 E4.00519
G1 X172.65 Y90.524 E4.06705
G1 X173.623 Y92.868 E4.14893
G1 X174.654 Y95.169 E4.23028
G1 X175.745 Y97.433 E4.31136
G1 X176.903 Y99.67 E4.39262
G1 X178.112 Y101.852 E4.4731
G1 X179.41 Y104.046 E4.55535
G1 X180.869 Y106.353 E4.64341
G1 X181.566 Y107.421 E4.68456
G1 X182.044 Y108.233 E4.71496
G1 X182.301 Y108.718 E4.73266
G1 X182.704 Y109.57 E4.76307
G1 X183.099 Y110.663 E4.80057
G1 X183.273 Y111.241 E4.82004
G1 X183.51 Y112.186 E4.85147
G1 X183.662 Y113.149 E4.88293
G1 X183.731 Y114.145 E4.91514
G1 X183.74 Y114.598 E4.92975
G1 X183.699 Y115.763 E4.96736
G1 X183.624 Y116.568 E4.99345
G1 X183.489 Y117.533 E5.02488
G1 X183.267 Y118.482 E5.05633
G1 X182.966 Y119.402 E5.08756
G1 X182.653 Y120.149 E5.11369
G1 X182.396 Y120.7 E5.1333
G1 X182.072 Y121.344 E5.15656
G1 X181.894 Y121.668 E5.16849
G1 X181.253 Y122.693 E5.20749
G1 X180.956 Y123.115 E5.22414
G1 X180.36 Y123.884 E5.25553
G1 X179.723 Y124.573 E5.2858
G1 X179.004 Y125.225 E5.31711
G1 X178.417 Y125.68 E5.34107
G1 X177.92 Y126.039 E5.36085
G1 X176.946 Y126.663 E5.39817
G1 X176.561 Y126.88 E5.41243
G1 X175.703 Y127.317 E5.4435
G1 X175.148 Y127.55 E5.46292
G1 X172.395 Y128.62 E5.55821
G1 X170.044 Y129.607 E5.64047
G1 X167.786 Y130.63 E5.72044
G1 X164.782 Y132.109 E5.82847
G1 X163.677 Y132.678 E5.86857
G1 X163.118 Y132.95 E5.88863
G1 X162.327 Y133.289 E5.91639
G1 X161.856 Y133.469 E5.93266
G1 X159.483 Y134.425 E6.01519
G1 X157.196 Y135.427 E6.09575
G1 X154.911 Y136.503 E6.17723
G1 X152.657 Y137.644 E6.25874
G1 X150.416 Y138.858 E6.34097
G1 X149.306 Y139.486 E6.38211
G1 X148.573 Y139.864 E6.40872
G1 X148.076 Y140.097 E6.42643
G1 X147.21 Y140.456 E6.45667
G1 X146.377 Y140.723 E6.48489
G1 X145.908 Y140.853 E6.5006
G1 X144.966 Y141.067 E6.53176
G1 X144.212 Y141.177 E6.55634
G1 X143.859 Y141.214 E6.5678
G1 X142.869 Y141.277 E6.5998
G1 X142.284 Y141.286 E6.61868
G1 X141.382 Y141.26 E6.64779
G1 X139.774 Y141.036 E6.70017
G1 X138.555 Y140.712 E6.74086
G1 X136.936 Y140.171 E6.79593
G1 X134.514 Y139.41 E6.87784
G1 X132.09 Y138.723 E6.95912
G1 X129.669 Y138.111 E7.03969
G1 X127.168 Y137.553 E7.12236
G1 X124.735 Y137.082 E7.20231
G1 X122.21 Y136.667 E7.28486
G1 X119.792 Y136.339 E7.36359
G1 X117.235 Y136.067 E7.44655
G1 X114.76 Y135.872 E7.52665
G1 X112.207 Y135.746 E7.60911
G1 X109.694 Y135.691 E7.69021
G1 X107.201 Y135.708 E7.77064
G1 X104.669 Y135.797 E7.85238
G1 X102.137 Y135.957 E7.93423
G1 X99.674 Y136.183 E8.01402
G1 X97.179 Y136.484 E8.0951
G1 X94.625 Y136.865 E8.17841
G1 X92.213 Y137.295 E8.25746
G1 X89.72 Y137.813 E8.3396
G1 X87.287 Y138.387 E8.42025
G1 X84.847 Y139.043 E8.50177
G1 X82.609 Y139.705 E8.57706
G1 X81.394 Y140.082 E8.61811
G1 X80.639 Y140.289 E8.64336
G1 X79.646 Y140.499 E8.67611
G1 X78.784 Y140.61 E8.70415
G1 X77.737 Y140.677 E8.738
G1 X77.147 Y140.686 E8.75703
G1 X76.244 Y140.66 E8.78618
G1 X74.669 Y140.442 E8.83748
G1 X73.61 Y140.171 E8.87274
G1 X72.778 Y139.881 E8.90117
G1 X71.964 Y139.541 E8.92963
G1 X71.66 Y139.4 E8.94044
G1 X70.894 Y139.005 E8.96825
G1 X70.106 Y138.558 E8.99747
G1 X67.797 Y137.294 E9.0824
G1 X65.593 Y136.165 E9.16229
G1 X63.336 Y135.092 E9.24292
G1 X61.007 Y134.062 E9.32508
G1 X57.531 Y132.661 E9.44599
G1 X56.581 Y132.222 E9.47975
G1 X55.982 Y131.909 E9.50155
G1 X53.647 Y130.728 E9.58597
G1 X51.34 Y129.645 E9.6682
G1 X49.048 Y128.646 E9.74886
G1 X46.69 Y127.697 E9.83087
G1 X45.817 Y127.373 E9.86091
G1 X44.972 Y127.044 E9.89016
G1 X43.773 Y126.489 E9.93279
G1 X43.232 Y126.195 E9.95265
G1 X42.428 Y125.713 E9.9829
G1 X41.705 Y125.193 E10.01163
G1 X41.299 Y124.873 E10.02831
G1 X40.564 Y124.24 E10.0596
G1 X39.988 Y123.654 E10.08611
G1 X39.618 Y123.247 E10.10386
G1 X38.997 Y122.5 E10.1352
G1 X38.499 Y121.786 E10.16328
G1 X38.225 Y121.357 E10.1797
G1 X37.754 Y120.541 E10.2101
G1 X37.263 Y119.463 E10.24832
G1 X37.075 Y118.98 E10.26504
G1 X36.763 Y118.057 E10.29647
G1 X36.543 Y117.15 E10.32658
G1 X36.384 Y116.177 E10.35839
G1 X36.268 Y114.937 E10.39857
G1 X36.255 Y114.072 E10.42648
G1 X36.273 Y113.337 E10.4502
G1 X36.341 Y112.366 E10.4816
G1 X36.493 Y111.407 E10.51293
G1 X36.708 Y110.523 E10.54228
G1 X37.01 Y109.552 E10.57509
G1 X37.356 Y108.692 E10.60499
G1 X37.746 Y107.877 E10.63414
G1 X38.069 Y107.31 E10.6552
G1 X38.453 Y106.693 E10.67864
G1 X38.778 Y106.202 E10.69764
G1 X40.191 Y104.002 E10.782
G1 X41.499 Y101.831 E10.86377
G1 X42.731 Y99.648 E10.94464
G1 X43.896 Y97.443 E11.02509
G1 X45.026 Y95.146 E11.10768
G1 X46.059 Y92.893 E11.18765
G1 X47.055 Y90.542 E11.27002
G1 X47.898 Y88.398 E11.34435
G1 X48.686 Y86.318 E11.41611
G1 X48.966 Y85.611 E11.44064
G1 X49.366 Y84.724 E11.47203
G1 X49.843 Y83.873 E11.5035
G1 X50.393 Y83.071 E11.53488
G1 X51.013 Y82.319 E11.56632
G1 X51.696 Y81.625 E11.59774
G1 X52.438 Y80.994 E11.62916
G1 X53.232 Y80.432 E11.66055
G0 F6000 X53.435 Y80.777
G1 F1200 X54.213 Y80.32 E11.68966
G1 X55.095 Y79.903 E11.72113
G1 X55.975 Y79.58 E11.75137
G1 X56.882 Y79.335 E11.78168
G1 X57.771 Y79.177 E11.81082
G1 X58.74 Y79.092 E11.8422
G1 X59.684 Y79.094 E11.87265
G1 X60.868 Y79.216 E11.91105
G1 X63.762 Y79.682 E12.00562
G1 X66.256 Y80.017 E12.08681
G1 X68.76 Y80.28 E12.16804
G1 X71.289 Y80.476 E12.24987
G1 X73.693 Y80.595 E12.32753
G1 X74.317 Y80.618 E12.34767
G1 X76.885 Y80.677 E12.43054
G1 X79.433 Y80.664 E12.51275
G1 X81.948 Y80.579 E12.59394
G1 X85.018 Y80.379 E12.69319
G1 X87.651 Y80.127 E12.77853
G1 X90.161 Y79.813 E12.86014
G1 X93.146 Y79.347 E12.95761
G1 X93.767 Y79.241 E12.97793
G1 X94.698 Y79.125 E13.0082
G1 X95.6 Y79.092 E13.03732
G1 X96.567 Y79.142 E13.06856
G1 X97.139 Y79.214 E13.08716
G1 X99.552 Y79.583 E13.16591
G1 X102.092 Y79.903 E13.24851
G1 X104.59 Y80.146 E13.32948
G1 X107.098 Y80.318 E13.41058
G1 X109.665 Y80.422 E13.49347
G1 X112.148 Y80.453 E13.57358
G1 X114.705 Y80.411 E13.65609
G1 X117.225 Y80.3 E13.73747
G1 X119.709 Y80.119 E13.81782
G1 X123.283 Y79.742 E13.93376
G1 X124.22 Y79.686 E13.96405
G1 X125.158 Y79.714 E13.99432
G1 X126.083 Y79.823 E14.02437
G1 X128.886 Y80.28 E14.116
G1 X131.392 Y80.617 E14.19757
G1 X133.896 Y80.88 E14.2788
G1 X136.463 Y81.08 E14.36187
G1 X139.349 Y81.215 E14.45508
G1 X141.915 Y81.277 E14.53789
G1 X144.428 Y81.267 E14.61897
G1 X146.952 Y81.185 E14.70044
G1 X150.84 Y80.92 E14.82617
G1 X153.364 Y80.661 E14.90803
G1 X155.852 Y80.334 E14.98899
G1 X158.258 Y79.951 E15.06759
G1 X158.966 Y79.829 E15.09076
G1 X159.897 Y79.712 E15.12104
G1 X160.799 Y79.678 E15.15016
G1 X161.771 Y79.728 E15.18156
G1 X162.701 Y79.859 E15.21186
G1 X163.581 Y80.064 E15.24101
G1 X164.505 Y80.367 E15.27238
G1 X165.369 Y80.738 E15.30272
G1 X166.194 Y81.184 E15.33297
G1 X166.976 Y81.701 E15.36322
G1 X167.711 Y82.286 E15.39353
G1 X168.391 Y82.933 E15.42381
G1 X169.01 Y83.638 E15.45408
G1 X169.565 Y84.395 E15.48436
G1 X170.034 Y85.167 E15.5135
G1 X170.607 Y86.384 E15.5569
G1 X171.59 Y88.877 E15.64336
G1 X172.281 Y90.677 E15.70556
G1 X173.258 Y93.032 E15.78782
G1 X174.289 Y95.333 E15.86916
G1 X175.39 Y97.617 E15.95096
G1 X176.553 Y99.864 E16.03259
G1 X177.768 Y102.056 E16.11345
G1 X179.072 Y104.26 E16.19607
G1 X180.534 Y106.572 E16.28432
G1 X181.221 Y107.624 E16.32486
G1 X181.699 Y108.436 E16.35526
G1 X181.939 Y108.889 E16.3718
G1 X182.342 Y109.741 E16.4022
G1 X182.716 Y110.779 E16.4378
G1 X182.885 Y111.339 E16.45667
G1 X183.115 Y112.249 E16.48695
G1 X183.263 Y113.177 E16.51727
G1 X183.331 Y114.153 E16.54883
G1 X183.34 Y114.584 E16.56274
G1 X183.299 Y115.749 E16.60035
G1 X183.228 Y116.513 E16.62511
G1 X183.099 Y117.443 E16.6554
G1 X182.887 Y118.358 E16.6857
G1 X182.597 Y119.247 E16.71587
G1 X182.29 Y119.98 E16.74151
G1 X182.039 Y120.52 E16.76072
G1 X181.721 Y121.151 E16.78351
G1 X181.543 Y121.475 E16.79544
G1 X180.926 Y122.463 E16.83302
G1 X180.64 Y122.87 E16.84907
G1 X180.066 Y123.612 E16.87934
G1 X179.429 Y124.301 E16.90961
G1 X178.736 Y124.928 E16.93976
G1 X178.183 Y125.356 E16.96232
G1 X177.704 Y125.702 E16.98138
G1 X176.749 Y126.315 E17.018
G1 X176.379 Y126.524 E17.03171
G1 X175.548 Y126.948 E17.0618
G1 X175.003 Y127.177 E17.08088
G1 X172.25 Y128.247 E17.17617
G1 X169.889 Y129.238 E17.25878
G1 X167.609 Y130.271 E17.33953
G1 X164.605 Y131.75 E17.44756
G1 X163.502 Y132.318 E17.48758
G1 X162.96 Y132.582 E17.50703
G1 X162.184 Y132.915 E17.53428
G1 X161.713 Y133.095 E17.55054
G1 X159.333 Y134.055 E17.63334
G1 X157.026 Y135.065 E17.71459
G1 X154.73 Y136.146 E17.79646
G1 X152.466 Y137.292 E17.87833
G1 X150.225 Y138.506 E17.96056
G1 X149.123 Y139.131 E18.00143
G1 X148.404 Y139.502 E18.02753
G1 X147.923 Y139.727 E18.04466
G1 X147.057 Y140.086 E18.07491
G1 X146.27 Y140.338 E18.10157
G1 X145.819 Y140.463 E18.11667
G1 X144.908 Y140.671 E18.14682
G1 X144.169 Y140.779 E18.17091
G1 X143.834 Y140.815 E18.18178
G1 X142.863 Y140.877 E18.21317
G1 X142.296 Y140.886 E18.23147
G1 X141.394 Y140.86 E18.26058
G1 X139.877 Y140.649 E18.30999
G1 X138.658 Y140.325 E18.35069
G1 X137.056 Y139.789 E18.40519
G1 X134.634 Y139.028 E18.48709
G1 X132.188 Y138.335 E18.56911
G1 X129.767 Y137.723 E18.64968
G1 X127.244 Y137.16 E18.73307
G1 X124.804 Y136.688 E18.81325
G1 X122.275 Y136.272 E18.89594
G1 X119.834 Y135.941 E18.97542
G1 X117.272 Y135.668 E19.05854
G1 X114.78 Y135.472 E19.13919
G1 X112.227 Y135.346 E19.22165
G1 X109.7 Y135.291 E19.3032
G1 X107.187 Y135.308 E19.38427
G1 X104.655 Y135.397 E19.46601
G1 X102.108 Y135.558 E19.54835
G1 X99.626 Y135.786 E19.62876
G1 X97.12 Y136.088 E19.7102
G1 X94.566 Y136.469 E19.79351
G1 X92.132 Y136.903 E19.87327
G1 X89.639 Y137.421 E19.95542
G1 X87.188 Y138 E20.03667
G1 X84.733 Y138.659 E20.11868
G1 X82.495 Y139.322 E20.19398
G1 X81.288 Y139.696 E20.23475
G1 X80.533 Y139.903 E20.26001
G1 X79.595 Y140.102 E20.29094
G1 X78.733 Y140.213 E20.31898
G1 X77.731 Y140.277 E20.35138
G1 X77.159 Y140.286 E20.36983
G1 X76.256 Y140.26 E20.39898
G1 X74.768 Y140.054 E20.44744
G1 X73.741 Y139.793 E20.48163
G1 X72.932 Y139.512 E20.50926
G1 X72.132 Y139.178 E20.53723
G1 X71.843 Y139.044 E20.5475
G1 X71.091 Y138.657 E20.57479
G1 X70.303 Y138.21 E20.60402
G1 X67.989 Y136.943 E20.68913
G1 X65.765 Y135.804 E20.76974
G1 X63.498 Y134.726 E20.85073
G1 X61.169 Y133.696 E20.93289
G1 X57.699 Y132.298 E21.05358
G1 X56.766 Y131.867 E21.08674
G1 X56.167 Y131.554 E21.10855
G1 X53.817 Y130.366 E21.1935
G1 X51.5 Y129.278 E21.27608
G1 X49.208 Y128.279 E21.35675
G1 X46.829 Y127.322 E21.43948
G1 X45.962 Y127 E21.46931
G1 X45.14 Y126.681 E21.49776
G1 X43.964 Y126.137 E21.53956
G1 X43.438 Y125.852 E21.55887
G1 X42.634 Y125.37 E21.58911
G1 X41.952 Y124.878 E21.61624
G1 X41.56 Y124.57 E21.63232
G1 X40.849 Y123.959 E21.66257
G1 X40.284 Y123.385 E21.68855
G1 X39.925 Y122.991 E21.70575
G1 X39.325 Y122.271 E21.73599
G1 X38.836 Y121.571 E21.76353
G1 X38.571 Y121.156 E21.77942
G1 X38.118 Y120.375 E21.80855
G1 X37.636 Y119.318 E21.84603
G1 X37.454 Y118.851 E21.8622
G1 X37.152 Y117.962 E21.89249
G1 X36.938 Y117.085 E21.92161
G1 X36.779 Y116.112 E21.95342
G1 X36.668 Y114.931 E21.99169
G1 X36.655 Y114.081 E22.01912
G1 X36.672 Y113.364 E22.04226
G1 X36.736 Y112.428 E22.07252
G1 X36.882 Y111.502 E22.10277
G1 X37.097 Y110.618 E22.13212
G1 X37.381 Y109.701 E22.16309
G1 X37.717 Y108.865 E22.19216
G1 X38.107 Y108.05 E22.22131
G1 X38.409 Y107.521 E22.24096
G1 X38.787 Y106.914 E22.26403
G1 X39.112 Y106.423 E22.28303
G1 X40.528 Y104.218 E22.36757
G1 X41.842 Y102.037 E22.44972
G1 X43.085 Y99.835 E22.5313
G1 X44.25 Y97.63 E22.61175
G1 X45.385 Y95.323 E22.6947
G1 X46.422 Y93.06 E22.77501
G1 X47.423 Y90.698 E22.85778
G1 X48.27 Y88.544 E22.93245
G1 X49.058 Y86.465 E23.00418
G1 X49.331 Y85.775 E23.02812
G1 X49.715 Y84.919 E23.05839
G1 X50.173 Y84.099 E23.08869
G1 X50.702 Y83.325 E23.11894
G1 X51.298 Y82.599 E23.14924
G1 X51.956 Y81.929 E23.17954
G1 X52.67 Y81.32 E23.20981
G1 X53.435 Y80.777 E23.24008
G0 F6000 X53.638 Y81.122
G1 F1200 X54.416 Y80.665 E23.26919
G1 X55.233 Y80.278 E23.29836
G1 X56.08 Y79.966 E23.32748
G1 X56.952 Y79.729 E23.35663
G1 X57.841 Y79.571 E23.38576
G1 X58.74 Y79.492 E23.41488
G1 X59.643 Y79.492 E23.44401
G1 X60.804 Y79.611 E23.48166
G1 X63.698 Y80.077 E23.57623
G1 X66.214 Y80.415 E23.65813
G1 X68.723 Y80.679 E23.73953
G1 X71.269 Y80.876 E23.82191
G1 X73.673 Y80.995 E23.89956
G1 X74.302 Y81.018 E23.91987
G1 X76.878 Y81.077 E24.003
G1 X79.447 Y81.064 E24.08588
G1 X81.962 Y80.979 E24.16707
G1 X85.049 Y80.778 E24.26687
G1 X87.701 Y80.524 E24.35283
G1 X90.211 Y80.21 E24.43444
G1 X93.208 Y79.742 E24.5323
G1 X93.817 Y79.638 E24.55223
G1 X94.713 Y79.525 E24.58137
G1 X95.615 Y79.492 E24.61049
G1 X96.517 Y79.539 E24.63963
G1 X97.078 Y79.609 E24.65787
G1 X99.502 Y79.98 E24.73698
G1 X102.042 Y80.3 E24.81957
G1 X104.557 Y80.545 E24.9011
G1 X107.082 Y80.718 E24.98275
G1 X109.649 Y80.822 E25.06564
G1 X112.15 Y80.853 E25.14633
G1 X114.723 Y80.811 E25.22935
G1 X117.243 Y80.7 E25.31073
G1 X119.749 Y80.517 E25.3918
G1 X123.307 Y80.141 E25.50723
G1 X124.209 Y80.086 E25.53638
G1 X125.111 Y80.111 E25.56549
G1 X126.019 Y80.218 E25.59499
G1 X128.822 Y80.675 E25.68661
G1 X131.35 Y81.015 E25.76891
G1 X133.859 Y81.279 E25.8503
G1 X136.432 Y81.478 E25.93356
G1 X138.588 Y81.586 E26.00321
G1 X139.333 Y81.615 E26.02726
G1 X141.907 Y81.677 E26.11033
G1 X144.441 Y81.667 E26.19208
G1 X146.965 Y81.585 E26.27355
G1 X150.88 Y81.318 E26.40015
G1 X153.416 Y81.058 E26.4824
G1 X155.904 Y80.731 E26.56336
G1 X158.321 Y80.346 E26.64232
G1 X159.016 Y80.226 E26.66507
G1 X159.912 Y80.112 E26.69421
G1 X160.814 Y80.078 E26.72333
G1 X161.716 Y80.124 E26.75247
G1 X162.61 Y80.249 E26.7816
G1 X163.49 Y80.454 E26.81075
G1 X164.348 Y80.735 E26.83988
G1 X165.179 Y81.09 E26.86903
G1 X165.974 Y81.518 E26.89816
G1 X166.728 Y82.015 E26.92729
G1 X167.436 Y82.576 E26.95644
G1 X168.091 Y83.198 E26.98558
G1 X168.688 Y83.875 E27.0147
G1 X169.223 Y84.603 E27.04385
G1 X169.692 Y85.375 E27.07299
G1 X170.235 Y86.531 E27.11419
G1 X171.217 Y89.02 E27.20052
G1 X171.912 Y90.83 E27.26307
G1 X172.893 Y93.196 E27.3457
G1 X173.925 Y95.499 E27.42712
G1 X175.035 Y97.801 E27.50957
G1 X176.203 Y100.058 E27.59156
G1 X177.424 Y102.26 E27.67279
G1 X178.734 Y104.474 E27.75579
G1 X180.199 Y106.791 E27.84423
G1 X180.876 Y107.827 E27.88416
G1 X181.346 Y108.624 E27.91401
G1 X181.578 Y109.061 E27.92997
G1 X181.966 Y109.877 E27.95912
G1 X182.333 Y110.895 E27.99403
G1 X182.497 Y111.438 E28.01233
G1 X182.72 Y112.313 E28.04147
G1 X182.864 Y113.205 E28.07062
G1 X182.931 Y114.162 E28.10157
G1 X182.94 Y114.57 E28.11473
G1 X182.899 Y115.735 E28.15234
G1 X182.832 Y116.459 E28.1758
G1 X182.709 Y117.354 E28.20495
G1 X182.507 Y118.234 E28.23408
G1 X182.228 Y119.093 E28.26321
G1 X181.927 Y119.812 E28.28836
G1 X181.682 Y120.34 E28.30714
G1 X181.37 Y120.958 E28.32948
G1 X181.192 Y121.282 E28.3414
G1 X180.599 Y122.233 E28.37756
G1 X180.323 Y122.626 E28.39305
G1 X179.772 Y123.341 E28.42218
G1 X179.16 Y124.005 E28.45131
G1 X178.491 Y124.612 E28.48045
G1 X177.949 Y125.032 E28.50257
G1 X177.488 Y125.365 E28.52092
G1 X176.551 Y125.967 E28.55685
G1 X176.197 Y126.168 E28.56999
G1 X175.393 Y126.579 E28.59912
G1 X174.858 Y126.804 E28.61784
G1 X172.105 Y127.874 E28.71313
G1 X169.734 Y128.869 E28.79609
G1 X167.432 Y129.912 E28.87763
G1 X164.428 Y131.391 E28.98565
G1 X163.327 Y131.958 E29.02561
G1 X162.802 Y132.214 E29.04445
G1 X162.041 Y132.541 E29.07117
G1 X161.57 Y132.721 E29.08744
G1 X159.183 Y133.685 E29.17049
G1 X156.856 Y134.703 E29.25244
G1 X154.549 Y135.789 E29.3347
G1 X152.275 Y136.94 E29.41693
G1 X150.034 Y138.154 E29.49915
G1 X148.939 Y138.776 E29.53978
G1 X148.234 Y139.14 E29.56538
G1 X147.769 Y139.358 E29.58195
G1 X146.935 Y139.705 E29.61109
G1 X146.163 Y139.953 E29.63725
G1 X145.73 Y140.073 E29.65175
G1 X144.85 Y140.275 E29.68088
G1 X144.125 Y140.381 E29.70452
G1 X143.808 Y140.416 E29.71481
G1 X142.856 Y140.477 E29.74558
G1 X142.308 Y140.486 E29.76327
G1 X141.406 Y140.46 E29.79238
G1 X139.98 Y140.262 E29.83883
G1 X138.761 Y139.938 E29.87952
G1 X137.858 Y139.642 E29.91018
G1 X137.176 Y139.407 E29.93345
G1 X134.754 Y138.646 E30.01536
G1 X132.286 Y137.947 E30.09811
G1 X129.865 Y137.335 E30.17867
G1 X127.32 Y136.767 E30.2628
G1 X124.873 Y136.294 E30.34321
G1 X122.34 Y135.877 E30.42603
G1 X119.876 Y135.543 E30.50625
G1 X117.309 Y135.269 E30.58954
G1 X114.8 Y135.072 E30.67073
G1 X112.247 Y134.946 E30.7532
G1 X109.706 Y134.891 E30.8352
G1 X107.173 Y134.908 E30.91692
G1 X104.641 Y134.997 E30.99866
G1 X102.079 Y135.159 E31.08148
G1 X99.578 Y135.389 E31.16251
G1 X97.061 Y135.692 E31.2443
G1 X94.507 Y136.073 E31.32761
G1 X92.051 Y136.511 E31.4081
G1 X89.558 Y137.029 E31.49024
G1 X87.089 Y137.613 E31.5721
G1 X84.619 Y138.275 E31.6546
G1 X82.381 Y138.938 E31.7299
G1 X81.182 Y139.31 E31.7704
G1 X80.427 Y139.517 E31.79566
G1 X79.544 Y139.705 E31.82479
G1 X78.682 Y139.816 E31.85283
G1 X77.725 Y139.877 E31.88376
G1 X77.171 Y139.886 E31.90164
G1 X76.268 Y139.86 E31.93079
G1 X74.866 Y139.666 E31.97645
G1 X73.872 Y139.415 E32.00952
G1 X73.086 Y139.143 E32.03636
G1 X72.3 Y138.815 E32.06383
G1 X72.026 Y138.688 E32.07358
G1 X71.288 Y138.309 E32.10034
G1 X70.5 Y137.862 E32.12957
G1 X68.181 Y136.592 E32.21487
G1 X65.937 Y135.443 E32.29621
G1 X63.66 Y134.36 E32.37756
G1 X61.331 Y133.33 E32.45971
G1 X57.867 Y131.935 E32.58019
G1 X56.951 Y131.512 E32.61274
G1 X56.352 Y131.199 E32.63455
G1 X53.987 Y130.004 E32.72004
G1 X51.66 Y128.911 E32.80298
G1 X49.368 Y127.912 E32.88364
G1 X46.968 Y126.947 E32.9671
G1 X46.106 Y126.627 E32.99676
G1 X45.308 Y126.318 E33.02437
G1 X44.154 Y125.785 E33.06538
G1 X43.643 Y125.509 E33.08412
G1 X42.868 Y125.045 E33.11326
G1 X42.199 Y124.563 E33.13986
G1 X41.82 Y124.266 E33.1554
G1 X41.134 Y123.678 E33.18455
G1 X40.579 Y123.115 E33.21005
G1 X40.232 Y122.735 E33.22665
G1 X39.653 Y122.042 E33.25579
G1 X39.173 Y121.355 E33.28283
G1 X38.917 Y120.955 E33.29815
G1 X38.464 Y120.174 E33.32728
G1 X38.009 Y119.172 E33.36278
G1 X37.833 Y118.722 E33.37837
G1 X37.541 Y117.867 E33.40752
G1 X37.327 Y116.99 E33.43664
G1 X37.174 Y116.048 E33.46743
G1 X37.068 Y114.925 E33.50382
G1 X37.055 Y114.09 E33.53077
G1 X37.071 Y113.391 E33.55332
G1 X37.131 Y112.49 E33.58246
G1 X37.271 Y111.597 E33.61162
G1 X37.486 Y110.713 E33.64097
G1 X37.752 Y109.85 E33.6701
G1 X38.078 Y109.038 E33.69833
G1 X38.468 Y108.223 E33.72748
G1 X38.748 Y107.733 E33.74569
G1 X39.121 Y107.135 E33.76843
G1 X39.446 Y106.644 E33.78742
G1 X40.865 Y104.434 E33.87216
G1 X42.185 Y102.243 E33.95468
G1 X43.439 Y100.022 E34.03697
G1 X44.604 Y97.817 E34.11742
G1 X45.744 Y95.5 E34.20073
G1 X46.785 Y93.227 E34.28139
G1 X47.791 Y90.854 E34.36455
G1 X48.642 Y88.69 E34.43957
G1 X49.43 Y86.612 E34.51127
G1 X49.696 Y85.938 E34.53464
G1 X50.065 Y85.113 E34.5638
G1 X50.504 Y84.324 E34.59293
G1 X51.012 Y83.578 E34.62205
G1 X51.584 Y82.879 E34.65119
G1 X52.216 Y82.233 E34.68034
G1 X52.902 Y81.646 E34.70947
G1 X53.638 Y81.122 E34.73862
G1 F2700 E27.73862
;MESH:baby_shower.stl
G0 F6000 X59.831 Y89.103
G0 X78.085 Y128.831
;TYPE:WALL-INNER
G1 F2700 E34.73862
G1 F1381.3 X77.638 Y128.949 E34.74899
G1 X77.103 Y128.952 E34.76098
G1 X76.672 Y128.821 E34.77108
G1 F1406.6 X76.278 Y128.594 E34.7811
G1 F1391.3 X75.932 Y128.296 E34.79126
G1 F1271.5 X75.647 Y127.82 E34.80478
G1 F1163.6 X75.506 Y127.324 E34.8185
G1 F1084.7 X75.494 Y126.825 E34.83275
G1 F1029.5 X75.617 Y126.376 E34.84676
G1 F992.2 X75.745 Y126.125 E34.85555
G1 F952.9 X75.891 Y125.888 E34.8646
G1 F916.5 X76.24 Y125.518 E34.88179
G1 F870.7 X76.704 Y125.281 E34.90032
G1 F992.2 X77.204 Y125.234 E34.916
G1 F1200 X77.564 Y125.234 E34.92529
G1 F1005.2 X78.195 Y125.341 E34.94501
G1 F864.9 X78.573 Y125.553 E34.96053
G1 F870.7 X78.921 Y125.916 E34.97841
G1 F927.5 X79.173 Y126.364 E34.99558
G1 F1018.6 X79.282 Y126.833 E35.01022
G1 F1100.3 X79.257 Y127.405 E35.02634
G1 F1156.6 X79.131 Y127.834 E35.03831
G1 F1188.9 X78.875 Y128.25 E35.05103
G1 F1238.7 X78.539 Y128.576 E35.06274
G1 F1324.1 X78.085 Y128.831 E35.07492
G0 F6000 X78.144 Y129.101
G1 F1356.9 X78.485 Y128.94 E35.08353
G1 F1319.6 X78.797 Y128.735 E35.09229
G1 F1275.7 X79.072 Y128.487 E35.10128
G1 F1203.8 X79.29 Y128.211 E35.11033
G1 F1153.2 X79.458 Y127.915 E35.11947
G1 F1090.9 X79.577 Y127.551 E35.13034
G1 F1013.2 X79.657 Y126.737 E35.15534
G1 F952.9 X79.609 Y126.396 E35.16654
G1 F918.7 X79.528 Y126.141 E35.17556
G1 F901.4 X79.391 Y125.866 E35.18611
G1 F882.8 X79.207 Y125.582 E35.19799
G1 F862.9 X78.999 Y125.345 E35.2093
G1 F847.7 X78.785 Y125.153 E35.21981
G1 F853.3 X78.4 Y124.948 E35.23564
G1 F932 X78.301 Y124.846 E35.24036
G1 F1097.1 X78.158 Y124.535 E35.25003
G1 F1200 X78.154 Y123.847 E35.26778
G1 X78.175 Y123.041 E35.28859
G1 X78.239 Y122.032 E35.31469
G1 X78.345 Y120.856 E35.34516
G1 X78.471 Y119.763 E35.37356
G1 X78.639 Y118.613 E35.40356
G1 X78.847 Y117.571 E35.43098
G1 X79.074 Y116.768 E35.45252
G1 X79.304 Y116.323 E35.46545
G1 X79.393 Y115.918 E35.47615
G1 X79.558 Y115.469 E35.4885
G1 X79.8 Y114.966 E35.5029
G1 X80.079 Y114.469 E35.51761
G1 X80.38 Y113.998 E35.53204
G1 X80.689 Y113.557 E35.54594
G1 X80.975 Y113.192 E35.55791
G1 X81.227 Y112.916 E35.56755
G1 X81.73 Y112.437 E35.58548
G1 X82.203 Y112.063 E35.60104
G1 X82.813 Y111.7 E35.61936
G1 X83.433 Y111.449 E35.63663
G1 X84.089 Y111.237 E35.65442
G1 X84.392 Y111.164 E35.66247
G1 X84.825 Y111.093 E35.67379
G1 X85.809 Y111.196 E35.69933
G1 X86.846 Y111.66 E35.72865
G1 X87.202 Y111.885 E35.73952
G1 X87.67 Y112.248 E35.7548
G1 X88.25 Y112.833 E35.77607
G1 X88.447 Y113.049 E35.78361
G1 X88.764 Y113.43 E35.7964
G1 X89.091 Y113.867 E35.81049
G1 X89.294 Y114.159 E35.81967
G1 X89.873 Y115.076 E35.84766
G1 X90.209 Y115.654 E35.86492
G1 X90.511 Y116.214 E35.88134
G1 X90.778 Y116.762 E35.89707
G1 X90.976 Y117.279 E35.91136
G1 X91.043 Y117.558 E35.91877
G1 X91.033 Y117.82 E35.92553
G1 X90.911 Y118.014 E35.93145
G1 X90.673 Y118.184 E35.939
G1 X90.455 Y118.447 E35.94781
G1 X90.307 Y118.665 E35.95461
G1 X90.177 Y118.899 E35.96152
G1 X90.04 Y119.23 E35.97077
G1 X90 Y119.537 E35.97876
G1 X90 Y119.957 E35.9896
G1 X90.045 Y120.314 E35.99889
G1 X90.178 Y120.697 E36.00935
G1 X90.384 Y121.056 E36.02003
G1 X90.654 Y121.387 E36.03106
G1 X90.948 Y121.661 E36.04143
G1 X91.313 Y121.895 E36.05262
G1 X91.625 Y122.02 E36.0613
G1 X91.981 Y122.074 E36.07059
G1 X92.285 Y122.075 E36.07844
G1 X92.554 Y122.064 E36.08538
G1 X92.802 Y122.032 E36.09184
G1 X93.107 Y121.962 E36.09992
G1 X93.625 Y121.686 E36.11506
G1 X94.108 Y121.194 E36.13286
G1 X94.359 Y120.803 E36.14485
G1 X94.503 Y120.289 E36.15863
G1 X94.58 Y120.106 E36.16375
G1 X94.576 Y119.843 E36.17054
G1 X94.557 Y119.555 E36.17799
G1 X94.52 Y119.303 E36.18456
G1 X94.369 Y118.805 E36.198
G1 X93.976 Y118.26 E36.21534
G1 X93.664 Y117.995 E36.2259
G1 X93.27 Y117.735 E36.23809
G1 X92.983 Y117.595 E36.24633
G1 X92.735 Y117.56 E36.25279
G1 X92.261 Y117.554 E36.26503
G1 X92.094 Y117.471 E36.26984
G1 X91.918 Y117.254 E36.27705
G1 X91.834 Y116.849 E36.28773
G1 X91.401 Y115.39 E36.32701
G1 X91.287 Y114.912 E36.33969
G1 X91.167 Y114.3 E36.35579
G1 X91.066 Y113.687 E36.37182
G1 X90.985 Y112.971 E36.39042
G1 X90.924 Y111.593 E36.42602
G1 X91.324 Y109.795 E36.47356
G1 X91.504 Y109.271 E36.48786
G1 X91.792 Y108.753 E36.50316
G1 X92.163 Y108.279 E36.51869
G1 X92.609 Y107.86 E36.53449
G1 X93.14 Y107.492 E36.55116
G1 X93.658 Y107.24 E36.56603
G1 X94.293 Y107.05 E36.58314
G1 X95.041 Y106.974 E36.60254
G1 X95.941 Y107.039 E36.62583
G1 X96.64 Y107.183 E36.64425
G1 X97.278 Y107.397 E36.66162
G1 X97.875 Y107.67 E36.67856
G1 X98.392 Y107.961 E36.69388
G1 X98.905 Y108.299 E36.70973
G1 X99.391 Y108.655 E36.72528
G1 X99.831 Y108.999 E36.7397
G1 X100.103 Y109.238 E36.74904
G1 X100.518 Y109.634 E36.76385
G1 X101.557 Y110.687 E36.80203
G1 X102.08 Y111.249 E36.82184
G1 X102.533 Y111.775 E36.83976
G1 X102.845 Y112.187 E36.8531
G1 X102.987 Y112.482 E36.86155
G1 X103.01 Y112.751 E36.86851
G1 X102.778 Y113.271 E36.88321
G1 X102.623 Y113.659 E36.89399
G1 X102.557 Y113.94 E36.90144
G1 X102.555 Y114.221 E36.9087
G1 X102.607 Y114.686 E36.92077
G1 X102.75 Y115.123 E36.93264
G1 X102.949 Y115.482 E36.94323
G1 X103.239 Y115.837 E36.95507
G1 X103.578 Y116.127 E36.96658
G1 X103.962 Y116.348 E36.97802
G1 X104.344 Y116.477 E36.98842
G1 X104.798 Y116.53 E37.00022
G1 X105.231 Y116.481 E37.01147
G1 X105.605 Y116.368 E37.02155
G1 X105.979 Y116.19 E37.03224
G1 X106.272 Y115.996 E37.04131
G1 X106.522 Y115.798 E37.04954
G1 X106.781 Y115.432 E37.06111
G1 X107.077 Y114.793 E37.07929
G1 X107.136 Y114.218 E37.09421
G1 X107.124 Y113.829 E37.10425
G1 X107.013 Y113.452 E37.1144
G1 X106.818 Y113.081 E37.12521
G1 X106.545 Y112.721 E37.13687
G1 X106.217 Y112.401 E37.1487
G1 X105.868 Y112.155 E37.15972
G1 X105.542 Y112.008 E37.16895
G1 X105.217 Y111.952 E37.17746
G1 X104.438 Y111.956 E37.19757
G1 X104.145 Y112.068 E37.20567
G1 X103.924 Y112.077 E37.21137
G1 X103.71 Y111.977 E37.21747
G1 X103.554 Y111.832 E37.22297
G1 X103.36 Y111.49 E37.23312
G1 X103.192 Y111.108 E37.24389
G1 X103.017 Y110.659 E37.25633
G1 X102.501 Y109.198 E37.29632
G1 X101.243 Y105.905 E37.3873
G1 X99.912 Y102.284 E37.48687
G1 X99.643 Y101.579 E37.50635
G1 X98.567 Y98.89 E37.5811
G1 X97.768 Y96.798 E37.6389
G1 X96.95 Y94.436 E37.70341
G1 X96.673 Y93.684 E37.7241
G1 X96.123 Y92.334 E37.76172
G1 X95.821 Y91.488 E37.7849
G1 X95.462 Y90.623 E37.80908
G1 X95.31 Y90.212 E37.82039
G1 X94.95 Y90.279 E37.82984
G1 X93.856 Y90.539 E37.85886
G1 X92.183 Y90.82 E37.90264
G1 X91.661 Y90.885 E37.91622
G1 X90.794 Y90.96 E37.93868
G1 X88.497 Y91.257 E37.99846
G1 X87.971 Y91.312 E38.01211
G1 X87.343 Y91.36 E38.02837
G1 X86.24 Y91.398 E38.05685
G1 X85.573 Y91.447 E38.07411
G1 X83.235 Y91.669 E38.13473
G1 X82.631 Y91.704 E38.15034
G1 X82.073 Y91.717 E38.16475
G1 X80.875 Y91.722 E38.19567
G1 X77.712 Y91.78 E38.27732
G1 X77.06 Y91.783 E38.29415
G1 X75.851 Y91.764 E38.32536
G1 X73.071 Y91.661 E38.39716
G1 X71.786 Y91.629 E38.43033
G1 X71.196 Y91.595 E38.44559
G1 X68.896 Y91.422 E38.50512
G1 X68.337 Y91.394 E38.51956
G1 X67.215 Y91.367 E38.54853
G1 X66.624 Y91.323 E38.56383
G1 X66.081 Y91.261 E38.57793
G1 X63.856 Y90.964 E38.63587
G1 X63.103 Y90.888 E38.6554
G1 X62.773 Y90.844 E38.66399
G1 X61.706 Y90.647 E38.692
G1 X60.928 Y90.529 E38.71231
G1 X59.491 Y90.199 E38.75036
G1 X51.459 Y111.397 E39.33544
G1 X51.394 Y111.773 E39.34529
G1 X51.309 Y111.914 E39.34954
G1 X51.156 Y112.039 E39.35463
G1 X50.898 Y112.099 E39.36147
G1 X50.344 Y111.961 E39.37621
G1 X49.831 Y111.951 E39.38945
G1 X49.501 Y111.971 E39.39798
G1 X49.031 Y112.145 E39.41092
G1 X48.485 Y112.454 E39.42711
G1 X48.019 Y113.029 E39.44621
G1 X47.822 Y113.357 E39.45609
G1 X47.75 Y113.647 E39.4638
G1 X47.729 Y113.922 E39.47092
G1 X47.729 Y114.475 E39.48519
G1 X47.777 Y114.85 E39.49495
G1 X47.922 Y115.228 E39.5054
G1 X48.136 Y115.564 E39.51568
G1 X48.43 Y115.886 E39.52693
G1 X48.788 Y116.166 E39.53866
G1 X49.147 Y116.361 E39.54921
G1 X49.507 Y116.482 E39.55901
G1 X49.902 Y116.529 E39.56928
G1 X50.321 Y116.499 E39.58012
G1 X50.712 Y116.405 E39.5905
G1 X51.023 Y116.269 E39.59926
G1 X51.305 Y116.083 E39.60798
G1 X51.563 Y115.843 E39.61707
G1 X51.773 Y115.586 E39.62564
G1 X51.976 Y115.269 E39.63535
G1 X52.127 Y114.981 E39.64375
G1 X52.236 Y114.557 E39.65505
G1 X52.243 Y113.888 E39.67231
G1 X52.168 Y113.58 E39.6805
G1 X52.052 Y113.293 E39.68849
G1 X51.793 Y112.838 E39.702
G1 X51.799 Y112.562 E39.70912
G1 X51.896 Y112.285 E39.7167
G1 X52.122 Y112.064 E39.72486
G1 X52.528 Y111.461 E39.74362
G1 X53.244 Y110.627 E39.77199
G1 X54.089 Y109.797 E39.80256
G1 X55.059 Y108.971 E39.83544
G1 X56.085 Y108.226 E39.86817
G1 X57.199 Y107.572 E39.90151
G1 X58.226 Y107.147 E39.9302
G1 X59.166 Y106.989 E39.9548
G1 X59.96 Y106.986 E39.97529
G1 X60.714 Y107.081 E39.99491
G1 X61.474 Y107.363 E40.01583
G1 X62.153 Y107.81 E40.03681
G1 X62.701 Y108.343 E40.05654
G1 X63.185 Y109.027 E40.07817
G1 X63.523 Y109.741 E40.09856
G1 X63.744 Y110.525 E40.11958
G1 X63.823 Y111.381 E40.14177
G1 X63.823 Y112.829 E40.17914
G1 X63.798 Y113.227 E40.18943
G1 X63.734 Y113.73 E40.20252
G1 X63.634 Y114.32 E40.21796
G1 X63.515 Y114.937 E40.23418
G1 X63.375 Y115.57 E40.25091
G1 X63.239 Y116.109 E40.26526
G1 X63.111 Y116.528 E40.27657
G1 X63.005 Y116.765 E40.28327
G1 X62.873 Y117.258 E40.29644
G1 X62.753 Y117.428 E40.30181
G1 X62.572 Y117.539 E40.30729
G1 X62.102 Y117.573 E40.31946
G1 X61.723 Y117.665 E40.32952
G1 X61.411 Y117.823 E40.33855
G1 X60.964 Y118.134 E40.3526
G1 X60.663 Y118.526 E40.36536
G1 X60.44 Y118.861 E40.37575
G1 X60.283 Y119.238 E40.38629
G1 X60.282 Y120.273 E40.413
G1 X60.338 Y120.549 E40.42027
G1 X60.492 Y120.871 E40.42948
G1 X60.706 Y121.188 E40.43935
G1 X60.885 Y121.392 E40.44636
G1 X61.117 Y121.594 E40.4543
G1 X61.441 Y121.821 E40.46451
G1 X61.774 Y122.002 E40.47429
G1 X62.011 Y122.07 E40.48065
G1 X62.502 Y122.075 E40.49333
G1 X62.877 Y122.059 E40.50301
G1 X63.305 Y121.968 E40.51431
G1 X63.743 Y121.761 E40.52681
G1 X64.041 Y121.55 E40.53623
G1 X64.298 Y121.302 E40.54545
G1 X64.459 Y121.03 E40.55361
G1 X64.691 Y120.415 E40.57058
G1 X64.795 Y120.225 E40.57617
G1 X64.785 Y119.922 E40.58399
G1 X64.748 Y119.563 E40.5933
G1 X64.676 Y119.154 E40.60402
G1 X64.579 Y118.813 E40.61317
G1 X64.454 Y118.522 E40.62135
G1 X64.313 Y118.31 E40.62792
G1 X64.15 Y118.157 E40.63369
G1 X63.965 Y118.064 E40.63903
G1 X63.808 Y117.911 E40.64469
G1 X63.743 Y117.752 E40.64913
G1 X63.746 Y117.521 E40.65509
G1 X64.026 Y116.899 E40.67269
G1 X64.156 Y116.529 E40.68282
G1 X64.363 Y116.09 E40.69534
G1 X64.636 Y115.582 E40.71023
G1 X64.95 Y115.049 E40.72619
G1 X65.277 Y114.528 E40.74207
G1 X65.592 Y114.049 E40.75687
G1 X65.879 Y113.641 E40.76974
G1 X66.109 Y113.346 E40.7794
G1 X66.415 Y112.99 E40.79151
G1 X66.77 Y112.612 E40.8049
G1 X67.174 Y112.234 E40.81918
G1 X67.609 Y111.895 E40.83341
G1 X68.064 Y111.606 E40.84732
G1 X68.668 Y111.333 E40.86443
G1 X69.228 Y111.18 E40.87941
G1 X69.887 Y111.119 E40.89649
G1 X70.466 Y111.163 E40.91148
G1 X70.988 Y111.287 E40.92533
G1 X71.461 Y111.464 E40.93836
G1 X71.89 Y111.67 E40.95065
G1 X72.303 Y111.904 E40.9629
G1 X72.692 Y112.159 E40.9749
G1 X73.005 Y112.39 E40.98494
G1 X73.295 Y112.628 E40.99463
G1 X73.615 Y112.929 E41.00596
G1 X73.919 Y113.265 E41.01766
G1 X74.156 Y113.567 E41.02757
G1 X74.413 Y113.942 E41.0393
G1 X74.637 Y114.306 E41.05033
G1 X74.829 Y114.652 E41.06054
G1 X75.223 Y115.447 E41.08345
G1 X75.54 Y116.23 E41.10525
G1 X75.812 Y117.09 E41.12853
G1 X76.045 Y118.027 E41.15345
G1 X76.253 Y119.072 E41.18095
G1 X76.427 Y120.175 E41.20977
G1 X76.541 Y121.193 E41.23621
G1 X76.618 Y122.257 E41.26374
G1 X76.643 Y123.256 E41.28953
G1 X76.644 Y124.523 E41.32223
G1 F992.2 X76.505 Y124.885 E41.33434
G1 F851.4 X76.068 Y125.092 E41.35193
G1 F872.7 X75.777 Y125.377 E41.36638
G1 F912.1 X75.57 Y125.637 E41.37767
G1 F952.9 X75.395 Y125.941 E41.38907
G1 F992.2 X75.262 Y126.248 E41.39951
G1 F1021.3 X75.166 Y126.614 E41.41099
G1 F1043.5 X75.131 Y126.931 E41.42045
G1 F1097.1 X75.172 Y127.378 E41.43313
G1 F1163.6 X75.35 Y127.916 E41.44821
G1 F1242.7 X75.667 Y128.429 E41.46324
G1 F1306.1 X75.881 Y128.636 E41.4703
G1 F1371.4 X76.13 Y128.817 E41.47725
G1 F1438.2 X76.521 Y129.039 E41.48693
G1 F1386.3 X76.921 Y129.201 E41.49657
G1 F1347.4 X77.242 Y129.252 E41.50405
G1 F1371.4 X77.769 Y129.204 E41.516
G1 F1376.3 X78.144 Y129.101 E41.52475
G0 F6000 X78.232 Y129.346
;TYPE:WALL-OUTER
G1 F1200 X78.603 Y129.178 E41.53526
G1 X78.958 Y128.95 E41.54615
G1 X79.268 Y128.68 E41.55676
G1 X79.524 Y128.376 E41.56702
G1 X79.722 Y128.036 E41.57717
G1 X79.841 Y127.691 E41.58659
G1 X79.975 Y126.742 E41.61133
G1 X79.931 Y126.33 E41.62202
G1 X79.837 Y126.021 E41.63036
G1 X79.685 Y125.703 E41.63945
G1 X79.48 Y125.38 E41.64933
G1 X79.259 Y125.116 E41.65821
G1 X78.999 Y124.877 E41.66733
G1 X78.768 Y124.726 E41.67445
G1 X78.546 Y124.639 E41.68061
G1 X78.434 Y124.525 E41.68473
G1 X78.434 Y123.854 E41.70205
G1 X78.455 Y123.059 E41.72258
G1 X78.518 Y122.057 E41.74849
G1 X78.623 Y120.888 E41.77878
G1 X78.749 Y119.804 E41.80695
G1 X78.918 Y118.644 E41.8372
G1 X79.116 Y117.647 E41.86344
G1 X79.329 Y116.893 E41.88366
G1 X79.57 Y116.417 E41.89743
G1 X79.65 Y116.032 E41.90758
G1 X79.823 Y115.562 E41.92051
G1 X80.044 Y115.103 E41.93365
G1 X80.316 Y114.619 E41.94798
G1 X80.609 Y114.158 E41.96208
G1 X80.895 Y113.748 E41.97498
G1 X81.183 Y113.379 E41.98707
G1 X81.409 Y113.129 E41.99576
G1 X81.924 Y112.64 E42.01409
G1 X82.36 Y112.295 E42.02844
G1 X82.943 Y111.948 E42.04595
G1 X83.55 Y111.704 E42.06284
G1 X84.155 Y111.509 E42.07925
G1 X84.454 Y111.437 E42.08718
G1 X84.824 Y111.377 E42.09686
G1 X85.753 Y111.47 E42.12095
G1 X86.711 Y111.905 E42.14811
G1 X87.017 Y112.097 E42.15743
G1 X87.45 Y112.426 E42.17147
G1 X88.043 Y113.022 E42.19317
G1 X88.232 Y113.229 E42.2004
G1 X88.54 Y113.598 E42.21281
G1 X88.861 Y114.026 E42.22662
G1 X89.057 Y114.309 E42.2355
G1 X89.639 Y115.232 E42.26367
G1 X89.963 Y115.787 E42.28025
G1 X90.259 Y116.338 E42.2964
G1 X90.517 Y116.865 E42.31154
G1 X90.704 Y117.345 E42.32484
G1 X90.771 Y117.623 E42.33222
G1 X90.738 Y117.788 E42.33656
G1 X90.483 Y117.974 E42.34471
G1 X90.231 Y118.278 E42.3549
G1 X90.068 Y118.518 E42.36238
G1 X89.924 Y118.777 E42.37003
G1 X89.767 Y119.157 E42.38065
G1 X89.72 Y119.519 E42.39007
G1 X89.72 Y119.975 E42.40184
G1 X89.771 Y120.378 E42.41232
G1 X89.922 Y120.813 E42.4242
G1 X90.153 Y121.216 E42.43619
G1 X90.45 Y121.578 E42.44828
G1 X90.776 Y121.883 E42.4598
G1 X91.185 Y122.145 E42.47234
G1 X91.551 Y122.292 E42.48252
G1 X91.96 Y122.354 E42.49319
G1 X92.29 Y122.355 E42.50171
G1 X92.577 Y122.343 E42.50913
G1 X92.851 Y122.308 E42.51626
G1 X93.206 Y122.227 E42.52565
G1 X93.677 Y121.976 E42.53943
G1 X93.903 Y121.802 E42.54679
G1 X94.327 Y121.371 E42.56239
G1 X94.617 Y120.919 E42.57625
G1 X94.777 Y120.353 E42.59144
G1 X94.861 Y120.163 E42.5968
G1 X94.856 Y119.832 E42.60534
G1 X94.835 Y119.526 E42.61326
G1 X94.794 Y119.242 E42.62066
G1 X94.668 Y118.824 E42.63193
G1 X94.538 Y118.56 E42.63953
G1 X94.182 Y118.067 E42.65522
G1 X93.836 Y117.774 E42.66692
G1 X93.625 Y117.622 E42.67364
G1 X93.405 Y117.488 E42.68028
G1 X93.066 Y117.324 E42.69
G1 X92.755 Y117.28 E42.69811
G1 X92.345 Y117.278 E42.70869
G1 X92.256 Y117.243 E42.71116
G1 X92.188 Y117.157 E42.71399
G1 X92.105 Y116.781 E42.72393
G1 X91.674 Y115.325 E42.76312
G1 X91.562 Y114.858 E42.77551
G1 X91.443 Y114.254 E42.7914
G1 X91.344 Y113.655 E42.80707
G1 X91.265 Y112.958 E42.82518
G1 X91.206 Y111.616 E42.85985
G1 X91.596 Y109.862 E42.90622
G1 X91.765 Y109.373 E42.91958
G1 X92.024 Y108.91 E42.93327
G1 X92.376 Y108.461 E42.948
G1 X92.782 Y108.08 E42.96237
G1 X93.277 Y107.736 E42.97792
G1 X93.812 Y107.48 E42.99323
G1 X94.38 Y107.318 E43.00848
G1 X95.028 Y107.256 E43.02528
G1 X95.886 Y107.313 E43.04747
G1 X96.529 Y107.442 E43.0644
G1 X97.162 Y107.651 E43.0816
G1 X97.738 Y107.914 E43.09795
G1 X98.255 Y108.205 E43.11326
G1 X98.759 Y108.538 E43.12885
G1 X99.219 Y108.876 E43.14358
G1 X99.646 Y109.21 E43.15757
G1 X99.91 Y109.441 E43.16663
G1 X100.319 Y109.831 E43.18121
G1 X101.352 Y110.878 E43.21918
G1 X101.868 Y111.432 E43.23872
G1 X102.31 Y111.945 E43.25619
G1 X102.611 Y112.341 E43.26903
G1 X102.749 Y112.631 E43.27732
G1 X102.52 Y113.161 E43.29222
G1 X102.355 Y113.575 E43.30372
G1 X102.277 Y113.906 E43.3125
G1 X102.275 Y114.235 E43.32099
G1 X102.332 Y114.746 E43.33426
G1 X102.492 Y115.235 E43.34754
G1 X102.716 Y115.64 E43.35949
G1 X103.038 Y116.034 E43.37262
G1 X103.416 Y116.356 E43.38544
G1 X103.845 Y116.604 E43.39823
G1 X104.283 Y116.752 E43.41016
G1 X104.872 Y116.821 E43.42547
G1 X105.294 Y116.755 E43.43649
G1 X105.706 Y116.629 E43.44761
G1 X106.117 Y116.435 E43.45934
G1 X106.437 Y116.223 E43.46925
G1 X106.728 Y115.993 E43.47882
G1 X106.954 Y115.673 E43.48893
G1 X107.083 Y115.448 E43.49563
G1 X107.351 Y114.868 E43.51212
G1 X107.416 Y114.228 E43.52872
G1 X107.402 Y113.784 E43.54018
G1 X107.274 Y113.347 E43.55194
G1 X107.055 Y112.93 E43.56409
G1 X106.755 Y112.535 E43.5769
G1 X106.396 Y112.185 E43.58984
G1 X106.008 Y111.911 E43.6021
G1 X105.624 Y111.738 E43.61297
G1 X105.241 Y111.672 E43.623
G1 X104.385 Y111.676 E43.64509
G1 X104.007 Y111.823 E43.65556
G1 X103.776 Y111.661 E43.66284
G1 X103.616 Y111.377 E43.67125
G1 X103.453 Y111.005 E43.68174
G1 X103.281 Y110.565 E43.69393
G1 X102.763 Y109.099 E43.73406
G1 X101.506 Y105.809 E43.82496
G1 X100.173 Y102.185 E43.92462
G1 X99.903 Y101.475 E43.94423
G1 X98.829 Y98.79 E44.01887
G1 X98.033 Y96.706 E44.07644
G1 X97.213 Y94.339 E44.1411
G1 X96.934 Y93.583 E44.1619
G1 X96.387 Y92.24 E44.19932
G1 X96.066 Y91.344 E44.22389
G1 X95.725 Y90.526 E44.24676
G1 X95.49 Y89.894 E44.26417
G1 X94.885 Y90.006 E44.28005
G1 X93.779 Y90.269 E44.30939
G1 X92.148 Y90.542 E44.35207
G1 X91.637 Y90.606 E44.36536
G1 X90.764 Y90.681 E44.38798
G1 X88.467 Y90.978 E44.44775
G1 X87.949 Y91.033 E44.4612
G1 X87.333 Y91.08 E44.47714
G1 X86.225 Y91.118 E44.50576
G1 X85.656 Y91.159 E44.52048
G1 X83.218 Y91.389 E44.58369
G1 X82.625 Y91.424 E44.59902
G1 X82.072 Y91.437 E44.61329
G1 X80.874 Y91.442 E44.64422
G1 X77.71 Y91.5 E44.72589
G1 X77.064 Y91.503 E44.74256
G1 X75.861 Y91.484 E44.77362
G1 X73.079 Y91.381 E44.84547
G1 X71.802 Y91.349 E44.87844
G1 X71.217 Y91.316 E44.89356
G1 X68.913 Y91.142 E44.9532
G1 X68.347 Y91.114 E44.96782
G1 X67.236 Y91.088 E44.99651
G1 X66.656 Y91.045 E45.01152
G1 X66.118 Y90.984 E45.02549
G1 X63.888 Y90.686 E45.08356
G1 X63.14 Y90.611 E45.10296
G1 X62.823 Y90.568 E45.11122
G1 X61.752 Y90.371 E45.13932
G1 X60.991 Y90.256 E45.15919
G1 X59.696 Y89.958 E45.19349
G1 X59.308 Y89.896 E45.20363
G1 X51.187 Y111.323 E45.79504
G1 X51.12 Y111.716 E45.80533
G1 X50.929 Y111.813 E45.81086
G1 X50.381 Y111.682 E45.8254
G1 X49.825 Y111.671 E45.83976
G1 X49.442 Y111.693 E45.84966
G1 X48.912 Y111.89 E45.86425
G1 X48.301 Y112.237 E45.88239
G1 X47.789 Y112.868 E45.90336
G1 X47.56 Y113.245 E45.91475
G1 X47.473 Y113.602 E45.92423
G1 X47.449 Y113.911 E45.93223
G1 X47.449 Y114.494 E45.94728
G1 X47.504 Y114.919 E45.95834
G1 X47.671 Y115.355 E45.97039
G1 X47.913 Y115.734 E45.98199
G1 X48.239 Y116.092 E45.99449
G1 X48.634 Y116.401 E46.00743
G1 X49.035 Y116.618 E46.0192
G1 X49.445 Y116.756 E46.03037
G1 X49.895 Y116.811 E46.04207
G1 X50.364 Y116.776 E46.05421
G1 X50.802 Y116.671 E46.06583
G1 X51.158 Y116.516 E46.07585
G1 X51.478 Y116.304 E46.08576
G1 X51.767 Y116.035 E46.09595
G1 X52 Y115.751 E46.10543
G1 X52.218 Y115.41 E46.11588
G1 X52.39 Y115.082 E46.12544
G1 X52.516 Y114.593 E46.13847
G1 X52.523 Y113.856 E46.15749
G1 X52.436 Y113.494 E46.1671
G1 X52.304 Y113.17 E46.17613
G1 X52.067 Y112.755 E46.18847
G1 X52.127 Y112.457 E46.19631
G1 X52.338 Y112.246 E46.20401
G1 X52.775 Y111.599 E46.22416
G1 X53.441 Y110.827 E46.25048
G1 X54.271 Y110.01 E46.28054
G1 X55.224 Y109.198 E46.31285
G1 X56.266 Y108.442 E46.34608
G1 X57.281 Y107.843 E46.3765
G1 X58.325 Y107.414 E46.40563
G1 X59.212 Y107.265 E46.42884
G1 X59.927 Y107.264 E46.4473
G1 X60.668 Y107.359 E46.46658
G1 X61.344 Y107.614 E46.48523
G1 X61.976 Y108.028 E46.50473
G1 X62.51 Y108.551 E46.52402
G1 X62.942 Y109.166 E46.54342
G1 X63.266 Y109.854 E46.56305
G1 X63.473 Y110.604 E46.58313
G1 X63.543 Y111.381 E46.60326
G1 X63.543 Y112.829 E46.64063
G1 X63.517 Y113.221 E46.65077
G1 X63.458 Y113.683 E46.6628
G1 X63.359 Y114.266 E46.67806
G1 X63.241 Y114.877 E46.69412
G1 X63.103 Y115.502 E46.71064
G1 X62.954 Y116.085 E46.72617
G1 X62.843 Y116.442 E46.73582
G1 X62.739 Y116.673 E46.74236
G1 X62.616 Y117.149 E46.75505
G1 X62.488 Y117.267 E46.75954
G1 X62.06 Y117.295 E46.77061
G1 X61.625 Y117.4 E46.78216
G1 X61.267 Y117.582 E46.79253
G1 X60.768 Y117.929 E46.80821
G1 X60.435 Y118.363 E46.82233
G1 X60.192 Y118.728 E46.83365
G1 X60.003 Y119.182 E46.84634
G1 X60.002 Y120.301 E46.87522
G1 X60.071 Y120.638 E46.8841
G1 X60.248 Y121.011 E46.89476
G1 X60.484 Y121.359 E46.90561
G1 X60.687 Y121.591 E46.91357
G1 X60.945 Y121.815 E46.92238
G1 X61.293 Y122.059 E46.93335
G1 X61.668 Y122.263 E46.94437
G1 X61.971 Y122.35 E46.95251
G1 X62.506 Y122.355 E46.96632
G1 X62.777 Y122.343 E46.97332
G1 X63.045 Y122.309 E46.98029
G1 X63.395 Y122.235 E46.98952
G1 X63.884 Y122.004 E47.00348
G1 X64.22 Y121.766 E47.01411
G1 X64.519 Y121.477 E47.02484
G1 X64.712 Y121.152 E47.0346
G1 X64.937 Y120.55 E47.05119
G1 X65.077 Y120.294 E47.05872
G1 X65.065 Y119.903 E47.06881
G1 X65.025 Y119.524 E47.07865
G1 X64.949 Y119.091 E47.09
G1 X64.844 Y118.719 E47.09997
G1 X64.701 Y118.388 E47.10928
G1 X64.529 Y118.128 E47.11732
G1 X64.311 Y117.924 E47.12503
G1 X64.085 Y117.807 E47.1316
G1 X64.018 Y117.694 E47.13499
G1 X64.019 Y117.607 E47.13723
G1 X64.286 Y117.002 E47.1543
G1 X64.409 Y116.648 E47.16398
G1 X64.61 Y116.223 E47.17611
G1 X64.878 Y115.724 E47.19073
G1 X65.187 Y115.198 E47.20647
G1 X65.511 Y114.682 E47.2222
G1 X65.822 Y114.21 E47.23679
G1 X66.1 Y113.813 E47.2493
G1 X66.322 Y113.528 E47.25862
G1 X66.619 Y113.182 E47.27039
G1 X66.962 Y112.816 E47.28334
G1 X67.348 Y112.454 E47.29699
G1 X67.759 Y112.132 E47.31047
G1 X68.216 Y111.842 E47.32444
G1 X68.732 Y111.606 E47.33908
G1 X69.278 Y111.456 E47.3537
G1 X69.934 Y111.399 E47.37069
G1 X70.452 Y111.444 E47.38411
G1 X70.879 Y111.546 E47.39544
G1 X71.34 Y111.717 E47.40814
G1 X71.752 Y111.913 E47.41991
G1 X72.155 Y112.142 E47.43187
G1 X72.525 Y112.385 E47.4433
G1 X72.846 Y112.622 E47.4536
G1 X73.103 Y112.833 E47.46218
G1 X73.429 Y113.139 E47.47372
G1 X73.699 Y113.438 E47.48412
G1 X73.943 Y113.75 E47.49434
G1 X74.175 Y114.089 E47.50494
G1 X74.386 Y114.43 E47.51529
G1 X74.578 Y114.777 E47.52553
G1 X74.976 Y115.58 E47.54866
G1 X75.273 Y116.315 E47.56912
G1 X75.54 Y117.157 E47.59192
G1 X75.775 Y118.103 E47.61708
G1 X75.976 Y119.116 E47.64373
G1 X76.148 Y120.206 E47.67221
G1 X76.263 Y121.232 E47.69886
G1 X76.338 Y122.264 E47.72557
G1 X76.363 Y123.256 E47.75118
G1 X76.36 Y124.495 E47.78316
G1 X76.288 Y124.614 E47.78675
G1 X76.019 Y124.73 E47.79431
G1 X75.772 Y124.904 E47.8021
G1 X75.521 Y125.158 E47.81132
G1 X75.296 Y125.461 E47.82106
G1 X75.106 Y125.805 E47.8312
G1 X74.967 Y126.152 E47.84085
G1 X74.862 Y126.562 E47.85178
G1 X74.829 Y126.926 E47.86121
G1 X74.843 Y127.189 E47.86801
G1 X74.919 Y127.575 E47.87816
G1 X75.118 Y128.057 E47.89162
G1 X75.458 Y128.6 E47.90816
G1 X75.716 Y128.844 E47.91732
G1 X75.991 Y129.028 E47.92586
G1 X76.266 Y129.191 E47.93411
G1 X76.501 Y129.31 E47.94091
G1 X76.85 Y129.458 E47.95069
G1 X77.135 Y129.499 E47.95813
G1 X77.396 Y129.5 E47.96486
G1 X77.816 Y129.46 E47.97575
G1 X78.232 Y129.346 E47.98688
G0 F6000 X78.005 Y128.581
G1 F1200 X77.583 Y128.694 E47.99816
G1 X77.175 Y128.693 E48.00869
G1 X76.755 Y128.577 E48.01994
G1 X76.418 Y128.382 E48.02998
G1 X76.114 Y128.081 E48.04103
G1 X75.911 Y127.732 E48.05145
G1 X75.794 Y127.301 E48.06297
G1 X75.794 Y126.905 E48.07319
G1 X75.904 Y126.491 E48.08425
G1 X76.1 Y126.148 E48.09445
G1 X76.405 Y125.833 E48.10576
G1 X76.745 Y125.636 E48.11591
G1 X77.152 Y125.52 E48.12683
G1 X77.59 Y125.514 E48.13813
G1 X78.023 Y125.636 E48.14974
G1 X78.376 Y125.845 E48.16033
G1 X78.664 Y126.141 E48.17099
G1 X78.855 Y126.471 E48.18083
G1 X78.975 Y126.897 E48.19226
G1 X78.974 Y127.313 E48.20299
G1 X78.869 Y127.704 E48.21344
G1 X78.644 Y128.093 E48.22504
G1 X78.34 Y128.388 E48.23597
G1 X78.005 Y128.581 E48.24595
G1 F2700 E41.24595
G0 F6000 X78.133 Y128.805
G0 X79.647 Y127.649
G0 X78.671 Y124.9
G0 X78.241 Y124.725
G0 X78.32 Y122.045
G0 X78.722 Y118.615
G0 X79.149 Y116.801
G0 X79.865 Y115.015
G0 X80.739 Y113.625
G0 X81.273 Y112.984
G0 X82.242 Y112.135
G0 X82.86 Y111.766
G0 X84.403 Y111.243
G0 X84.836 Y111.174
G0 X85.841 Y111.28
G0 X87.139 Y111.941
G0 X87.583 Y112.277
G0 X88.692 Y113.469
G0 X89.813 Y115.135
G0 X90.697 Y116.78
G0 X90.892 Y117.274
G0 X91.019 Y117.841
G0 X89.919 Y119.53
G0 X90.289 Y120.646
G0 X90.742 Y121.304
G0 X91.369 Y121.787
G0 X91.99 Y121.953
G0 X92.678 Y121.937
G0 X93.064 Y121.848
G0 X93.55 Y121.589
G0 X94.011 Y121.12
G0 X94.247 Y120.752
G0 X94.47 Y120.054
G0 X94.425 Y119.407
G0 X94.26 Y118.862
G0 X93.303 Y117.66
G0 X92.055 Y117.469
G0 X91.367 Y114.903
G0 X91.067 Y112.983
G0 X91.006 Y111.603
G0 X91.403 Y109.815
G0 X91.579 Y109.299
G0 X91.856 Y108.8
G0 X92.228 Y108.328
G0 X92.664 Y107.917
G0 X93.17 Y107.567
G0 X93.727 Y107.299
G0 X94.328 Y107.124
G0 X95.042 Y107.056
G0 X95.9 Y107.113
G0 X96.587 Y107.251
G0 X97.817 Y107.731
G0 X98.867 Y108.373
G0 X99.818 Y109.118
G0 X102.7 Y111.894
G0 X102.986 Y111.679
;TYPE:SKIN
G1 F2700 E48.24595
G1 F848.1 X103.188 Y111.987 E48.26277
G1 F877.5 X103.228 Y112.066 E48.26667
G0 F6000 X102.922 Y112.213
G0 X103.13 Y112.782
G0 X102.678 Y113.955
G0 X102.725 Y114.66
G0 X102.861 Y115.075
G0 X103.325 Y115.752
G0 X103.648 Y116.028
G0 X104.058 Y116.216
G0 X104.774 Y116.465
G0 X104.804 Y116.203
G1 F1200 X104.412 Y116.157 E48.27941
G1 X104.093 Y116.05 E48.29026
G1 X103.772 Y115.865 E48.30222
G1 X103.467 Y115.604 E48.31517
G1 X103.222 Y115.303 E48.32769
G1 X103.047 Y114.986 E48.33937
G1 X102.927 Y114.621 E48.35177
G1 X102.863 Y114.055 E48.37014
G1 X102.933 Y113.762 E48.37986
G1 X103.064 Y113.43 E48.39138
G1 X103.336 Y112.813 E48.41313
G1 X103.301 Y112.421 E48.42583
G1 F1145.6 X103.303 Y112.352 E48.42816
G1 F969.7 X103.228 Y112.066 E48.43996
G1 X103.477 Y112.23 E48.45187
G1 F1145.6 X103.543 Y112.251 E48.45421
G1 F1200 X103.862 Y112.4 E48.46557
G1 X104.232 Y112.38 E48.47752
G1 X104.5 Y112.28 E48.48675
G1 X105.195 Y112.277 E48.50917
G1 X105.442 Y112.32 E48.51726
G1 X105.704 Y112.438 E48.52653
G1 X106.013 Y112.655 E48.53871
G1 X106.298 Y112.932 E48.55154
G1 X106.545 Y113.261 E48.56481
G1 X106.708 Y113.569 E48.57605
G1 X106.8 Y113.883 E48.58661
G1 X106.811 Y114.201 E48.59687
G1 X106.76 Y114.705 E48.61322
G1 X106.497 Y115.271 E48.63335
G1 X106.28 Y115.576 E48.64543
G1 X106.084 Y115.732 E48.65351
G1 X105.825 Y115.903 E48.66352
G1 X105.488 Y116.064 E48.67557
G1 X105.159 Y116.162 E48.68665
G1 X104.804 Y116.203 E48.69818
G1 F2700 E41.69818
G0 F6000 X104.774 Y116.465
G0 X103.521 Y116.186
G0 X102.528 Y114.705
G0 X102.967 Y112.634
G0 X102.785 Y112.242
G0 X101.492 Y110.739
G0 X99.771 Y109.055
G0 X98.367 Y108.041
G0 X97.227 Y107.463
G0 X96.587 Y107.251
G0 X95.9 Y107.113
G0 X95.042 Y107.056
G0 X94.328 Y107.124
G0 X93.727 Y107.299
G0 X93.17 Y107.567
G0 X92.664 Y107.917
G0 X92.228 Y108.328
G0 X91.856 Y108.8
G0 X91.579 Y109.299
G0 X91.403 Y109.815
G0 X91.006 Y111.603
G0 X91.147 Y113.68
G0 X91.484 Y115.383
G0 X92.055 Y117.469
G0 X93.712 Y117.929
G0 X94.64 Y119.564
G0 X94.092 Y121.358
G0 X92.71 Y121.992
G0 X92.652 Y121.734
G1 F2700 E48.69818
G1 F1200 X92.277 Y121.751 E48.71029
G1 X92.011 Y121.75 E48.71887
G1 X91.712 Y121.704 E48.72863
G1 X91.456 Y121.602 E48.73752
G1 X91.154 Y121.408 E48.7491
G1 X90.889 Y121.161 E48.76079
G1 X90.649 Y120.867 E48.77303
G1 X90.475 Y120.564 E48.78431
G1 X90.364 Y120.243 E48.79526
G1 X90.325 Y119.932 E48.80538
G1 X90.325 Y119.565 E48.81722
G1 X90.358 Y119.309 E48.82554
G1 X90.482 Y119.022 E48.83563
G1 X90.645 Y118.724 E48.84659
G1 X90.895 Y118.425 E48.85916
G1 X91.135 Y118.247 E48.8688
G1 X91.32 Y117.966 E48.87966
G1 F1021.3 X91.5 Y117.448 E48.90045
G1 X91.949 Y117.758 E48.92113
G1 F1200 X92.265 Y117.877 E48.93202
G1 X92.838 Y117.886 E48.95051
G1 X93.113 Y118.019 E48.96037
G1 X93.462 Y118.25 E48.97387
G1 X93.754 Y118.5 E48.98627
G1 X94.075 Y118.951 E49.00413
G1 X94.225 Y119.45 E49.02094
G1 X94.264 Y120.019 E49.03934
G1 X94.211 Y120.141 E49.04363
G1 X94.057 Y120.672 E49.06147
G1 X93.855 Y120.987 E49.07354
G1 X93.423 Y121.424 E49.09337
G1 X92.992 Y121.656 E49.10916
G1 X92.652 Y121.734 E49.12041
G0 F6000 X92.71 Y121.992
G0 X93.55 Y121.589
G0 X94.011 Y121.12
G0 X94.247 Y120.752
G0 X94.47 Y120.054
G0 X94.425 Y119.407
G0 X94.26 Y118.862
G0 X93.905 Y118.358
G0 X93.213 Y117.841
G0 X92.887 Y117.684
G0 X92.074 Y117.475
G0 X91.856 Y117.267
G0 X91.494 Y117.444
G1 F686.7 X91.358 Y116.93 E49.15039
G1 F654.8 X91.23 Y116.557 E49.1737
G1 F601.5 X91.004 Y115.975 E49.21389
G1 F2700 E42.21389
G0 F6000 X90.566 Y116.189
G0 X88.692 Y113.469
G0 X87.583 Y112.277
G0 X86.797 Y111.726
G0 X85.841 Y111.28
G0 X84.836 Y111.174
G0 X83.783 Y111.413
G0 X82.86 Y111.766
G0 X82.242 Y112.135
G0 X81.273 Y112.984
G0 X80.44 Y114.051
G0 X78.961 Y116.725
G0 X78.033 Y123.842
G0 X78.33 Y125.118
G0 X78.725 Y125.333
G0 X76.614 Y125.084
G0 X76.372 Y119.054
G0 X75.436 Y116.193
G0 X74.768 Y114.709
G0 X74.101 Y113.628
G0 X73.242 Y112.689
G0 X72.252 Y111.968
G0 X71.405 Y111.528
G0 X70.473 Y111.246
G0 X69.916 Y111.197
G0 X69.226 Y111.262
G0 X68.656 Y111.422
G0 X68.119 Y111.668
G0 X67.209 Y112.312
G0 X66.165 Y113.404
G0 X64.047 Y116.476
G0 X63.706 Y117.976
G0 X64.295 Y118.461
G0 X64.558 Y119.182
G0 X64.672 Y120.195
G0 X64.202 Y121.226
G0 X63.682 Y121.656
G0 X63.266 Y121.852
G0 X62.642 Y121.956
G0 X62.029 Y121.949
G0 X61.505 Y121.718
G0 X60.802 Y121.114
G0 X60.454 Y120.51
G0 X60.403 Y120.26
G0 X60.404 Y119.263
G0 X60.761 Y118.597
G0 X61.049 Y118.223
G0 X61.766 Y117.779
G0 X62.833 Y117.518
G0 X63.55 Y114.327
G0 X63.741 Y112.845
G0 X63.741 Y111.362
G0 X63.668 Y110.554
G0 X63.451 Y109.779
G0 X63.11 Y109.057
G0 X62.649 Y108.406
G0 X62.085 Y107.856
G0 X61.435 Y107.435
G0 X60.697 Y107.158
G0 X59.922 Y107.064
G0 X59.213 Y107.064
G0 X58.247 Y107.227
G0 X57.208 Y107.656
G0 X56.146 Y108.282
G0 X55.098 Y109.045
G0 X54.13 Y109.87
G0 X53.289 Y110.699
G0 X51.942 Y112.352
G0 X51.838 Y112.747
G0 X52.317 Y114.572
G0 X51.742 Y115.495
G0 X51.017 Y116.201
G0 X50.872 Y115.982
G1 F2700 E49.21389
G1 F1200 X50.608 Y116.096 E49.22316
G1 X50.274 Y116.176 E49.23425
G1 X49.91 Y116.204 E49.24602
G1 X49.575 Y116.162 E49.25692
G1 X49.284 Y116.064 E49.26682
G1 X48.97 Y115.894 E49.27834
G1 X48.647 Y115.642 E49.29156
G1 X48.397 Y115.367 E49.30355
G1 X48.215 Y115.081 E49.31449
G1 X48.094 Y114.766 E49.32537
G1 X48.054 Y114.45 E49.33565
G1 X48.053 Y113.776 E49.35739
G1 X48.125 Y113.484 E49.3671
G1 X48.288 Y113.211 E49.37735
G1 X48.698 Y112.705 E49.39837
G1 X49.163 Y112.443 E49.41559
G1 X49.569 Y112.292 E49.42956
G1 X49.839 Y112.276 E49.43829
G1 X50.301 Y112.285 E49.45319
G1 X50.89 Y112.429 E49.47276
G1 F1197 X51.304 Y112.334 E49.48649
G1 F1162.2 X51.587 Y112.13 E49.49812
G1 X51.481 Y112.487 E49.51052
G1 F1197 X51.472 Y112.916 E49.5244
G1 F1200 X51.757 Y113.43 E49.54336
G1 X51.857 Y113.674 E49.55187
G1 X51.918 Y113.926 E49.56023
G1 X51.912 Y114.513 E49.57917
G1 X51.823 Y114.863 E49.59082
G1 X51.698 Y115.103 E49.59955
G1 X51.513 Y115.392 E49.61062
G1 X51.328 Y115.616 E49.62
G1 X51.098 Y115.83 E49.63013
G1 X50.872 Y115.982 E49.63892
G1 F2700 E42.63892
G0 F6000 X51.017 Y116.201
G0 X52.203 Y115.014
G0 X52.123 Y113.254
G0 X51.838 Y112.747
G0 X51.942 Y112.352
G0 X53.289 Y110.699
G0 X54.13 Y109.87
G0 X55.098 Y109.045
G0 X56.146 Y108.282
G0 X57.208 Y107.656
G0 X58.247 Y107.227
G0 X59.213 Y107.064
G0 X59.922 Y107.064
G0 X60.697 Y107.158
G0 X61.435 Y107.435
G0 X62.085 Y107.856
G0 X62.649 Y108.406
G0 X63.11 Y109.057
G0 X63.451 Y109.779
G0 X63.668 Y110.554
G0 X63.741 Y111.362
G0 X63.715 Y113.232
G0 X62.997 Y117.286
G0 X62.12 Y117.692
G0 X61.474 Y117.926
G0 X61.049 Y118.223
G0 X60.547 Y118.919
G0 X60.404 Y119.263
G0 X60.403 Y120.26
G0 X60.597 Y120.811
G0 X60.97 Y121.307
G0 X61.82 Y121.89
G0 X62.978 Y121.914
G0 X63.266 Y121.852
G0 X63.964 Y121.456
G0 X64.202 Y121.226
G0 X64.672 Y120.195
G0 X64.558 Y119.182
G0 X64.295 Y118.461
G0 X63.693 Y117.845
G0 X64.119 Y116.465
G0 X63.718 Y116.275
G1 F2700 E49.63892
G1 F640 X63.567 Y116.715 E49.66706
G1 F651.3 X63.474 Y116.923 E49.6806
G1 F687.7 X63.304 Y117.412 E49.70975
G0 F6000 X62.943 Y117.261
G0 X62.607 Y117.657
G0 X61.766 Y117.779
G0 X61.049 Y118.223
G0 X60.547 Y118.919
G0 X60.404 Y119.263
G0 X60.403 Y120.26
G0 X60.597 Y120.811
G0 X60.97 Y121.307
G0 X61.82 Y121.89
G0 X62.798 Y121.92
G0 X63.691 Y121.718
G0 X63.579 Y121.478
G1 F1200 X63.196 Y121.659 E49.72342
G1 X62.948 Y121.712 E49.7316
G1 X62.626 Y121.752 E49.74207
G1 X61.98 Y121.745 E49.76291
G1 X61.611 Y121.543 E49.77648
G1 X61.321 Y121.338 E49.78794
G1 X61.029 Y121.087 E49.80036
G1 X60.776 Y120.711 E49.81498
G1 X60.646 Y120.437 E49.82477
G1 X60.606 Y120.247 E49.83103
G1 X60.607 Y119.301 E49.86155
G1 X60.725 Y119.018 E49.87144
G1 X60.926 Y118.717 E49.88312
G1 X61.19 Y118.373 E49.89711
G1 X61.583 Y118.1 E49.91255
G1 X61.836 Y117.971 E49.92171
G1 X62.149 Y117.895 E49.9321
G1 X62.664 Y117.856 E49.94876
G1 X62.936 Y117.692 E49.95901
G1 F1032.3 X63.307 Y117.421 E49.97624
G1 X63.436 Y117.853 E49.99315
G1 F1200 X63.541 Y118.094 E50.00163
G1 X63.747 Y118.309 E50.01124
G1 X63.959 Y118.426 E50.01905
G1 X64.126 Y118.583 E50.02645
G1 X64.271 Y118.92 E50.03828
G1 X64.356 Y119.203 E50.04781
G1 X64.436 Y119.691 E50.06377
G1 X64.468 Y120.146 E50.07848
G1 X64.396 Y120.278 E50.08334
G1 X64.164 Y120.89 E50.10445
G1 X64.039 Y121.101 E50.11236
G1 X63.839 Y121.295 E50.12135
G1 X63.579 Y121.478 E50.13161
G1 F2700 E43.13161
G0 F6000 X63.691 Y121.718
G0 X64.527 Y121.079
G0 X64.824 Y119.51
G0 X64.201 Y118.091
G0 X63.706 Y117.835
G0 X64.43 Y116.137
G0 X65.656 Y114.101
G0 X66.47 Y113.05
G0 X67.209 Y112.312
G0 X68.119 Y111.668
G0 X68.656 Y111.422
G0 X69.226 Y111.262
G0 X69.916 Y111.197
G0 X70.94 Y111.357
G0 X71.84 Y111.734
G0 X72.964 Y112.462
G0 X73.844 Y113.303
G0 X74.56 Y114.333
G0 X75.156 Y115.495
G0 X75.73 Y117.101
G0 X76.173 Y119.076
G0 X76.461 Y121.202
G0 X76.614 Y125.084
G0 X78.339 Y125.28
G0 X77.976 Y124.951
G1 F2700 E50.13161
G1 F1200 X77.578 Y124.91 E50.14452
G1 X76.864 Y124.913 E50.16755
G1 X76.962 Y124.585 E50.1786
G1 X76.967 Y123.255 E50.22151
G1 X76.942 Y122.247 E50.25404
G1 X76.866 Y121.187 E50.28832
G1 X76.757 Y120.177 E50.3211
G1 X76.569 Y118.999 E50.35958
G1 X76.361 Y117.953 E50.39399
G1 X76.127 Y117.008 E50.4254
G1 X75.832 Y116.082 E50.45675
G1 X75.536 Y115.351 E50.4822
G1 X75.119 Y114.508 E50.51254
G1 X74.921 Y114.149 E50.52577
G1 X74.676 Y113.752 E50.54082
G1 X74.44 Y113.405 E50.55436
G1 X74.176 Y113.064 E50.56827
G1 X73.849 Y112.703 E50.58398
G1 X73.499 Y112.375 E50.59946
G1 X73.231 Y112.154 E50.61067
G1 X72.884 Y111.897 E50.6246
G1 X72.487 Y111.637 E50.63991
G1 X72.047 Y111.387 E50.65624
G1 X71.597 Y111.169 E50.67237
G1 X71.05 Y110.965 E50.6912
G1 X70.522 Y110.843 E50.70869
G1 X69.887 Y110.795 E50.72923
G1 X69.194 Y110.857 E50.75168
G1 X68.518 Y111.042 E50.77429
G1 X67.94 Y111.304 E50.79476
G1 X67.427 Y111.624 E50.81427
G1 X66.979 Y111.972 E50.83257
G1 X66.547 Y112.375 E50.85163
G1 X66.176 Y112.771 E50.86914
G1 X65.862 Y113.135 E50.88465
G1 X65.603 Y113.468 E50.89826
G1 X65.327 Y113.861 E50.91375
G1 X64.674 Y114.876 E50.95269
G1 F1137.4 X64.126 Y115.8 E50.98925
G1 F1083.5 X64.053 Y115.938 E50.99483
G1 F797.3 X63.718 Y116.275 E51.0179
G1 X63.674 Y115.801 E51.04102
G1 F1083.5 X63.71 Y115.654 E51.04643
G1 F1140.1 X63.784 Y115.218 E51.06144
G1 F1200 X63.839 Y114.967 E51.06973
G1 X64.052 Y113.805 E51.10785
G1 X64.12 Y113.26 E51.12557
G1 X64.147 Y112.838 E51.13921
G1 X64.147 Y111.364 E51.18676
G1 X64.066 Y110.481 E51.21537
G1 X63.839 Y109.658 E51.24291
G1 X63.455 Y108.848 E51.27183
G1 X62.96 Y108.146 E51.29955
G1 X62.329 Y107.535 E51.32788
G1 X61.605 Y107.07 E51.35564
G1 X60.793 Y106.762 E51.38366
G1 X60.004 Y106.664 E51.40931
G1 X59.163 Y106.661 E51.43645
G1 X58.156 Y106.829 E51.46938
G1 X56.992 Y107.313 E51.51005
G1 X55.945 Y107.93 E51.54926
G1 X54.865 Y108.709 E51.59222
G1 X53.881 Y109.547 E51.63392
G1 X53.017 Y110.394 E51.67296
G1 X52.313 Y111.208 E51.70768
G1 F1185.2 X51.868 Y111.85 E51.73319
G1 F1113.7 X51.631 Y112.056 E51.74411
G1 F1108.5 X51.709 Y111.901 E51.75017
G1 F1179.4 X51.772 Y111.489 E51.76385
G1 F1200 X59.694 Y90.579 E52.48525
G1 X60.904 Y90.855 E52.52529
G1 X61.612 Y90.959 E52.54838
G1 X62.7 Y91.161 E52.58408
G1 X63.098 Y91.214 E52.59703
G1 X63.815 Y91.286 E52.62028
G1 X66.037 Y91.582 E52.6926
G1 X66.615 Y91.648 E52.71137
G1 X67.193 Y91.691 E52.73007
G1 X68.325 Y91.718 E52.7666
G1 X68.873 Y91.745 E52.7843
G1 X71.17 Y91.919 E52.85862
G1 X71.762 Y91.953 E52.87775
G1 X73.06 Y91.985 E52.91964
G1 X75.838 Y92.088 E53.00932
G1 X77.056 Y92.107 E53.04863
G1 X77.714 Y92.104 E53.06985
G1 X80.796 Y92.047 E53.1693
G1 X82.056 Y92.042 E53.20995
G1 X82.658 Y92.028 E53.22938
G1 X83.276 Y91.991 E53.24936
G1 X85.594 Y91.771 E53.32448
G1 X86.259 Y91.722 E53.34599
G1 X87.378 Y91.683 E53.38211
G1 X87.994 Y91.636 E53.40204
G1 X88.493 Y91.585 E53.41823
G1 X90.83 Y91.282 E53.49425
G1 X91.651 Y91.214 E53.52083
G1 X92.22 Y91.143 E53.53933
G1 X93.888 Y90.864 E53.59389
G1 X95.091 Y90.58 E53.63377
G1 X95.536 Y91.652 E53.67122
G1 X95.816 Y92.44 E53.6982
G1 X96.389 Y93.849 E53.74727
G1 X96.63 Y94.503 E53.76976
G1 X97.46 Y96.903 E53.85169
G1 X98.264 Y99.005 E53.92429
G1 X99.352 Y101.726 E54.01884
G1 X99.602 Y102.383 E54.04152
G1 X100.938 Y106.017 E54.16643
G1 X102.198 Y109.315 E54.28033
G1 X102.71 Y110.766 E54.32997
G1 X102.892 Y111.23 E54.34605
G1 F969.7 X102.986 Y111.679 E54.36437
G1 X102.633 Y111.393 E54.38251
G1 F1200 X102.325 Y111.038 E54.39767
G1 X101.794 Y110.466 E54.42285
G1 X100.749 Y109.405 E54.47089
G1 X100.326 Y109.002 E54.48974
G1 X100.042 Y108.754 E54.50191
G1 X99.591 Y108.398 E54.52044
G1 X99.119 Y108.052 E54.53933
G1 X98.586 Y107.699 E54.55995
G1 X98.041 Y107.391 E54.58015
G1 X97.411 Y107.1 E54.60254
G1 X96.748 Y106.876 E54.62511
G1 X95.976 Y106.716 E54.65055
G1 X95.052 Y106.65 E54.68044
G1 X94.216 Y106.737 E54.70755
G1 X93.59 Y106.916 E54.72856
G1 X92.981 Y107.207 E54.75033
G1 X92.408 Y107.606 E54.77286
G1 X91.93 Y108.052 E54.79395
G1 X91.525 Y108.569 E54.81514
G1 X91.23 Y109.091 E54.83448
G1 X91.009 Y109.709 E54.85566
G1 X90.598 Y111.558 E54.91677
G1 X90.661 Y112.981 E54.96272
G1 X90.748 Y113.757 E54.98792
G1 X90.851 Y114.375 E55.00813
G1 X90.969 Y114.974 E55.02782
G1 X91.088 Y115.474 E55.04441
G1 F937.5 X91.046 Y115.724 E55.05488
G1 F652.2 X91.004 Y115.975 E55.06998
G1 X90.798 Y115.827 E55.08504
G1 F937.5 X90.591 Y115.678 E55.09557
G1 F1200 X90.162 Y114.923 E55.12359
G1 X89.593 Y114.023 E55.15794
G1 X89.356 Y113.682 E55.17134
G1 X89.025 Y113.237 E55.18923
G1 X88.694 Y112.84 E55.20591
G1 X88.488 Y112.613 E55.2158
G1 X87.899 Y112.019 E55.24278
G1 X87.352 Y111.593 E55.26515
G1 X87.006 Y111.377 E55.27831
G1 X85.897 Y110.882 E55.31749
G1 X84.806 Y110.769 E55.35288
G1 X84.334 Y110.846 E55.36831
G1 X83.97 Y110.933 E55.38038
G1 X83.362 Y111.129 E55.40099
G1 X82.695 Y111.395 E55.42416
G1 X82.027 Y111.79 E55.4492
G1 X81.537 Y112.174 E55.46928
G1 X80.985 Y112.7 E55.49388
G1 X80.73 Y112.977 E55.50603
G1 X80.432 Y113.358 E55.52163
G1 X80.115 Y113.812 E55.5395
G1 X79.804 Y114.295 E55.55803
G1 X79.498 Y114.842 E55.57825
G1 X79.264 Y115.334 E55.59583
G1 X79.066 Y115.874 E55.61438
G1 X78.995 Y116.212 E55.62553
G1 X78.765 Y116.667 E55.64198
G1 X78.518 Y117.551 E55.67159
G1 X78.32 Y118.545 E55.70429
G1 X78.145 Y119.754 E55.7437
G1 X78.023 Y120.819 E55.77828
G1 X77.916 Y122.002 E55.8166
G1 X77.852 Y123.02 E55.84951
G1 X77.83 Y123.837 E55.87588
G1 X77.828 Y124.645 E55.90195
G1 X77.976 Y124.951 E55.91291
G0 F6000 X78.653 Y125.344
G1 F1411.8 X78.645 Y125.339 E55.91317
G1 X78.653 Y125.344 E55.91343
G1 F2700 E48.91343
G0 F6000 X78.585 Y125.425
G0 X76.614 Y125.084
G0 X76.461 Y121.202
G0 X76.173 Y119.076
G0 X75.73 Y117.101
G0 X75.156 Y115.495
G0 X74.341 Y113.979
G0 X73.559 Y112.989
G0 X72.632 Y112.217
G0 X71.405 Y111.528
G0 X70.473 Y111.246
G0 X69.916 Y111.197
G0 X69.226 Y111.262
G0 X68.656 Y111.422
G0 X68.119 Y111.668
G0 X67.209 Y112.312
G0 X66.165 Y113.404
G0 X65.016 Y115.099
G0 X64.218 Y116.586
G0 X63.706 Y117.835
G0 X64.653 Y118.775
G0 X64.76 Y120.457
G0 X64.202 Y121.226
G0 X63.682 Y121.656
G0 X63.266 Y121.852
G0 X62.642 Y121.956
G0 X62.029 Y121.949
G0 X61.505 Y121.718
G0 X60.802 Y121.114
G0 X60.454 Y120.51
G0 X60.359 Y118.835
G0 X61.689 Y117.59
G0 X62.74 Y117.444
G0 X63.296 Y115.545
G0 X63.715 Y113.232
G0 X63.741 Y111.362
G0 X63.668 Y110.554
G0 X63.451 Y109.779
G0 X63.11 Y109.057
G0 X62.649 Y108.406
G0 X62.085 Y107.856
G0 X61.435 Y107.435
G0 X60.697 Y107.158
G0 X59.922 Y107.064
G0 X59.213 Y107.064
G0 X58.247 Y107.227
G0 X57.208 Y107.656
G0 X56.146 Y108.282
G0 X55.098 Y109.045
G0 X54.13 Y109.87
G0 X53.289 Y110.699
G0 X51.942 Y112.352
G0 X51.838 Y112.747
G0 X52.317 Y114.572
G0 X51.189 Y116.163
G0 X49.745 Y116.45
G0 X49.802 Y115.987
G1 F2700 E55.91343
G1 F1200 X48.253 Y114.438 E55.98411
G0 F6000 X48.252 Y113.872
G1 F1200 X50.334 Y115.954 E56.0791
G0 F6000 X50.758 Y115.812
G1 F1200 X48.384 Y113.438 E56.18741
G0 F6000 X48.624 Y113.112
G1 F1200 X51.082 Y115.57 E56.29956
G0 F6000 X51.35 Y115.273
G1 F1200 X48.899 Y112.821 E56.41141
G0 F6000 X49.262 Y112.618
G1 F1200 X51.572 Y114.929 E56.51683
G0 F6000 X51.709 Y114.5
G1 F1200 X49.681 Y112.472 E56.60936
G0 F6000 X50.257 Y112.483
G1 F1200 X51.717 Y113.942 E56.67595
G0 F6000 X52.168 Y113.833
G0 X51.733 Y112.862
G0 X51.272 Y112.932
G1 F1200 X50.958 Y112.618 E56.69028
G0 F6000 X50.885 Y112.161
G0 X49.834 Y112.072
G0 X49.526 Y112.09
G0 X49.083 Y112.255
G0 X48.565 Y112.549
G0 X47.933 Y113.405
G0 X47.85 Y113.927
G0 X47.895 Y114.819
G0 X48.233 Y115.49
G0 X48.855 Y116.064
G0 X49.534 Y116.364
G0 X50.302 Y116.379
G0 X50.966 Y116.163
G0 X51.475 Y115.76
G0 X52.014 Y114.937
G0 X52.115 Y114.541
G0 X52.122 Y113.903
G0 X51.728 Y112.663
G0 X52.813 Y111.032
G0 X52.462 Y110.727
G1 F1200 X52.327 Y110.592 E56.69644
G0 F6000 X52.724 Y110.424
G1 F1200 X52.482 Y110.182 E56.70748
G0 F6000 X52.637 Y109.771
G1 F1200 X52.997 Y110.131 E56.72391
G0 F6000 X53.283 Y109.851
G1 F1200 X52.793 Y109.361 E56.74626
G0 F6000 X52.948 Y108.951
G1 F1200 X53.568 Y109.571 E56.77455
G0 F6000 X53.862 Y109.299
G1 F1200 X53.104 Y108.541 E56.80914
G0 F6000 X53.259 Y108.13
G1 F1200 X54.168 Y109.04 E56.85063
G0 F6000 X54.474 Y108.779
G1 F1200 X53.414 Y107.72 E56.89897
G0 F6000 X53.57 Y107.31
G1 F1200 X54.781 Y108.521 E56.95423
G0 F6000 X55.11 Y108.284
G1 F1200 X53.725 Y106.9 E57.01739
G0 F6000 X53.88 Y106.489
G1 F1200 X55.44 Y108.048 E57.08855
G0 F6000 X55.768 Y107.811
G1 F1200 X54.036 Y106.079 E57.16757
G0 F6000 X54.191 Y105.669
G1 F1200 X56.117 Y107.594 E57.25542
G0 F6000 X56.473 Y107.385
G1 F1200 X54.347 Y105.259 E57.35242
G0 F6000 X54.502 Y104.848
G1 F1200 X56.83 Y107.176 E57.45864
G0 F6000 X57.219 Y106.999
G1 F1200 X54.657 Y104.438 E57.57551
G0 F6000 X54.813 Y104.028
G1 F1200 X57.617 Y106.831 E57.70342
G0 F6000 X58.015 Y106.664
G1 F1200 X54.968 Y103.617 E57.84245
G0 F6000 X55.123 Y103.207
G1 F1200 X58.486 Y106.57 E57.99589
G0 F6000 X58.971 Y106.489
G1 F1200 X55.279 Y102.797 E58.16434
G0 F6000 X55.435 Y102.386
G1 F1200 X59.511 Y106.463 E58.35033
G0 F6000 X60.084 Y106.47
G1 F1200 X55.589 Y101.976 E58.5554
G0 F6000 X55.745 Y101.565
G1 F1200 X60.729 Y106.55 E58.78282
G0 F6000 X61.598 Y106.853
G1 F1200 X55.901 Y101.155 E59.04277
G0 F6000 X56.056 Y100.745
G1 F1200 X67.006 Y111.696 E59.5424
G0 F6000 X66.701 Y111.956
G1 F1200 X63.754 Y109.008 E59.67688
G0 F6000 X63.334 Y109.204
G0 X63.679 Y110.069
G0 X64.126 Y109.946
G1 F1200 X66.409 Y112.229 E59.78104
G0 F6000 X66.135 Y112.521
G1 F1200 X64.28 Y110.666 E59.86568
G0 F6000 X64.34 Y111.292
G1 F1200 X65.868 Y112.82 E59.93539
G0 F6000 X65.612 Y113.13
G1 F1200 X64.346 Y111.863 E59.99318
G0 F6000 X64.346 Y112.429
G1 F1200 X65.369 Y113.452 E60.03985
G0 F6000 X65.137 Y113.786
G1 F1200 X64.337 Y112.986 E60.07636
G0 F6000 X64.29 Y113.504
G1 F1200 X64.915 Y114.13 E60.10489
G0 F6000 X64.693 Y114.474
G1 F1200 X64.219 Y113.999 E60.12654
G0 F6000 X64.131 Y114.477
G1 F1200 X64.474 Y114.82 E60.14219
G0 F6000 X64.264 Y115.176
G1 F1200 X64.043 Y114.955 E60.15228
G0 F6000 X63.957 Y115.434
G1 F1200 X64.046 Y115.523 E60.15634
G0 F6000 X64.475 Y115.754
G0 X63.626 Y117.777
G0 X64.295 Y118.461
G0 X64.558 Y119.182
G0 X64.672 Y120.195
G0 X64.202 Y121.226
G0 X63.682 Y121.656
G0 X63.266 Y121.852
G0 X62.642 Y121.956
G0 X62.029 Y121.949
G0 X61.505 Y121.718
G0 X60.802 Y121.114
G0 X60.454 Y120.51
G0 X60.403 Y120.26
G0 X60.404 Y119.263
G0 X60.761 Y118.597
G0 X61.049 Y118.223
G0 X61.629 Y117.863
G0 X62.768 Y117.487
G0 X63.009 Y117.881
G1 F1200 X64.058 Y118.93 E60.2042
G0 F6000 X64.231 Y119.668
G1 F1200 X62.622 Y118.059 E60.27761
G0 F6000 X62.107 Y118.11
G1 F1200 X64.208 Y120.21 E60.37345
G0 F6000 X64.052 Y120.621
G1 F1200 X61.696 Y118.265 E60.48094
G0 F6000 X61.362 Y118.496
G1 F1200 X63.866 Y121 E60.59519
G0 F6000 X63.551 Y121.251
G1 F1200 X61.107 Y118.807 E60.7067
G0 F6000 X60.885 Y119.151
G1 F1200 X63.178 Y121.444 E60.81132
G0 F6000 X62.707 Y121.538
G1 F1200 X60.806 Y119.637 E60.89805
G0 F6000 X60.806 Y120.203
G1 F1200 X62.148 Y121.545 E60.95928
G0 F6000 X62.142 Y122.011
G0 X63.266 Y121.852
G0 X63.964 Y121.456
G0 X64.202 Y121.226
G0 X64.672 Y120.195
G0 X64.558 Y119.182
G0 X64.201 Y118.091
G0 X63.706 Y117.835
G0 X64.43 Y116.137
G0 X65.656 Y114.101
G0 X66.118 Y113.505
G0 X67.58 Y111.841
G0 X67.326 Y111.449
G1 F1200 X56.211 Y100.334 E61.46641
G0 F6000 X56.367 Y99.924
G1 F1200 X67.674 Y111.232 E61.98233
G0 F6000 X68.044 Y111.036
G1 F1200 X56.522 Y99.514 E62.50803
G0 F6000 X56.678 Y99.104
G1 F1200 X68.434 Y110.86 E63.04441
G0 F6000 X68.875 Y110.736
G1 F1200 X56.833 Y98.693 E63.59386
G0 F6000 X56.988 Y98.283
G1 F1200 X69.346 Y110.641 E64.1577
G0 F6000 X69.865 Y110.595
G1 F1200 X57.144 Y97.873 E64.73813
G0 F6000 X57.299 Y97.463
G1 F1200 X70.475 Y110.639 E65.33929
G0 F6000 X71.214 Y110.812
G1 F1200 X57.454 Y97.052 E65.96711
G0 F6000 X57.61 Y96.642
G1 F1200 X72.224 Y111.256 E66.63388
G0 F6000 X71.994 Y111.659
G0 X73.559 Y112.989
G0 X74.783 Y114.445
G0 X75.189 Y114.221
G1 F1200 X78.356 Y117.388 E66.77838
G0 F6000 X78.479 Y116.946
G1 F1200 X57.765 Y96.232 E67.72347
G0 F6000 X57.92 Y95.821
G1 F1200 X78.614 Y116.514 E68.66763
G0 F6000 X78.806 Y116.141
G1 F1200 X58.076 Y95.411 E69.61345
G0 F6000 X58.231 Y95.001
G1 F1200 X78.92 Y115.69 E70.55741
G0 F6000 X79.071 Y115.275
G1 F1200 X58.387 Y94.591 E71.50113
G0 F6000 X58.542 Y94.18
G1 F1200 X79.253 Y114.891 E72.44609
G0 F6000 X79.448 Y114.52
G1 F1200 X58.697 Y93.77 E73.39285
G0 F6000 X58.853 Y93.36
G1 F1200 X79.653 Y114.16 E74.34186
G0 F6000 X79.874 Y113.815
G1 F1200 X59.008 Y92.949 E75.29389
G0 F6000 X59.163 Y92.539
G1 F1200 X80.103 Y113.479 E76.2493
G0 F6000 X80.341 Y113.151
G1 F1200 X59.319 Y92.128 E77.20846
G0 F6000 X59.474 Y91.718
G1 F1200 X80.59 Y112.834 E78.1719
G0 F6000 X80.861 Y112.539
G1 F1200 X59.63 Y91.308 E79.14058
G0 F6000 X59.785 Y90.897
G1 F1200 X81.151 Y112.264 E80.11545
G0 F6000 X81.444 Y111.991
G1 F1200 X60.397 Y90.944 E81.07573
G0 F6000 X61.103 Y91.085
G1 F1200 X81.76 Y111.741 E82.0182
G0 F6000 X82.098 Y111.514
G1 F1200 X61.777 Y91.192 E82.94539
G0 F6000 X62.472 Y91.322
G1 F1200 X82.452 Y111.302 E83.85699
G0 F6000 X82.838 Y111.123
G1 F1200 X63.133 Y91.417 E84.75607
G0 F6000 X63.762 Y91.481
G1 F1200 X83.242 Y110.96 E85.64484
G0 F6000 X83.666 Y110.819
G1 F1200 X64.414 Y91.567 E86.52323
G0 F6000 X65.067 Y91.654
G1 F1200 X84.106 Y110.694 E87.39192
G0 F6000 X84.58 Y110.602
G1 F1200 X65.719 Y91.74 E88.25249
G0 F6000 X66.364 Y91.82
G1 F1200 X85.148 Y110.604 E89.10953
G0 F6000 X85.778 Y110.668
G1 F1200 X66.985 Y91.875 E89.96697
G0 F6000 X67.575 Y91.899
G1 F1200 X86.687 Y111.012 E90.839
G0 F6000 X86.495 Y111.435
G0 X88.861 Y113.358
G0 X91.16 Y117.524
G0 X90.755 Y118.275
G0 X90.286 Y118.951
G0 X90.158 Y119.262
G0 X90.121 Y119.949
G0 X90.289 Y120.646
G0 X90.742 Y121.304
G0 X91.369 Y121.787
G0 X91.99 Y121.953
G0 X92.678 Y121.937
G0 X93.064 Y121.848
G0 X93.55 Y121.589
G0 X94.011 Y121.12
G0 X94.247 Y120.752
G0 X94.47 Y120.054
G0 X94.425 Y119.407
G0 X94.26 Y118.862
G0 X93.905 Y118.358
G0 X93.213 Y117.841
G0 X92.887 Y117.684
G0 X92.024 Y117.569
G0 X91.084 Y113.847
G0 X90.889 Y111.467
G0 X90.436 Y111.366
G1 F1200 X71.189 Y92.119 E91.71716
G0 F6000 X71.789 Y92.153
G1 F1200 X90.539 Y110.904 E92.57267
G0 F6000 X90.641 Y110.44
G1 F1200 X72.368 Y92.167 E93.40639
G0 F6000 X72.948 Y92.181
G1 F1200 X90.744 Y109.977 E94.21834
G0 F6000 X90.861 Y109.529
G1 F1200 X73.534 Y92.202 E95.0089
G0 F6000 X74.122 Y92.224
G1 F1200 X91.012 Y109.114 E95.77952
G0 F6000 X91.201 Y108.737
G1 F1200 X74.71 Y92.246 E96.53194
G0 F6000 X75.296 Y92.267
G1 F1200 X91.414 Y108.385 E97.26733
G0 F6000 X91.662 Y108.067
G1 F1200 X75.883 Y92.288 E97.98726
G0 F6000 X76.458 Y92.297
G1 F1200 X91.934 Y107.773 E98.69337
G0 F6000 X92.226 Y107.5
G1 F1200 X77.032 Y92.306 E99.38661
G0 F6000 X77.595 Y92.303
G1 F1200 X92.553 Y107.261 E100.06908
G0 F6000 X92.887 Y107.029
G1 F1200 X78.152 Y92.295 E100.74135
G0 F6000 X78.708 Y92.285
G1 F1200 X93.268 Y106.845 E101.40567
G0 F6000 X93.673 Y106.684
G1 F1200 X79.263 Y92.274 E102.06313
G0 F6000 X79.819 Y92.264
G1 F1200 X94.112 Y106.557 E102.71526
G0 F6000 X94.613 Y106.492
G1 F1200 X80.375 Y92.254 E103.36488
G0 F6000 X80.932 Y92.246
G1 F1200 X95.147 Y106.461 E104.01346
G0 F6000 X95.752 Y106.5
G1 F1200 X81.496 Y92.244 E104.6639
G0 F6000 X82.059 Y92.241
G1 F1200 X96.421 Y106.604 E105.3192
G0 F6000 X97.2 Y106.816
G1 F1200 X82.611 Y92.228 E105.98481
G0 F6000 X83.147 Y92.198
G1 F1200 X98.2 Y107.251 E106.67162
G0 F6000 X97.971 Y107.655
G0 X99.616 Y108.753
G0 X99.903 Y108.388
G1 F1200 X83.669 Y92.154 E107.41231
G0 F6000 X84.186 Y92.105
G1 F1200 X102.308 Y110.228 E108.23916
G0 F6000 X101.999 Y109.353
G1 F1200 X84.702 Y92.056 E109.02835
G0 F6000 X85.219 Y92.007
G1 F1200 X101.649 Y108.437 E109.77798
G0 F6000 X101.299 Y107.521
G1 F1200 X85.735 Y91.958 E110.48808
G0 F6000 X86.265 Y91.922
G1 F1200 X100.949 Y106.606 E111.15805
G0 F6000 X100.608 Y105.699
G1 F1200 X86.811 Y91.902 E111.78755
G0 F6000 X87.358 Y91.883
G1 F1200 X100.279 Y104.805 E112.3771
G0 F6000 X99.95 Y103.91
G1 F1200 X87.884 Y91.843 E112.92765
G0 F6000 X88.401 Y91.795
G1 F1200 X99.622 Y103.016 E113.43961
G0 F6000 X99.286 Y102.114
G1 F1200 X88.904 Y91.732 E113.9133
G0 F6000 X89.405 Y91.667
G1 F1200 X98.919 Y101.182 E114.34741
G0 F6000 X99.35 Y101.01
G0 X98.973 Y100.067
G0 X98.542 Y100.239
G1 F1200 X89.906 Y91.603 E114.74143
G0 F6000 X90.407 Y91.538
G1 F1200 X98.166 Y99.297 E115.09544
G0 F6000 X97.809 Y98.374
G1 F1200 X90.91 Y91.476 E115.41019
G0 F6000 X91.432 Y91.432
G1 F1200 X97.458 Y97.458 E115.68513
G0 F6000 X97.131 Y96.566
G1 F1200 X91.944 Y91.378 E115.92182
G0 F6000 X92.44 Y91.308
G1 F1200 X96.832 Y95.701 E116.12223
G0 F6000 X96.533 Y94.836
G1 F1200 X92.924 Y91.227 E116.28689
G0 F6000 X93.409 Y91.146
G1 F1200 X96.211 Y93.949 E116.41476
G0 F6000 X96.647 Y93.789
G0 X96.257 Y92.823
G0 X95.826 Y92.997
G1 F1200 X93.894 Y91.066 E116.50289
G0 F6000 X94.354 Y90.96
G1 F1200 X95.474 Y92.08 E116.55399
G0 F6000 X95.913 Y91.924
G0 X95.54 Y90.969
G0 X95.107 Y91.148
G1 F1200 X94.814 Y90.854 E116.56738
G1 F2700 E109.56738
G0 F6000 X94.708 Y90.398
G0 X95.221 Y90.349
G0 X103.631 Y112.068
G0 X105.207 Y112.073
G0 X105.505 Y112.125
G0 X106.139 Y112.494
G0 X106.715 Y113.147
G0 X107.003 Y113.848
G0 X106.959 Y114.76
G0 X106.675 Y115.373
G0 X106.433 Y115.714
G0 X105.92 Y116.084
G0 X105.203 Y116.364
G0 X104.803 Y116.409
G0 X104.371 Y116.359
G0 X103.648 Y116.028
G0 X103.325 Y115.752
G0 X102.861 Y115.075
G0 X102.725 Y114.66
G0 X102.678 Y113.955
G0 X103.1 Y112.44
G0 X98.997 Y108.216
G0 X95.96 Y106.919
G0 X93.65 Y107.112
G0 X91.693 Y108.685
G0 X90.877 Y111.89
G0 X90.414 Y111.91
G1 F2700 E116.56738
G1 F1200 X70.578 Y92.074 E117.47241
G0 F6000 X69.966 Y92.028
G1 F1200 X90.44 Y112.502 E118.40656
G0 F6000 X90.472 Y113.1
G1 F1200 X69.354 Y91.981 E119.3701
G0 F6000 X68.745 Y91.938
G1 F1200 X90.545 Y113.738 E120.36475
G0 F6000 X90.655 Y114.414
G1 F1200 X68.154 Y91.913 E121.39137
G1 F2700 E114.39137
G0 F6000 X68.165 Y91.45
G0 X59.573 Y90.352
G0 X51.213 Y112.146
G0 X49.526 Y112.09
G0 X49.083 Y112.255
G0 X48.565 Y112.549
G0 X47.933 Y113.405
G0 X47.85 Y113.927
G0 X47.895 Y114.819
G0 X48.233 Y115.49
G0 X48.855 Y116.064
G0 X49.534 Y116.364
G0 X50.302 Y116.379
G0 X50.966 Y116.163
G0 X51.475 Y115.76
G0 X52.014 Y114.937
G0 X52.115 Y114.541
G0 X52.122 Y113.903
G0 X51.684 Y112.525
G0 X54.989 Y108.873
G0 X58.192 Y107.03
G0 X60.745 Y106.959
G0 X62.789 Y108.261
G0 X63.862 Y110.5
G0 X63.632 Y114.964
G0 X62.833 Y117.518
G0 X61.766 Y117.779
G0 X61.049 Y118.223
G0 X60.547 Y118.919
G0 X60.404 Y119.263
G0 X60.403 Y120.26
G0 X60.597 Y120.811
G0 X60.97 Y121.307
G0 X61.82 Y121.89
G0 X62.978 Y121.914
G0 X63.266 Y121.852
G0 X63.964 Y121.456
G0 X64.202 Y121.226
G0 X64.672 Y120.195
G0 X64.558 Y119.182
G0 X64.295 Y118.461
G0 X63.626 Y117.777
G0 X65.766 Y113.591
G0 X68.031 Y111.487
G0 X70.478 Y111.043
G0 X73.363 Y112.527
G0 X75.32 Y115.521
G0 X75.75 Y115.348
G1 F2700 E121.39137
G1 F1200 X78.254 Y117.852 E121.50562
G0 F6000 X78.16 Y118.324
G1 F1200 X76.1 Y116.263 E121.59963
G0 F6000 X76.35 Y117.079
G1 F1200 X78.08 Y118.809 E121.67857
G0 F6000 X78.008 Y119.303
G1 F1200 X76.536 Y117.831 E121.74573
G0 F6000 X76.682 Y118.542
G1 F1200 X77.938 Y119.799 E121.80306
G0 F6000 X77.88 Y120.307
G1 F1200 X76.809 Y119.235 E121.85194
G0 F6000 X76.916 Y119.908
G1 F1200 X77.822 Y120.814 E121.89328
G0 F6000 X77.776 Y121.333
G1 F1200 X76.998 Y120.556 E121.92876
G0 F6000 X77.066 Y121.19
G1 F1200 X77.728 Y121.852 E121.95896
G0 F6000 X77.691 Y122.381
G1 F1200 X77.111 Y121.8 E121.98545
G0 F6000 X77.146 Y122.4
G1 F1200 X77.658 Y122.913 E122.00883
G0 F6000 X77.159 Y122.98
G1 F1200 X77.64 Y123.46 E122.03075
G0 F6000 X77.166 Y123.552
G1 F1200 X77.63 Y124.016 E122.05192
G0 F6000 X77.167 Y124.119
G1 F1200 X77.629 Y124.58 E122.07298
G0 F6000 X78.092 Y124.581
G0 X78.556 Y119.743
G0 X78.92 Y117.612
G0 X79.459 Y115.975
G0 X79.865 Y115.015
G0 X80.739 Y113.625
G0 X81.273 Y112.984
G0 X82.242 Y112.135
G0 X82.86 Y111.766
G0 X84.403 Y111.243
G0 X84.836 Y111.174
G0 X85.841 Y111.28
G0 X87.139 Y111.941
G0 X87.583 Y112.277
G0 X88.692 Y113.469
G0 X89.813 Y115.135
G0 X90.697 Y116.78
G0 X90.892 Y117.274
G0 X91.019 Y117.841
G0 X90.128 Y119.209
G0 X90.066 Y120.001
G0 X90.528 Y119.943
G1 F1200 X92.14 Y121.555 E122.14653
G0 F6000 X92.672 Y121.522
G1 F1200 X90.54 Y119.39 E122.2438
G0 F6000 X90.719 Y119.003
G1 F1200 X93.09 Y121.374 E122.35198
G0 F6000 X93.422 Y121.14
G1 F1200 X90.95 Y118.669 E122.46474
G0 F6000 X91.253 Y118.406
G1 F1200 X93.702 Y120.855 E122.57648
G0 F6000 X93.902 Y120.489
G1 F1200 X91.487 Y118.074 E122.68667
G0 F6000 X91.952 Y117.974
G1 F1200 X94.031 Y120.052 E122.7815
G0 F6000 X94.026 Y119.481
G1 F1200 X92.626 Y118.082 E122.84536
G0 F6000 X92.632 Y117.619
G0 X92.055 Y117.469
G0 X91.45 Y115.765
G0 X91.006 Y115.896
G1 F1200 X90.854 Y115.744 E122.85229
G0 F6000 X90.799 Y115.124
G1 F1200 X90.055 Y114.38 E122.88624
G0 F6000 X89.661 Y114.628
G0 X90.892 Y117.274
G0 X91.019 Y117.841
G0 X90.244 Y118.586
G0 X90.121 Y119.949
G0 X90.257 Y120.513
G0 X90.643 Y121.277
G0 X91.003 Y120.984
G1 F1200 X91.135 Y121.116 E122.89226
G1 F2700 E115.89226
G0 F6000 X90.817 Y121.456
G0 X91.658 Y121.902
G0 X92.282 Y121.954
G0 X93.064 Y121.848
G0 X93.55 Y121.589
G0 X94.011 Y121.12
G0 X94.247 Y120.752
G0 X94.47 Y120.054
G0 X94.363 Y118.656
G0 X92.747 Y117.479
G0 X92.055 Y117.469
G0 X91.367 Y114.903
G0 X91.067 Y112.983
G0 X91.006 Y111.603
G0 X91.403 Y109.815
G0 X91.579 Y109.299
G0 X91.856 Y108.8
G0 X92.228 Y108.328
G0 X92.664 Y107.917
G0 X93.17 Y107.567
G0 X93.727 Y107.299
G0 X94.328 Y107.124
G0 X95.042 Y107.056
G0 X95.9 Y107.113
G0 X96.587 Y107.251
G0 X97.817 Y107.731
G0 X98.867 Y108.373
G0 X100.041 Y109.293
G0 X102.012 Y111.296
G0 X102.785 Y112.242
G0 X102.967 Y112.634
G0 X102.705 Y113.72
G0 X102.643 Y114.469
G0 X103.104 Y114.418
G1 F2700 E122.89226
G1 F1200 X104.672 Y115.986 E122.9638
G0 F6000 X105.193 Y115.941
G1 F1200 X103.113 Y113.861 E123.0587
G0 F6000 X103.27 Y113.453
G1 F1200 X105.603 Y115.785 E123.16512
G0 F6000 X105.957 Y115.574
G1 F1200 X103.444 Y113.06 E123.2798
G0 F6000 X103.515 Y112.566
G1 F1200 X106.238 Y115.289 E123.40404
G0 F6000 X106.437 Y114.923
G1 F1200 X104.104 Y112.589 E123.51051
G0 F6000 X104.559 Y112.479
G1 F1200 X106.58 Y114.499 E123.6027
G0 F6000 X106.603 Y113.957
G1 F1200 X105.123 Y112.477 E123.67022
G1 F2700 E116.67022
G0 F6000 X105.122 Y112.012
G0 X105.808 Y112.261
G0 X106.175 Y112.567
G0 X107.11 Y113.418
G0 X108.114 Y113.134
G0 X111.992 Y116.247
G0 X142.056 Y129.807
;TYPE:WALL-INNER
G1 F2700 E123.67022
G1 F1381.3 X142.387 Y129.851 E123.67771
G1 F1376.3 X142.905 Y129.804 E123.68942
G1 F1381.3 X143.281 Y129.701 E123.69816
G1 F1356.9 X143.621 Y129.54 E123.70674
G1 F1319.6 X143.933 Y129.335 E123.71551
G1 F1275.7 X144.229 Y129.063 E123.72527
G1 F1207.5 X144.425 Y128.811 E123.73345
G1 F1153.2 X144.589 Y128.529 E123.74222
G1 F1087.8 X144.713 Y128.157 E123.75338
G1 F1010.5 X144.793 Y127.337 E123.77863
G1 F952.9 X144.745 Y126.996 E123.78983
G1 F918.7 X144.664 Y126.741 E123.79885
G1 F901.4 X144.527 Y126.466 E123.8094
G1 F882.8 X144.343 Y126.182 E123.82127
G1 F862.9 X144.135 Y125.945 E123.83259
G1 F847.7 X143.921 Y125.753 E123.8431
G1 F853.3 X143.536 Y125.548 E123.85893
G1 F932 X143.437 Y125.447 E123.86363
G1 F1097.1 X143.293 Y125.136 E123.8733
G1 F1200 X143.289 Y124.446 E123.89111
G1 X143.311 Y123.641 E123.9119
G1 X143.375 Y122.632 E123.93799
G1 X143.481 Y121.456 E123.96847
G1 X143.607 Y120.363 E123.99686
G1 X143.779 Y119.185 E124.02759
G1 X143.974 Y118.217 E124.05308
G1 X144.208 Y117.371 E124.07573
G1 X144.44 Y116.923 E124.08875
G1 X144.529 Y116.515 E124.09953
G1 X144.694 Y116.069 E124.1118
G1 X144.935 Y115.565 E124.12622
G1 X145.215 Y115.069 E124.14092
G1 X145.516 Y114.598 E124.15535
G1 X145.82 Y114.163 E124.16905
G1 X146.111 Y113.793 E124.1812
G1 X146.349 Y113.529 E124.19037
G1 X146.887 Y113.022 E124.20945
G1 X147.34 Y112.662 E124.22439
G1 X147.95 Y112.299 E124.24271
G1 X148.566 Y112.049 E124.25986
G1 X149.225 Y111.837 E124.27773
G1 X149.528 Y111.764 E124.28578
G1 X149.961 Y111.693 E124.2971
G1 X150.949 Y111.795 E124.32274
G1 X151.989 Y112.256 E124.3521
G1 X152.342 Y112.488 E124.363
G1 X152.786 Y112.831 E124.37748
G1 X153.075 Y113.112 E124.38788
G1 X153.55 Y113.612 E124.40568
G1 X153.883 Y114.008 E124.41904
G1 X154.227 Y114.467 E124.43384
G1 X154.43 Y114.76 E124.44304
G1 X155.032 Y115.717 E124.47222
G1 X155.345 Y116.254 E124.48827
G1 X155.646 Y116.814 E124.50467
G1 X155.913 Y117.361 E124.52038
G1 X156.114 Y117.883 E124.53482
G1 X156.179 Y118.158 E124.54212
G1 X156.171 Y118.408 E124.54857
G1 X156.055 Y118.605 E124.55447
G1 X155.676 Y118.922 E124.56722
G1 X155.441 Y119.266 E124.57798
G1 X155.25 Y119.611 E124.58815
G1 X155.137 Y120.007 E124.59878
G1 X155.136 Y120.557 E124.61298
G1 X155.181 Y120.914 E124.62227
G1 X155.314 Y121.297 E124.63273
G1 X155.52 Y121.656 E124.64341
G1 X155.79 Y121.987 E124.65444
G1 X156.084 Y122.261 E124.66481
G1 X156.449 Y122.495 E124.676
G1 X156.76 Y122.62 E124.68465
G1 X157.117 Y122.674 E124.69397
G1 X157.421 Y122.675 E124.70182
G1 X157.832 Y122.657 E124.71243
G1 X158.235 Y122.563 E124.72312
G1 X158.511 Y122.433 E124.73099
G1 X158.797 Y122.233 E124.74
G1 X159.239 Y121.802 E124.75593
G1 X159.495 Y121.403 E124.76817
G1 X159.639 Y120.889 E124.78194
G1 X159.716 Y120.706 E124.78707
G1 X159.712 Y120.443 E124.79386
G1 X159.693 Y120.155 E124.80131
G1 X159.656 Y119.903 E124.80788
G1 X159.543 Y119.528 E124.81799
G1 X159.424 Y119.29 E124.82486
G1 X159.132 Y118.879 E124.83787
G1 X158.788 Y118.586 E124.84953
G1 X158.404 Y118.331 E124.86143
G1 X158.12 Y118.196 E124.86954
G1 X157.87 Y118.161 E124.87606
G1 X157.397 Y118.159 E124.88827
G1 X157.22 Y118.063 E124.89346
G1 X157.054 Y117.853 E124.90037
G1 X156.97 Y117.449 E124.91102
G1 X156.56 Y116.074 E124.94806
G1 X156.422 Y115.509 E124.96307
G1 X156.304 Y114.899 E124.9791
G1 X156.189 Y114.195 E124.99751
G1 X156.123 Y113.603 E125.01289
G1 X156.059 Y112.194 E125.04929
G1 X156.467 Y110.371 E125.09751
G1 X156.642 Y109.865 E125.11133
G1 X156.927 Y109.351 E125.1265
G1 X157.316 Y108.86 E125.14266
G1 X157.745 Y108.46 E125.1578
G1 X158.276 Y108.092 E125.17448
G1 X158.829 Y107.825 E125.19033
G1 X159.429 Y107.649 E125.20646
G1 X160.216 Y107.576 E125.22686
G1 X161.016 Y107.63 E125.24756
G1 X161.776 Y107.783 E125.26757
G1 X162.415 Y107.997 E125.28496
G1 X163.011 Y108.27 E125.30188
G1 X163.528 Y108.561 E125.31719
G1 X164.041 Y108.899 E125.33305
G1 X164.526 Y109.255 E125.34858
G1 X164.966 Y109.599 E125.36299
G1 X165.238 Y109.838 E125.37234
G1 X165.655 Y110.236 E125.38722
G1 X166.685 Y111.279 E125.42505
G1 X167.213 Y111.848 E125.44508
G1 X167.643 Y112.341 E125.46197
G1 X167.98 Y112.787 E125.4764
G1 X168.118 Y113.077 E125.48468
G1 X168.144 Y113.348 E125.49171
G1 X167.881 Y113.949 E125.50864
G1 X167.759 Y114.258 E125.51722
G1 X167.693 Y114.54 E125.52469
G1 X167.691 Y114.821 E125.53195
G1 X167.743 Y115.286 E125.54402
G1 X167.877 Y115.71 E125.5555
G1 X168.09 Y116.09 E125.56674
G1 X168.364 Y116.426 E125.57793
G1 X168.715 Y116.727 E125.58987
G1 X169.097 Y116.948 E125.60126
G1 X169.479 Y117.077 E125.61166
G1 X170.008 Y117.139 E125.62541
G1 X170.466 Y117.066 E125.63738
G1 X170.974 Y116.863 E125.6515
G1 X171.297 Y116.681 E125.66107
G1 X171.655 Y116.403 E125.67277
G1 X171.842 Y116.135 E125.6812
G1 X171.97 Y115.918 E125.6877
G1 X172.217 Y115.371 E125.70319
G1 X172.271 Y114.828 E125.71728
G1 X172.264 Y114.459 E125.7268
G1 X172.148 Y114.052 E125.73773
G1 X171.954 Y113.685 E125.74844
G1 X171.667 Y113.305 E125.76073
G1 X171.353 Y113.001 E125.77201
G1 X171.005 Y112.756 E125.783
G1 X170.676 Y112.608 E125.79231
G1 X170.353 Y112.552 E125.80077
G1 X169.578 Y112.556 E125.82077
G1 X169.288 Y112.67 E125.82881
G1 X169.056 Y112.679 E125.83481
G1 X168.843 Y112.574 E125.84094
G1 X168.685 Y112.424 E125.84656
G1 X168.517 Y112.133 E125.85523
G1 X168.331 Y111.712 E125.86711
G1 X168.153 Y111.26 E125.87965
G1 X167.639 Y109.8 E125.9196
G1 X166.325 Y106.356 E126.01474
G1 X165.299 Y103.558 E126.09166
G1 X164.779 Y102.179 E126.12969
G1 X163.703 Y99.49 E126.20445
G1 X162.905 Y97.398 E126.26224
G1 X162.103 Y95.085 E126.32542
G1 X161.671 Y93.935 E126.35713
G1 X161.323 Y93.102 E126.38043
G1 X161.012 Y92.219 E126.40459
G1 X160.592 Y91.211 E126.43277
G1 X160.445 Y90.813 E126.44372
G1 X160.086 Y90.88 E126.45315
G1 X158.96 Y91.145 E126.48301
G1 X157.319 Y91.42 E126.52595
G1 X156.797 Y91.485 E126.53953
G1 X155.93 Y91.56 E126.56199
G1 X153.633 Y91.857 E126.62177
G1 X153.107 Y91.912 E126.63542
G1 X152.479 Y91.96 E126.65167
G1 X151.376 Y91.998 E126.68016
G1 X150.709 Y92.047 E126.69742
G1 X148.371 Y92.269 E126.75803
G1 X147.767 Y92.304 E126.77365
G1 X147.211 Y92.317 E126.788
G1 X145.882 Y92.324 E126.82231
G1 X142.976 Y92.379 E126.89732
G1 X141.587 Y92.378 E126.93317
G1 X140.987 Y92.364 E126.94866
G1 X138.206 Y92.261 E127.02049
G1 X136.922 Y92.229 E127.05364
G1 X136.332 Y92.195 E127.06889
G1 X134.032 Y92.022 E127.12842
G1 X133.473 Y91.994 E127.14287
G1 X132.351 Y91.967 E127.17184
G1 X131.759 Y91.923 E127.18716
G1 X131.216 Y91.861 E127.20126
G1 X128.991 Y91.564 E127.2592
G1 X128.239 Y91.488 E127.27871
G1 X127.907 Y91.444 E127.28735
G1 X126.842 Y91.247 E127.31531
G1 X126.064 Y91.129 E127.33561
G1 X124.627 Y90.799 E127.37367
G1 X116.595 Y111.997 E127.95874
G1 X116.515 Y112.432 E127.97016
G1 X116.321 Y112.623 E127.97719
G1 X116.042 Y112.701 E127.98466
G1 X115.48 Y112.561 E127.99961
G1 X114.966 Y112.551 E128.01288
G1 X114.637 Y112.571 E128.02139
G1 X114.168 Y112.745 E128.0343
G1 X113.62 Y113.055 E128.05055
G1 X113.155 Y113.629 E128.06961
G1 X112.958 Y113.957 E128.07949
G1 X112.886 Y114.247 E128.0872
G1 X112.864 Y114.522 E128.09432
G1 X112.865 Y115.075 E128.1086
G1 X112.913 Y115.45 E128.11835
G1 X113.058 Y115.828 E128.1288
G1 X113.272 Y116.163 E128.13906
G1 X113.572 Y116.492 E128.15055
G1 X113.922 Y116.766 E128.16203
G1 X114.281 Y116.961 E128.17257
G1 X114.643 Y117.082 E128.18242
G1 X115.038 Y117.129 E128.19269
G1 X115.456 Y117.099 E128.20351
G1 X115.848 Y117.005 E128.21391
G1 X116.156 Y116.87 E128.22259
G1 X116.438 Y116.684 E128.23131
G1 X116.698 Y116.443 E128.24046
G1 X116.91 Y116.186 E128.24906
G1 X117.112 Y115.869 E128.25876
G1 X117.289 Y115.534 E128.26854
G1 X117.376 Y115.113 E128.27963
G1 X117.378 Y114.484 E128.29587
G1 X117.304 Y114.18 E128.30394
G1 X117.187 Y113.892 E128.31197
G1 X116.929 Y113.435 E128.32551
G1 X116.949 Y113.134 E128.3333
G1 X117.057 Y112.851 E128.34111
G1 X117.277 Y112.641 E128.34896
G1 X117.699 Y112.016 E128.36843
G1 X118.38 Y111.227 E128.39533
G1 X119.225 Y110.397 E128.4259
G1 X120.195 Y109.572 E128.45877
G1 X121.22 Y108.826 E128.49149
G1 X122.335 Y108.172 E128.52485
G1 X123.362 Y107.747 E128.55354
G1 X124.302 Y107.589 E128.57814
G1 X125.096 Y107.586 E128.59863
G1 X125.85 Y107.681 E128.61824
G1 X126.625 Y107.974 E128.63963
G1 X127.289 Y108.41 E128.66013
G1 X127.837 Y108.943 E128.67986
G1 X128.32 Y109.627 E128.70147
G1 X128.659 Y110.341 E128.72187
G1 X128.88 Y111.125 E128.7429
G1 X128.959 Y111.981 E128.76508
G1 X128.958 Y113.462 E128.80331
G1 X128.93 Y113.857 E128.81353
G1 X128.864 Y114.359 E128.8266
G1 X128.764 Y114.95 E128.84207
G1 X128.65 Y115.537 E128.8575
G1 X128.511 Y116.17 E128.87423
G1 X128.375 Y116.709 E128.88857
G1 X128.247 Y117.128 E128.89988
G1 X128.141 Y117.365 E128.90658
G1 X128.01 Y117.858 E128.91975
G1 X127.889 Y118.027 E128.92511
G1 X127.708 Y118.139 E128.93061
G1 X127.238 Y118.173 E128.94277
G1 X126.859 Y118.265 E128.95284
G1 X126.547 Y118.423 E128.96186
G1 X126.1 Y118.734 E128.97592
G1 X125.799 Y119.126 E128.98867
G1 X125.577 Y119.46 E128.99902
G1 X125.419 Y119.838 E129.0096
G1 X125.418 Y120.873 E129.03631
G1 X125.474 Y121.149 E129.04358
G1 X125.628 Y121.471 E129.05279
G1 X125.842 Y121.788 E129.06266
G1 X126.021 Y121.992 E129.06967
G1 X126.253 Y122.194 E129.07761
G1 X126.577 Y122.421 E129.08782
G1 X126.91 Y122.602 E129.0976
G1 X127.147 Y122.67 E129.10396
G1 X127.638 Y122.675 E129.11664
G1 X128.013 Y122.659 E129.12633
G1 X128.441 Y122.568 E129.13762
G1 X128.878 Y122.362 E129.15009
G1 X129.194 Y122.136 E129.16012
G1 X129.416 Y121.926 E129.168
G1 X129.595 Y121.629 E129.17695
G1 X129.827 Y121.015 E129.19389
G1 X129.931 Y120.825 E129.19948
G1 X129.921 Y120.522 E129.20731
G1 X129.884 Y120.163 E129.21662
G1 X129.811 Y119.753 E129.22737
G1 X129.716 Y119.415 E129.23643
G1 X129.59 Y119.122 E129.24467
G1 X129.449 Y118.91 E129.25124
G1 X129.287 Y118.757 E129.25699
G1 X129.04 Y118.622 E129.26425
G1 X128.943 Y118.511 E129.26806
G1 X128.878 Y118.351 E129.27252
G1 X128.881 Y118.121 E129.27845
G1 X129.162 Y117.498 E129.29609
G1 X129.292 Y117.129 E129.30619
G1 X129.499 Y116.69 E129.31872
G1 X129.772 Y116.182 E129.3336
G1 X130.088 Y115.646 E129.34966
G1 X130.731 Y114.645 E129.38037
G1 X131.015 Y114.24 E129.39313
G1 X131.245 Y113.946 E129.40277
G1 X131.551 Y113.59 E129.41488
G1 X131.906 Y113.212 E129.42827
G1 X132.31 Y112.834 E129.44255
G1 X132.745 Y112.495 E129.45678
G1 X133.2 Y112.206 E129.47069
G1 X133.804 Y111.933 E129.4878
G1 X134.348 Y111.781 E129.50238
G1 X135.022 Y111.719 E129.51985
G1 X135.603 Y111.763 E129.53489
G1 X136.094 Y111.877 E129.5479
G1 X136.561 Y112.049 E129.56074
G1 X137 Y112.256 E129.57327
G1 X137.438 Y112.504 E129.58626
G1 X137.805 Y112.745 E129.59759
G1 X138.171 Y113.012 E129.60928
G1 X138.446 Y113.244 E129.61857
G1 X138.746 Y113.523 E129.62914
G1 X139.055 Y113.865 E129.64104
G1 X139.31 Y114.191 E129.65172
G1 X139.548 Y114.54 E129.66263
G1 X139.773 Y114.906 E129.67371
G1 X139.965 Y115.252 E129.68393
G1 X140.359 Y116.047 E129.70683
G1 X140.664 Y116.795 E129.72768
G1 X140.939 Y117.661 E129.75113
G1 X141.181 Y118.627 E129.77683
G1 X141.389 Y119.672 E129.80433
G1 X141.563 Y120.775 E129.83315
G1 X141.677 Y121.792 E129.85957
G1 X141.752 Y122.835 E129.88655
G1 X141.779 Y123.856 E129.91292
G1 X141.779 Y125.124 E129.94564
G1 F992.2 X141.64 Y125.485 E129.95772
G1 F851.4 X141.203 Y125.694 E129.97534
G1 F872.7 X140.913 Y125.977 E129.98972
G1 F912.1 X140.706 Y126.237 E130.001
G1 F952.9 X140.531 Y126.541 E130.0124
G1 F992.2 X140.397 Y126.848 E130.02286
G1 F1021.3 X140.301 Y127.214 E130.03434
G1 F1043.5 X140.265 Y127.531 E130.0438
G1 F1094 X140.308 Y127.978 E130.05652
G1 F1170.7 X140.452 Y128.416 E130.06872
G1 F1230.8 X140.605 Y128.728 E130.07746
G1 F1271.5 X140.813 Y129.039 E130.08657
G1 F1306.1 X141.02 Y129.238 E130.09338
G1 F1396.4 X141.295 Y129.438 E130.10092
G1 F1471.3 X141.515 Y129.567 E130.10629
G1 F1432.8 X141.748 Y129.679 E130.11188
G1 F1396.4 X142.056 Y129.807 E130.11928
G0 F6000 X142.177 Y129.558
G1 F1401.5 X141.853 Y129.427 E130.127
G1 F1406.6 X141.475 Y129.256 E130.13614
G1 F1361.7 X141.213 Y129.021 E130.14414
G1 F1306.1 X141.021 Y128.823 E130.15068
G1 F1242.7 X140.781 Y128.417 E130.16244
G1 F1163.6 X140.642 Y127.924 E130.17607
G1 F1084.7 X140.63 Y127.428 E130.19024
G1 F1029.5 X140.752 Y126.977 E130.20429
G1 F992.2 X140.881 Y126.725 E130.21313
G1 F952.9 X141.027 Y126.488 E130.22218
G1 F916.5 X141.374 Y126.119 E130.23929
G1 F870.7 X141.839 Y125.881 E130.25788
G1 F992.2 X142.34 Y125.834 E130.27358
G1 F1200 X142.7 Y125.834 E130.28287
G1 F1005.2 X143.331 Y125.941 E130.30259
G1 F864.9 X143.709 Y126.153 E130.31811
G1 F870.7 X144.057 Y126.516 E130.336
G1 F927.5 X144.309 Y126.964 E130.35316
G1 F1018.6 X144.418 Y127.433 E130.3678
G1 F1100.3 X144.393 Y127.997 E130.3837
G1 F1167.2 X144.266 Y128.437 E130.39585
G1 F1222.9 X143.994 Y128.865 E130.40869
G1 F1275.7 X143.677 Y129.175 E130.41946
G1 F1338 X143.222 Y129.431 E130.43154
G1 F1381.3 X142.775 Y129.549 E130.44191
G1 F1391.3 X142.177 Y129.558 E130.45522
G0 F6000 X142.216 Y129.293
;TYPE:WALL-OUTER
G1 F1200 X141.622 Y129.055 E130.47174
G1 X141.243 Y128.671 E130.48566
G1 X141.047 Y128.333 E130.49575
G1 X140.93 Y127.901 E130.5073
G1 X140.93 Y127.505 E130.51752
G1 X141.04 Y127.091 E130.52857
G1 X141.236 Y126.748 E130.53877
G1 X141.541 Y126.433 E130.55009
G1 X141.881 Y126.236 E130.56023
G1 X142.288 Y126.12 E130.57115
G1 X142.729 Y126.114 E130.58253
G1 X143.159 Y126.236 E130.59407
G1 X143.512 Y126.445 E130.60466
G1 X143.8 Y126.741 E130.61532
G1 X143.991 Y127.071 E130.62516
G1 X144.111 Y127.497 E130.63658
G1 X144.11 Y127.913 E130.64732
G1 X144.004 Y128.308 E130.65787
G1 X143.784 Y128.689 E130.66923
G1 X143.476 Y128.988 E130.68031
G1 X143.142 Y129.181 E130.69027
G1 X142.719 Y129.294 E130.70157
G1 X142.216 Y129.293 E130.71455
G0 F6000 X141.986 Y130.058
G1 F1200 X142.271 Y130.099 E130.72198
G1 X142.532 Y130.1 E130.72872
G1 X142.951 Y130.06 E130.73958
G1 X143.369 Y129.946 E130.75076
G1 X143.739 Y129.778 E130.76125
G1 X144.094 Y129.55 E130.77214
G1 X144.403 Y129.28 E130.78273
G1 X144.658 Y128.977 E130.79295
G1 X144.851 Y128.652 E130.80271
G1 X144.977 Y128.291 E130.81258
G1 X145.111 Y127.342 E130.83731
G1 X145.067 Y126.93 E130.84801
G1 X144.973 Y126.621 E130.85634
G1 X144.821 Y126.303 E130.86544
G1 X144.616 Y125.98 E130.87531
G1 X144.395 Y125.716 E130.8842
G1 X144.135 Y125.477 E130.89332
G1 X143.904 Y125.326 E130.90044
G1 X143.681 Y125.239 E130.90662
G1 X143.569 Y125.125 E130.91074
G1 X143.569 Y124.454 E130.92806
G1 X143.591 Y123.659 E130.94859
G1 X143.654 Y122.657 E130.9745
G1 X143.759 Y121.488 E131.00479
G1 X143.885 Y120.404 E131.03296
G1 X144.058 Y119.215 E131.06397
G1 X144.24 Y118.306 E131.0879
G1 X144.465 Y117.494 E131.10964
G1 X144.706 Y117.017 E131.12344
G1 X144.786 Y116.63 E131.13364
G1 X144.959 Y116.162 E131.14651
G1 X145.179 Y115.702 E131.15967
G1 X145.444 Y115.231 E131.17362
G1 X145.745 Y114.758 E131.18809
G1 X146.041 Y114.335 E131.20142
G1 X146.319 Y113.981 E131.21304
G1 X146.554 Y113.72 E131.2221
G1 X147.062 Y113.241 E131.24012
G1 X147.506 Y112.889 E131.25475
G1 X148.077 Y112.549 E131.2719
G1 X148.684 Y112.304 E131.28879
G1 X149.291 Y112.109 E131.30525
G1 X149.59 Y112.037 E131.31318
G1 X149.96 Y111.977 E131.32286
G1 X150.89 Y112.071 E131.34698
G1 X151.853 Y112.501 E131.3742
G1 X152.172 Y112.71 E131.38405
G1 X152.573 Y113.016 E131.39707
G1 X152.872 Y113.306 E131.40782
G1 X153.336 Y113.793 E131.42518
G1 X153.676 Y114.198 E131.43883
G1 X153.997 Y114.626 E131.45264
G1 X154.193 Y114.909 E131.46152
G1 X154.79 Y115.858 E131.49046
G1 X155.099 Y116.387 E131.50627
G1 X155.395 Y116.938 E131.52241
G1 X155.652 Y117.465 E131.53755
G1 X155.841 Y117.947 E131.55091
G1 X155.923 Y118.294 E131.56011
G1 X155.855 Y118.409 E131.56356
G1 X155.536 Y118.676 E131.5743
G1 X155.367 Y118.878 E131.58109
G1 X155.203 Y119.119 E131.58862
G1 X155.058 Y119.38 E131.59632
G1 X154.955 Y119.624 E131.60316
G1 X154.857 Y119.967 E131.61237
G1 X154.856 Y120.575 E131.62806
G1 X154.907 Y120.978 E131.63854
G1 X155.058 Y121.413 E131.65043
G1 X155.289 Y121.816 E131.66242
G1 X155.586 Y122.178 E131.6745
G1 X155.912 Y122.483 E131.68602
G1 X156.32 Y122.745 E131.69854
G1 X156.686 Y122.892 E131.70872
G1 X157.096 Y122.954 E131.71942
G1 X157.426 Y122.955 E131.72794
G1 X157.713 Y122.943 E131.73535
G1 X157.987 Y122.908 E131.74248
G1 X158.327 Y122.829 E131.75149
G1 X158.652 Y122.676 E131.76076
G1 X158.976 Y122.45 E131.77096
G1 X159.458 Y121.979 E131.78835
G1 X159.753 Y121.519 E131.80246
G1 X159.913 Y120.953 E131.81764
G1 X159.997 Y120.763 E131.823
G1 X159.992 Y120.432 E131.83154
G1 X159.971 Y120.126 E131.83946
G1 X159.93 Y119.842 E131.84686
G1 X159.804 Y119.425 E131.85811
G1 X159.664 Y119.145 E131.86619
G1 X159.339 Y118.688 E131.88066
G1 X158.859 Y118.279 E131.89694
G1 X158.537 Y118.085 E131.90664
G1 X158.202 Y117.924 E131.91623
G1 X157.89 Y117.881 E131.92436
G1 X157.476 Y117.877 E131.93505
G1 X157.324 Y117.758 E131.94003
G1 X157.242 Y117.381 E131.94999
G1 X156.826 Y115.984 E131.98761
G1 X156.697 Y115.456 E132.00164
G1 X156.58 Y114.854 E132.01747
G1 X156.468 Y114.165 E132.03548
G1 X156.401 Y113.558 E132.05124
G1 X156.341 Y112.214 E132.08597
G1 X156.732 Y110.462 E132.1323
G1 X156.898 Y109.978 E132.1455
G1 X157.159 Y109.508 E132.15938
G1 X157.509 Y109.063 E132.17399
G1 X157.918 Y108.68 E132.18845
G1 X158.413 Y108.336 E132.20401
G1 X158.93 Y108.086 E132.21883
G1 X159.491 Y107.922 E132.23392
G1 X160.163 Y107.856 E132.25135
G1 X161.023 Y107.913 E132.27359
G1 X161.688 Y108.049 E132.29111
G1 X162.298 Y108.251 E132.3077
G1 X162.874 Y108.514 E132.32404
G1 X163.403 Y108.813 E132.33972
G1 X163.894 Y109.138 E132.35492
G1 X164.354 Y109.476 E132.36965
G1 X164.781 Y109.81 E132.38364
G1 X165.044 Y110.041 E132.39268
G1 X165.456 Y110.433 E132.40736
G1 X166.489 Y111.48 E132.44532
G1 X167.001 Y112.032 E132.46475
G1 X167.44 Y112.536 E132.482
G1 X167.745 Y112.939 E132.49505
G1 X167.855 Y113.172 E132.5017
G1 X167.865 Y113.287 E132.50468
G1 X167.637 Y113.805 E132.51928
G1 X167.491 Y114.174 E132.52952
G1 X167.413 Y114.506 E132.53833
G1 X167.411 Y114.835 E132.54682
G1 X167.468 Y115.345 E132.56006
G1 X167.619 Y115.822 E132.57298
G1 X167.858 Y116.248 E132.58558
G1 X168.162 Y116.622 E132.59802
G1 X168.553 Y116.957 E132.61131
G1 X168.98 Y117.204 E132.62404
G1 X169.417 Y117.352 E132.63595
G1 X170.01 Y117.421 E132.65136
G1 X170.54 Y117.337 E132.66521
G1 X171.095 Y117.117 E132.68062
G1 X171.452 Y116.915 E132.69121
G1 X171.86 Y116.598 E132.70454
G1 X172.078 Y116.287 E132.71434
G1 X172.22 Y116.047 E132.72154
G1 X172.491 Y115.444 E132.7386
G1 X172.551 Y114.839 E132.7543
G1 X172.543 Y114.417 E132.76519
G1 X172.41 Y113.947 E132.7778
G1 X172.191 Y113.534 E132.78986
G1 X171.877 Y113.118 E132.80331
G1 X171.533 Y112.785 E132.81567
G1 X171.144 Y112.511 E132.82795
G1 X170.759 Y112.338 E132.83885
G1 X170.377 Y112.272 E132.84885
G1 X169.523 Y112.276 E132.87089
G1 X169.21 Y112.401 E132.87959
G1 X169.113 Y112.404 E132.8821
G1 X168.915 Y112.263 E132.88837
G1 X168.752 Y111.977 E132.89687
G1 X168.591 Y111.61 E132.90721
G1 X168.417 Y111.166 E132.91952
G1 X167.901 Y109.701 E132.95961
G1 X166.588 Y106.259 E133.05469
G1 X165.561 Y103.459 E133.13166
G1 X165.039 Y102.075 E133.16984
G1 X163.965 Y99.39 E133.24448
G1 X163.17 Y97.306 E133.30205
G1 X162.366 Y94.989 E133.36535
G1 X161.932 Y93.831 E133.39727
G1 X161.587 Y93.009 E133.42027
G1 X161.274 Y92.118 E133.44465
G1 X160.855 Y91.114 E133.47273
G1 X160.626 Y90.494 E133.48979
G1 X160.037 Y90.603 E133.50525
G1 X158.914 Y90.869 E133.53503
G1 X157.284 Y91.142 E133.57769
G1 X156.773 Y91.206 E133.59098
G1 X155.9 Y91.281 E133.6136
G1 X153.603 Y91.578 E133.67337
G1 X153.085 Y91.633 E133.68682
G1 X152.469 Y91.68 E133.70276
G1 X151.361 Y91.718 E133.73138
G1 X150.792 Y91.759 E133.7461
G1 X148.354 Y91.989 E133.80931
G1 X147.761 Y92.024 E133.82464
G1 X147.21 Y92.037 E133.83886
G1 X145.876 Y92.044 E133.87329
G1 X142.976 Y92.099 E133.94816
G1 X141.594 Y92.098 E133.98383
G1 X140.997 Y92.084 E133.99924
G1 X138.214 Y91.981 E134.07112
G1 X136.938 Y91.949 E134.10406
G1 X136.353 Y91.916 E134.11918
G1 X134.049 Y91.742 E134.17882
G1 X133.483 Y91.714 E134.19344
G1 X132.372 Y91.688 E134.22213
G1 X131.791 Y91.645 E134.23716
G1 X131.253 Y91.584 E134.25114
G1 X129.023 Y91.286 E134.30921
G1 X128.276 Y91.211 E134.32858
G1 X127.958 Y91.168 E134.33686
G1 X126.889 Y90.971 E134.36492
G1 X126.127 Y90.856 E134.38481
G1 X124.832 Y90.558 E134.41911
G1 X124.444 Y90.496 E134.42925
G1 X116.323 Y111.923 E135.02066
G1 X116.261 Y112.275 E135.02989
G1 X116.175 Y112.384 E135.03347
G1 X116.068 Y112.414 E135.03634
G1 X115.517 Y112.282 E135.05096
G1 X114.96 Y112.271 E135.06534
G1 X114.578 Y112.293 E135.07522
G1 X114.049 Y112.49 E135.08979
G1 X113.436 Y112.838 E135.10798
G1 X112.925 Y113.468 E135.12892
G1 X112.696 Y113.845 E135.1403
G1 X112.609 Y114.202 E135.14979
G1 X112.584 Y114.511 E135.15779
G1 X112.585 Y115.094 E135.17284
G1 X112.64 Y115.519 E135.1839
G1 X112.807 Y115.955 E135.19595
G1 X113.049 Y116.334 E135.20755
G1 X113.381 Y116.698 E135.22027
G1 X113.768 Y117.002 E135.23297
G1 X114.169 Y117.218 E135.24473
G1 X114.581 Y117.356 E135.25594
G1 X115.031 Y117.411 E135.26764
G1 X115.5 Y117.376 E135.27978
G1 X115.938 Y117.271 E135.2914
G1 X116.291 Y117.117 E135.30134
G1 X116.611 Y116.905 E135.31125
G1 X116.903 Y116.635 E135.32152
G1 X117.136 Y116.351 E135.331
G1 X117.354 Y116.01 E135.34144
G1 X117.558 Y115.622 E135.35276
G1 X117.656 Y115.142 E135.3654
G1 X117.658 Y114.451 E135.38324
G1 X117.572 Y114.094 E135.39271
G1 X117.44 Y113.77 E135.40174
G1 X117.205 Y113.355 E135.41405
G1 X117.288 Y113.023 E135.42289
G1 X117.491 Y112.825 E135.4302
G1 X117.911 Y112.199 E135.44966
G1 X118.577 Y111.427 E135.47598
G1 X119.407 Y110.61 E135.50604
G1 X120.36 Y109.799 E135.53833
G1 X121.401 Y109.042 E135.57155
G1 X122.417 Y108.443 E135.602
G1 X123.461 Y108.014 E135.63113
G1 X124.348 Y107.865 E135.65434
G1 X125.063 Y107.864 E135.67279
G1 X125.804 Y107.959 E135.69208
G1 X126.479 Y108.214 E135.7107
G1 X127.112 Y108.628 E135.73022
G1 X127.646 Y109.151 E135.74951
G1 X128.077 Y109.766 E135.7689
G1 X128.402 Y110.454 E135.78853
G1 X128.609 Y111.204 E135.80862
G1 X128.679 Y111.981 E135.82875
G1 X128.678 Y113.443 E135.86649
G1 X128.652 Y113.821 E135.87626
G1 X128.588 Y114.313 E135.88907
G1 X128.489 Y114.896 E135.90433
G1 X128.377 Y115.477 E135.9196
G1 X128.239 Y116.102 E135.93612
G1 X128.09 Y116.685 E135.95165
G1 X127.979 Y117.042 E135.9613
G1 X127.875 Y117.273 E135.96784
G1 X127.752 Y117.749 E135.98053
G1 X127.623 Y117.867 E135.98504
G1 X127.196 Y117.895 E135.99609
G1 X126.761 Y118 E136.00764
G1 X126.403 Y118.182 E136.018
G1 X125.904 Y118.529 E136.03369
G1 X125.571 Y118.963 E136.04781
G1 X125.329 Y119.327 E136.05909
G1 X125.139 Y119.782 E136.07182
G1 X125.138 Y120.901 E136.1007
G1 X125.207 Y121.238 E136.10958
G1 X125.384 Y121.611 E136.12023
G1 X125.62 Y121.959 E136.13109
G1 X125.823 Y122.191 E136.13904
G1 X126.081 Y122.415 E136.14786
G1 X126.429 Y122.659 E136.15883
G1 X126.804 Y122.863 E136.16985
G1 X127.107 Y122.95 E136.17798
G1 X127.642 Y122.955 E136.19179
G1 X127.913 Y122.943 E136.19879
G1 X128.181 Y122.909 E136.20577
G1 X128.531 Y122.835 E136.215
G1 X129.02 Y122.604 E136.22896
G1 X129.372 Y122.353 E136.24012
G1 X129.636 Y122.103 E136.2495
G1 X129.849 Y121.751 E136.26012
G1 X130.073 Y121.15 E136.27667
G1 X130.213 Y120.894 E136.2842
G1 X130.201 Y120.503 E136.2943
G1 X130.161 Y120.124 E136.30414
G1 X130.084 Y119.69 E136.31551
G1 X129.981 Y119.321 E136.3254
G1 X129.837 Y118.988 E136.33477
G1 X129.665 Y118.728 E136.34281
G1 X129.448 Y118.524 E136.3505
G1 X129.22 Y118.407 E136.35711
G1 X129.153 Y118.294 E136.3605
G1 X129.154 Y118.207 E136.36275
G1 X129.422 Y117.602 E136.37983
G1 X129.545 Y117.248 E136.3895
G1 X129.746 Y116.823 E136.40163
G1 X130.014 Y116.324 E136.41625
G1 X130.324 Y115.797 E136.43203
G1 X130.96 Y114.806 E136.46243
G1 X131.236 Y114.412 E136.47484
G1 X131.458 Y114.128 E136.48415
G1 X131.755 Y113.782 E136.49591
G1 X132.098 Y113.416 E136.50886
G1 X132.484 Y113.054 E136.52252
G1 X132.895 Y112.732 E136.53599
G1 X133.352 Y112.442 E136.54996
G1 X133.868 Y112.206 E136.56461
G1 X134.413 Y112.056 E136.5792
G1 X135.069 Y111.999 E136.59619
G1 X135.589 Y112.044 E136.60966
G1 X136.013 Y112.145 E136.62091
G1 X136.479 Y112.319 E136.63375
G1 X136.888 Y112.514 E136.64545
G1 X137.29 Y112.742 E136.65738
G1 X137.641 Y112.972 E136.66821
G1 X137.991 Y113.226 E136.67937
G1 X138.256 Y113.449 E136.68831
G1 X138.552 Y113.725 E136.69875
G1 X138.835 Y114.038 E136.70964
G1 X139.079 Y114.349 E136.71985
G1 X139.31 Y114.687 E136.73041
G1 X139.522 Y115.03 E136.74082
G1 X139.714 Y115.377 E136.75106
G1 X140.112 Y116.18 E136.77419
G1 X140.409 Y116.915 E136.79465
G1 X140.676 Y117.757 E136.81745
G1 X140.911 Y118.703 E136.8426
G1 X141.112 Y119.716 E136.86926
G1 X141.284 Y120.806 E136.89774
G1 X141.399 Y121.831 E136.92436
G1 X141.472 Y122.864 E136.95109
G1 X141.499 Y123.856 E136.9767
G1 X141.495 Y125.095 E137.00868
G1 X141.423 Y125.214 E137.01227
G1 X141.155 Y125.33 E137.01981
G1 X140.908 Y125.504 E137.02761
G1 X140.657 Y125.758 E137.03682
G1 X140.432 Y126.061 E137.04656
G1 X140.242 Y126.405 E137.05671
G1 X140.103 Y126.752 E137.06635
G1 X139.997 Y127.162 E137.07728
G1 X139.964 Y127.526 E137.08672
G1 X139.979 Y127.789 E137.09352
G1 X140.027 Y128.047 E137.10029
G1 X140.146 Y128.426 E137.11054
G1 X140.369 Y128.867 E137.1233
G1 X140.607 Y129.215 E137.13418
G1 X140.855 Y129.447 E137.14294
G1 X141.166 Y129.652 E137.15256
G1 X141.39 Y129.786 E137.15929
G1 X141.636 Y129.91 E137.1664
G1 X141.986 Y130.058 E137.17621
G1 F2700 E130.17621
G0 F6000 X142.057 Y129.808
G0 X140.295 Y128.239
G0 X141.265 Y125.498
G0 X141.691 Y125.325
G0 X141.671 Y122.852
G0 X141.474 Y120.738
G0 X141.105 Y118.658
G0 X140.595 Y116.844
G0 X139.904 Y115.309
G0 X139.237 Y114.228
G0 X138.382 Y113.294
G0 X137.387 Y112.568
G0 X136.544 Y112.13
G0 X135.609 Y111.846
G0 X135.051 Y111.797
G0 X134.361 Y111.862
G0 X133.792 Y112.022
G0 X132.773 Y112.574
G0 X131.956 Y113.278
G0 X131.073 Y114.298
G0 X129.84 Y116.229
G0 X129.234 Y117.536
G0 X128.841 Y118.436
G0 X129.89 Y119.733
G0 X129.896 Y121.057
G0 X128.917 Y122.434
G0 X127.137 Y122.777
G0 X125.558 Y121.515
G0 X125.495 Y119.437
G0 X126.825 Y118.19
G0 X127.876 Y118.044
G0 X128.432 Y116.145
G0 X128.85 Y113.834
G0 X128.877 Y111.962
G0 X128.804 Y111.154
G0 X128.586 Y110.378
G0 X128.245 Y109.657
G0 X127.785 Y109.006
G0 X127.221 Y108.456
G0 X126.571 Y108.035
G0 X125.833 Y107.758
G0 X125.058 Y107.664
G0 X124.349 Y107.664
G0 X123.383 Y107.827
G0 X122.344 Y108.256
G0 X121.281 Y108.882
G0 X120.234 Y109.645
G0 X119.266 Y110.47
G0 X118.425 Y111.299
G0 X117.126 Y112.884
G0 X116.967 Y113.333
G0 X117.458 Y115.115
G0 X116.326 Y116.757
G0 X115.013 Y117.066
G0 X115.045 Y116.804
;TYPE:SKIN
G1 F2700 E137.17621
G1 F1200 X114.711 Y116.762 E137.18707
G1 X114.417 Y116.663 E137.19708
G1 X114.104 Y116.495 E137.20854
G1 X113.789 Y116.248 E137.22146
G1 X113.533 Y115.967 E137.23372
G1 X113.351 Y115.681 E137.24466
G1 X113.23 Y115.366 E137.25554
G1 X113.189 Y115.05 E137.26582
G1 X113.189 Y114.376 E137.28757
G1 X113.261 Y114.084 E137.29727
G1 X113.424 Y113.811 E137.30753
G1 X113.833 Y113.306 E137.3285
G1 X114.3 Y113.043 E137.34579
G1 X114.705 Y112.892 E137.35973
G1 X114.974 Y112.876 E137.36843
G1 X115.438 Y112.885 E137.3834
G1 X116.037 Y113.032 E137.4033
G1 X116.48 Y112.91 E137.41812
G1 F1134.8 X116.758 Y112.67 E137.43065
G1 X116.632 Y113.076 E137.44515
G1 F1200 X116.606 Y113.509 E137.45915
G1 X116.894 Y114.033 E137.47844
G1 X116.994 Y114.28 E137.48704
G1 X117.053 Y114.523 E137.4951
G1 X117.052 Y115.077 E137.51298
G1 X116.962 Y115.458 E137.52561
G1 X116.834 Y115.703 E137.53453
G1 X116.65 Y115.991 E137.54555
G1 X116.465 Y116.216 E137.55495
G1 X116.232 Y116.429 E137.56513
G1 X116.002 Y116.584 E137.57408
G1 X115.744 Y116.696 E137.58316
G1 X115.41 Y116.776 E137.59424
G1 X115.045 Y116.804 E137.60605
G1 F2700 E130.60605
G0 F6000 X115.013 Y117.066
G0 X116.494 Y116.745
G0 X117.458 Y115.115
G0 X116.967 Y113.333
G0 X117.126 Y112.884
G0 X118.425 Y111.299
G0 X119.266 Y110.47
G0 X120.234 Y109.645
G0 X121.281 Y108.882
G0 X122.344 Y108.256
G0 X123.383 Y107.827
G0 X124.349 Y107.664
G0 X125.058 Y107.664
G0 X125.833 Y107.758
G0 X126.571 Y108.035
G0 X127.221 Y108.456
G0 X127.785 Y109.006
G0 X128.245 Y109.657
G0 X128.586 Y110.378
G0 X128.804 Y111.154
G0 X128.877 Y111.962
G0 X128.85 Y113.834
G0 X128.432 Y116.145
G0 X127.876 Y118.044
G0 X126.061 Y118.658
G0 X125.337 Y119.822
G0 X125.726 Y121.626
G0 X127.049 Y122.579
G0 X127.116 Y122.345
G1 F2700 E137.60605
G1 F1200 X126.747 Y122.143 E137.61962
G1 X126.457 Y121.938 E137.63108
G1 X126.165 Y121.687 E137.6435
G1 X125.912 Y121.311 E137.65812
G1 X125.782 Y121.037 E137.66791
G1 X125.742 Y120.847 E137.67417
G1 X125.743 Y119.904 E137.70459
G1 X125.867 Y119.61 E137.71489
G1 X126.063 Y119.316 E137.72629
G1 X126.326 Y118.973 E137.74023
G1 X126.719 Y118.7 E137.75567
G1 X126.972 Y118.571 E137.76483
G1 X127.285 Y118.495 E137.77522
G1 X127.799 Y118.455 E137.79186
G1 X128.078 Y118.288 E137.80235
G1 F1030 X128.438 Y118.033 E137.81893
G1 X128.571 Y118.453 E137.83549
G1 F1200 X128.679 Y118.699 E137.84415
G1 X128.907 Y118.924 E137.85449
G1 X129.091 Y119.023 E137.86123
G1 X129.307 Y119.284 E137.87216
G1 X129.408 Y119.521 E137.88047
G1 X129.491 Y119.8 E137.88986
G1 X129.572 Y120.293 E137.90598
G1 X129.604 Y120.746 E137.92063
G1 X129.532 Y120.878 E137.92548
G1 X129.302 Y121.487 E137.94649
G1 X129.115 Y121.795 E137.95811
G1 X128.716 Y122.078 E137.97389
G1 X128.332 Y122.259 E137.98759
G1 X128.084 Y122.312 E137.99577
G1 X127.762 Y122.352 E138.00624
G1 X127.116 Y122.345 E138.02708
G0 F6000 X127.049 Y122.579
G0 X128.114 Y122.514
G0 X128.402 Y122.452
G0 X129.117 Y122.042
G0 X129.321 Y121.849
G0 X129.808 Y120.795
G0 X129.693 Y119.78
G0 X129.483 Y119.178
G0 X128.878 Y118.478
G0 X128.822 Y118.1
G0 X128.435 Y118.023
G1 F685.7 X128.609 Y117.524 E138.05692
G1 F654 X128.714 Y117.29 E138.0721
G1 F641.7 X128.861 Y116.857 E138.09969
G1 F2700 E131.09969
G0 F6000 X129.263 Y117.047
G0 X131.302 Y114.004
G0 X132.345 Y112.912
G0 X133.255 Y112.268
G0 X133.792 Y112.022
G0 X134.361 Y111.862
G0 X135.051 Y111.797
G0 X136.073 Y111.956
G0 X136.976 Y112.334
G0 X138.095 Y113.058
G0 X138.98 Y113.903
G0 X139.696 Y114.933
G0 X141.054 Y117.622
G0 X141.901 Y123.856
G0 X141.748 Y125.684
G0 X143.91 Y126.066
G0 X143.527 Y125.719
G0 X143.166 Y125.197
G0 X143.857 Y118.184
G0 X145 Y115.615
G0 X145.875 Y114.225
G0 X146.408 Y113.584
G0 X147.378 Y112.735
G0 X147.992 Y112.368
G0 X149.539 Y111.843
G0 X149.972 Y111.774
G0 X150.977 Y111.88
G0 X151.949 Y112.326
G0 X152.703 Y112.865
G0 X153.828 Y114.069
G0 X156.006 Y117.273
G0 X156.187 Y118.651
G0 X155.764 Y119.009
G0 X155.364 Y119.655
G0 X155.258 Y120.021
G0 X155.3 Y120.886
G0 X155.621 Y121.587
G0 X156.159 Y122.165
G0 X156.793 Y122.502
G0 X157.418 Y122.554
G0 X158.195 Y122.448
G0 X158.72 Y122.14
G0 X159.143 Y121.727
G0 X159.383 Y121.352
G0 X159.606 Y120.654
G0 X159.561 Y120.006
G0 X159.393 Y119.456
G0 X159.04 Y118.959
G0 X158.347 Y118.438
G0 X158.019 Y118.284
G0 X157.149 Y118.161
G0 X156.384 Y114.892
G0 X156.203 Y113.582
G0 X156.141 Y112.2
G0 X156.539 Y110.414
G0 X156.716 Y109.897
G0 X156.991 Y109.398
G0 X157.361 Y108.93
G0 X157.8 Y108.517
G0 X158.306 Y108.167
G0 X158.862 Y107.899
G0 X159.464 Y107.724
G0 X160.178 Y107.656
G0 X161.037 Y107.713
G0 X161.723 Y107.851
G0 X162.953 Y108.331
G0 X164.002 Y108.973
G0 X165.176 Y109.893
G0 X167.147 Y111.897
G0 X167.921 Y112.841
G0 X168.101 Y113.235
G0 X167.66 Y115.288
G0 X168.295 Y116.191
G0 X169.099 Y116.879
G0 X169.232 Y116.651
G1 F2700 E138.09969
G1 F1200 X168.909 Y116.464 E138.11173
G1 X168.593 Y116.193 E138.12516
G1 X168.363 Y115.912 E138.13688
G1 X168.174 Y115.574 E138.14937
G1 X168.064 Y115.224 E138.16121
G1 X167.999 Y114.656 E138.17965
G1 X168.069 Y114.36 E138.18946
G1 X168.183 Y114.07 E138.19952
G1 F1182.3 X168.469 Y113.404 E138.22325
G1 F1142.9 X168.428 Y112.947 E138.23879
G1 F985.6 X168.346 Y112.632 E138.25158
G1 X168.612 Y112.82 E138.26437
G1 F1162.2 X168.945 Y112.979 E138.27667
G1 F1200 X169.277 Y113.023 E138.28747
G1 X169.643 Y112.88 E138.30015
G1 X170.331 Y112.877 E138.32235
G1 X170.577 Y112.92 E138.3304
G1 X170.84 Y113.038 E138.3397
G1 X171.151 Y113.256 E138.35196
G1 X171.42 Y113.516 E138.36402
G1 X171.678 Y113.861 E138.37792
G1 X171.844 Y114.172 E138.3893
G1 X171.94 Y114.511 E138.40066
G1 X171.946 Y114.809 E138.41028
G1 X171.897 Y115.287 E138.42578
G1 X171.647 Y115.846 E138.44554
G1 X171.416 Y116.177 E138.45856
G1 X171.113 Y116.412 E138.47093
G1 X170.87 Y116.55 E138.47995
G1 X170.378 Y116.75 E138.49708
G1 X169.999 Y116.809 E138.50946
G1 X169.547 Y116.757 E138.52414
G1 X169.232 Y116.651 E138.53486
G0 F6000 X169.099 Y116.879
G0 X168.451 Y116.341
G0 X167.989 Y115.661
G0 X167.862 Y115.261
G0 X167.814 Y114.555
G0 X168.147 Y113.698
G0 X168.04 Y112.777
G0 X168.346 Y112.632
G1 F842.1 X168.121 Y112.279 E138.5541
G1 F2700 E131.5541
G0 F6000 X167.835 Y112.495
G0 X164.906 Y109.655
G0 X163.503 Y108.641
G0 X162.363 Y108.063
G0 X161.723 Y107.851
G0 X161.037 Y107.713
G0 X160.178 Y107.656
G0 X159.464 Y107.724
G0 X158.862 Y107.899
G0 X158.306 Y108.167
G0 X157.8 Y108.517
G0 X157.361 Y108.93
G0 X156.991 Y109.398
G0 X156.716 Y109.897
G0 X156.539 Y110.414
G0 X156.141 Y112.2
G0 X156.273 Y114.208
G0 X156.938 Y117.892
G0 X157.371 Y118.28
G0 X158.019 Y118.284
G0 X158.713 Y118.681
G0 X159.04 Y118.959
G0 X159.393 Y119.456
G0 X159.561 Y120.006
G0 X159.606 Y120.654
G0 X159.383 Y121.352
G0 X159.143 Y121.727
G0 X158.45 Y122.328
G0 X157.816 Y122.537
G0 X157.126 Y122.553
G0 X156.505 Y122.387
G0 X155.878 Y121.904
G0 X155.425 Y121.246
G0 X155.257 Y120.549
G0 X155.258 Y120.021
G0 X155.364 Y119.655
G0 X155.764 Y119.009
G0 X156.187 Y118.552
G0 X155.701 Y116.789
G0 X156.132 Y116.559
G1 F2700 E138.5541
G1 F597.8 X156.348 Y117.107 E138.59225
G1 F653.1 X156.498 Y117.541 E138.61947
G1 F688.7 X156.629 Y118.042 E138.64859
G0 F6000 X156.992 Y117.866
G0 X157.371 Y118.28
G0 X158.019 Y118.284
G0 X158.713 Y118.681
G0 X159.04 Y118.959
G0 X159.393 Y119.456
G0 X159.561 Y120.006
G0 X159.606 Y120.654
G0 X159.383 Y121.352
G0 X159.143 Y121.727
G0 X158.45 Y122.328
G0 X157.816 Y122.537
G0 X157.425 Y122.546
G0 X156.502 Y122.451
G0 X156.6 Y122.206
G1 F1200 X156.29 Y122.008 E138.66045
G1 X156.025 Y121.761 E138.67214
G1 X155.785 Y121.467 E138.68438
G1 X155.611 Y121.164 E138.69566
G1 X155.5 Y120.843 E138.70662
G1 X155.461 Y120.532 E138.71673
G1 X155.461 Y120.054 E138.73215
G1 X155.554 Y119.733 E138.74293
G1 X155.716 Y119.44 E138.75373
G1 X155.916 Y119.15 E138.7651
G1 X156.338 Y118.787 E138.78306
G1 X156.471 Y118.532 E138.79234
G1 X156.489 Y118.449 E138.79508
G1 F1023.5 X156.636 Y118.047 E138.81127
G1 X156.987 Y118.285 E138.82731
G1 F1200 X157.05 Y118.337 E138.82994
G1 X157.319 Y118.482 E138.8398
G1 X157.971 Y118.486 E138.86084
G1 X158.252 Y118.619 E138.87087
G1 X158.586 Y118.841 E138.88381
G1 X158.889 Y119.1 E138.89667
G1 X159.211 Y119.552 E138.91457
G1 X159.359 Y120.034 E138.93084
G1 X159.4 Y120.619 E138.94976
G1 X159.347 Y120.741 E138.95405
G1 X159.193 Y121.272 E138.97189
G1 X158.984 Y121.598 E138.98438
G1 X158.595 Y121.979 E139.00195
G1 X158.349 Y122.149 E139.01159
G1 X158.122 Y122.255 E139.01968
G1 X157.79 Y122.334 E139.03069
G1 X157.414 Y122.351 E139.04283
G1 X157.147 Y122.35 E139.05144
G1 X156.84 Y122.302 E139.06147
G1 X156.6 Y122.206 E139.06981
G1 F2700 E132.06981
G0 F6000 X156.502 Y122.451
G0 X155.245 Y121.338
G0 X155.243 Y119.454
G0 X156.154 Y118.442
G0 X156.03 Y117.873
G0 X155.269 Y116.285
G0 X154.158 Y114.508
G0 X153.012 Y113.164
G0 X152.279 Y112.543
G0 X151.949 Y112.326
G0 X150.977 Y111.88
G0 X149.972 Y111.774
G0 X149.231 Y111.92
G0 X147.992 Y112.368
G0 X147.378 Y112.735
G0 X146.408 Y113.584
G0 X145.576 Y114.651
G0 X144.77 Y116.098
G0 X144.285 Y117.401
G0 X143.858 Y119.215
G0 X143.456 Y122.645
G0 X143.347 Y125.571
G0 X143.837 Y126
G0 X141.506 Y125.802
G0 X141.999 Y125.513
G1 F2700 E139.06981
G1 F1200 X142.103 Y125.17 E139.08137
G1 X142.105 Y123.856 E139.12377
G1 X142.076 Y122.819 E139.15723
G1 X142.002 Y121.787 E139.19061
G1 X141.893 Y120.777 E139.22339
G1 X141.705 Y119.6 E139.26184
G1 X141.497 Y118.555 E139.29622
G1 X141.252 Y117.569 E139.329
G1 X140.985 Y116.729 E139.35743
G1 X140.667 Y115.938 E139.38494
G1 X140.255 Y115.108 E139.41483
G1 X140.057 Y114.749 E139.42806
G1 X139.822 Y114.368 E139.4425
G1 X139.576 Y114.005 E139.45665
G1 X139.307 Y113.658 E139.47081
G1 X138.981 Y113.297 E139.48651
G1 X138.658 Y112.998 E139.50071
G1 X138.369 Y112.754 E139.51291
G1 X137.983 Y112.473 E139.52831
G1 X137.612 Y112.23 E139.54262
G1 X137.152 Y111.969 E139.55968
G1 X136.694 Y111.756 E139.57598
G1 X136.193 Y111.568 E139.59324
G1 X135.659 Y111.443 E139.61094
G1 X135.049 Y111.395 E139.63068
G1 X134.331 Y111.457 E139.65393
G1 X133.652 Y111.643 E139.67664
G1 X133.076 Y111.904 E139.69704
G1 X132.563 Y112.224 E139.71655
G1 X132.115 Y112.572 E139.73485
G1 X131.683 Y112.975 E139.75391
G1 X131.313 Y113.37 E139.77137
G1 X130.997 Y113.736 E139.78697
G1 X130.758 Y114.041 E139.79948
G1 X130.466 Y114.458 E139.8159
G1 X129.813 Y115.472 E139.85481
G1 X129.49 Y116.019 E139.8753
G1 X129.208 Y116.547 E139.89462
G1 F824.7 X128.861 Y116.857 E139.91646
G1 X128.789 Y116.397 E139.93831
G1 F1200 X129.075 Y115.057 E139.98252
G1 X129.184 Y114.413 E140.00359
G1 X129.255 Y113.861 E140.02155
G1 X129.281 Y113.482 E140.0338
G1 X129.283 Y111.964 E140.08278
G1 X129.202 Y111.081 E140.11139
G1 X128.967 Y110.238 E140.13962
G1 X128.601 Y109.459 E140.16739
G1 X128.078 Y108.724 E140.19649
G1 X127.466 Y108.138 E140.22383
G1 X126.749 Y107.671 E140.25143
G1 X125.946 Y107.367 E140.27913
G1 X125.14 Y107.264 E140.30535
G1 X124.299 Y107.261 E140.33248
G1 X123.292 Y107.429 E140.36542
G1 X122.128 Y107.913 E140.40609
G1 X121.08 Y108.53 E140.44533
G1 X119.962 Y109.341 E140.48989
G1 X119.017 Y110.146 E140.52994
G1 X118.153 Y110.994 E140.56899
G1 X117.449 Y111.808 E140.60371
G1 F1182.3 X117.019 Y112.428 E140.62842
G1 F1148.3 X116.825 Y112.594 E140.63703
G1 F1165 X116.908 Y112.09 E140.654
G1 F1200 X124.83 Y91.179 E141.37543
G1 X126.04 Y91.455 E141.41547
G1 X126.749 Y91.559 E141.43859
G1 X127.834 Y91.761 E141.4742
G1 X128.235 Y91.814 E141.48725
G1 X128.95 Y91.886 E141.51043
G1 X131.171 Y92.182 E141.58272
G1 X131.75 Y92.248 E141.60152
G1 X132.329 Y92.291 E141.62025
G1 X133.461 Y92.318 E141.65678
G1 X134.009 Y92.345 E141.67448
G1 X136.306 Y92.519 E141.7488
G1 X136.896 Y92.553 E141.76787
G1 X138.195 Y92.585 E141.80979
G1 X140.974 Y92.688 E141.89951
G1 X141.579 Y92.702 E141.91903
G1 X142.973 Y92.703 E141.96401
G1 X145.823 Y92.649 E142.05597
G1 X147.182 Y92.642 E142.09981
G1 X147.794 Y92.628 E142.11956
G1 X148.412 Y92.591 E142.13954
G1 X150.73 Y92.371 E142.21466
G1 X151.395 Y92.322 E142.23617
G1 X152.514 Y92.283 E142.27229
G1 X153.13 Y92.236 E142.29223
G1 X153.629 Y92.186 E142.30841
G1 X155.966 Y91.882 E142.38444
G1 X156.787 Y91.814 E142.41102
G1 X157.356 Y91.743 E142.42952
G1 X159.023 Y91.464 E142.48404
G1 X160.233 Y91.179 E142.52415
G1 X160.709 Y92.34 E142.56463
G1 X161.028 Y93.242 E142.5955
G1 X161.369 Y94.053 E142.62388
G1 X161.82 Y95.257 E142.66536
G1 X162.597 Y97.502 E142.74201
G1 X163.4 Y99.604 E142.8146
G1 X164.463 Y102.264 E142.90702
G1 X164.99 Y103.658 E142.9551
G1 X166.019 Y106.466 E143.05158
G1 X167.336 Y109.915 E143.17069
G1 X167.846 Y111.367 E143.22034
G1 F1071.4 X168.051 Y111.882 E143.24037
G1 F882.4 X168.121 Y112.279 E143.25806
G1 F967.7 X167.773 Y111.997 E143.27598
G1 F1200 X167.444 Y111.619 E143.29215
G1 X166.919 Y111.055 E143.31701
G1 X165.886 Y110.007 E143.36448
G1 X165.462 Y109.602 E143.3834
G1 X165.177 Y109.354 E143.39559
G1 X164.725 Y108.998 E143.41415
G1 X164.229 Y108.634 E143.434
G1 X163.734 Y108.307 E143.45314
G1 X163.127 Y107.966 E143.4756
G1 X162.526 Y107.691 E143.49692
G1 X161.791 Y107.451 E143.52187
G1 X161.146 Y107.321 E143.54309
G1 X160.187 Y107.25 E143.57412
G1 X159.353 Y107.336 E143.60117
G1 X158.706 Y107.524 E143.62291
G1 X158.114 Y107.809 E143.6441
G1 X157.544 Y108.206 E143.66651
G1 X157.093 Y108.623 E143.68633
G1 X156.665 Y109.159 E143.70846
G1 X156.354 Y109.717 E143.72907
G1 X156.155 Y110.278 E143.74827
G1 X155.736 Y112.151 E143.81019
G1 X155.797 Y113.581 E143.85637
G1 X155.859 Y114.19 E143.87612
G1 X155.979 Y114.923 E143.90008
G1 X156.109 Y115.598 E143.92226
G1 X156.237 Y116.124 E143.93973
G1 F766.8 X156.132 Y116.559 E143.96232
G1 X155.744 Y116.311 E143.98557
G1 F1200 X155.325 Y115.57 E144.01303
G1 X154.689 Y114.561 E144.05151
G1 X154.493 Y114.282 E144.06251
G1 X154.161 Y113.838 E144.0804
G1 X153.797 Y113.402 E144.09872
G1 X153.31 Y112.887 E144.12159
G1 X152.996 Y112.584 E144.13567
G1 X152.505 Y112.205 E144.15568
G1 X152.145 Y111.971 E144.16953
G1 X151.032 Y111.482 E144.20875
G1 X149.942 Y111.369 E144.24411
G1 X149.47 Y111.446 E144.25954
G1 X149.106 Y111.533 E144.27161
G1 X148.498 Y111.728 E144.29221
G1 X147.802 Y112.011 E144.31645
G1 X147.157 Y112.394 E144.34065
G1 X146.685 Y112.769 E144.3601
G1 X146.115 Y113.303 E144.3853
G1 X145.868 Y113.576 E144.39718
G1 X145.58 Y113.941 E144.41218
G1 X145.226 Y114.447 E144.4321
G1 X144.94 Y114.896 E144.44928
G1 X144.651 Y115.408 E144.46824
G1 X144.401 Y115.93 E144.48692
G1 X144.2 Y116.479 E144.50578
G1 X144.131 Y116.813 E144.51678
G1 X143.913 Y117.234 E144.53208
G1 X143.655 Y118.149 E144.56275
G1 X143.462 Y119.114 E144.5945
G1 X143.281 Y120.354 E144.63493
G1 X143.159 Y121.419 E144.66951
G1 X143.052 Y122.604 E144.7079
G1 X142.988 Y123.62 E144.74074
G1 X142.965 Y124.437 E144.76711
G1 X142.963 Y125.247 E144.79324
G1 X143.111 Y125.551 E144.80415
G1 X142.714 Y125.51 E144.81703
G1 X141.999 Y125.513 E144.84009
G1 F2700 E137.84009
G0 F6000 X141.506 Y125.802
G0 X141.691 Y125.325
G0 X141.671 Y122.852
G0 X141.474 Y120.738
G0 X141.105 Y118.658
G0 X140.595 Y116.844
G0 X139.904 Y115.309
G0 X139.237 Y114.228
G0 X138.382 Y113.294
G0 X137.387 Y112.568
G0 X136.544 Y112.13
G0 X135.609 Y111.846
G0 X135.051 Y111.797
G0 X134.361 Y111.862
G0 X133.792 Y112.022
G0 X132.773 Y112.574
G0 X131.956 Y113.278
G0 X131.073 Y114.298
G0 X129.84 Y116.229
G0 X129.234 Y117.536
G0 X128.841 Y118.436
G0 X129.89 Y119.733
G0 X129.896 Y121.057
G0 X129.321 Y121.849
G0 X128.816 Y122.257
G0 X128.402 Y122.452
G0 X127.778 Y122.556
G0 X127.165 Y122.549
G0 X126.641 Y122.318
G0 X125.938 Y121.714
G0 X125.59 Y121.11
G0 X125.495 Y119.437
G0 X126.825 Y118.19
G0 X127.876 Y118.044
G0 X128.432 Y116.145
G0 X128.85 Y113.834
G0 X128.877 Y111.962
G0 X128.804 Y111.154
G0 X128.586 Y110.378
G0 X128.245 Y109.657
G0 X127.785 Y109.006
G0 X127.221 Y108.456
G0 X126.571 Y108.035
G0 X125.833 Y107.758
G0 X125.058 Y107.664
G0 X124.349 Y107.664
G0 X123.383 Y107.827
G0 X122.344 Y108.256
G0 X121.281 Y108.882
G0 X120.234 Y109.645
G0 X119.266 Y110.47
G0 X118.425 Y111.299
G0 X117.126 Y112.884
G0 X116.967 Y113.333
G0 X117.458 Y115.115
G0 X116.2 Y116.94
G0 X114.827 Y117.043
G0 X114.884 Y116.581
G1 F2700 E144.84009
G1 F1200 X113.395 Y115.092 E144.90803
G0 F6000 X113.388 Y114.52
G1 F1200 X115.432 Y116.563 E145.00127
G0 F6000 X115.86 Y116.426
G1 F1200 X113.501 Y114.067 E145.1089
G0 F6000 X113.738 Y113.738
G1 F1200 X116.192 Y116.192 E145.22086
G0 F6000 X116.466 Y115.9
G1 F1200 X114.004 Y113.439 E145.33317
G0 F6000 X114.366 Y113.234
G1 F1200 X116.688 Y115.557 E145.43914
G0 F6000 X116.832 Y115.135
G1 F1200 X114.776 Y113.079 E145.53295
G0 F6000 X115.346 Y113.083
G1 F1200 X116.852 Y114.589 E145.60166
G0 F6000 X117.317 Y114.591
G0 X116.87 Y113.459
G0 X116.412 Y113.583
G1 F1200 X116.061 Y113.233 E145.61765
G0 F6000 X116.029 Y112.765
G0 X114.969 Y112.672
G0 X114.662 Y112.69
G0 X114.22 Y112.855
G0 X113.7 Y113.15
G0 X113.069 Y114.005
G0 X112.985 Y114.527
G0 X113.031 Y115.419
G0 X113.369 Y116.09
G0 X113.989 Y116.665
G0 X114.67 Y116.964
G0 X115.438 Y116.979
G0 X116.099 Y116.764
G0 X116.611 Y116.36
G0 X117.155 Y115.528
G0 X117.255 Y115.101
G0 X117.257 Y114.499
G0 X116.879 Y113.229
G0 X117.927 Y111.658
G0 X117.576 Y111.353
G1 F1200 X117.449 Y111.227 E145.62342
G0 F6000 X117.838 Y111.05
G1 F1200 X117.605 Y110.817 E145.63405
G0 F6000 X117.76 Y110.406
G1 F1200 X118.109 Y110.755 E145.64998
G0 F6000 X118.394 Y110.474
G1 F1200 X117.916 Y109.996 E145.67178
G0 F6000 X118.071 Y109.585
G1 F1200 X118.679 Y110.194 E145.69955
G0 F6000 X118.972 Y109.921
G1 F1200 X118.226 Y109.175 E145.73358
G0 F6000 X118.382 Y108.765
G1 F1200 X119.276 Y109.66 E145.7744
G0 F6000 X119.582 Y109.4
G1 F1200 X118.537 Y108.355 E145.82208
G0 F6000 X118.692 Y107.944
G1 F1200 X119.892 Y109.144 E145.87683
G0 F6000 X120.22 Y108.907
G1 F1200 X118.848 Y107.534 E145.93945
G0 F6000 X119.003 Y107.124
G1 F1200 X120.548 Y108.669 E146.00994
G0 F6000 X120.877 Y108.431
G1 F1200 X119.159 Y106.714 E146.0883
G0 F6000 X119.314 Y106.303
G1 F1200 X121.223 Y108.212 E146.1754
G0 F6000 X121.579 Y108.003
G1 F1200 X119.469 Y105.893 E146.27167
G0 F6000 X119.625 Y105.483
G1 F1200 X121.937 Y107.794 E146.37714
G0 F6000 X122.321 Y107.613
G1 F1200 X119.781 Y105.073 E146.49303
G0 F6000 X119.935 Y104.662
G1 F1200 X122.719 Y107.446 E146.62005
G0 F6000 X123.118 Y107.279
G1 F1200 X120.091 Y104.252 E146.75816
G0 F6000 X120.247 Y103.842
G1 F1200 X123.583 Y107.178 E146.91037
G0 F6000 X124.067 Y107.096
G1 F1200 X120.402 Y103.432 E147.07756
G0 F6000 X120.557 Y103.021
G1 F1200 X124.6 Y107.064 E147.26203
G0 F6000 X125.167 Y107.065
G1 F1200 X120.713 Y102.611 E147.46524
G0 F6000 X120.868 Y102.2
G1 F1200 X125.811 Y107.143 E147.69077
G0 F6000 X126.656 Y107.423
G1 F1200 X121.024 Y101.79 E147.94776
G0 F6000 X121.179 Y101.38
G1 F1200 X132.115 Y112.316 E148.44672
G0 F6000 X131.813 Y112.579
G1 F1200 X128.93 Y109.697 E148.57824
G0 F6000 X129.28 Y110.612
G1 F1200 X131.522 Y112.854 E148.68053
G0 F6000 X131.248 Y113.146
G1 F1200 X129.419 Y111.317 E148.76398
G0 F6000 X129.479 Y111.942
G1 F1200 X130.982 Y113.446 E148.83258
G0 F6000 X130.727 Y113.756
G1 F1200 X129.481 Y112.511 E148.88941
G0 F6000 X129.481 Y113.076
G1 F1200 X130.485 Y114.081 E148.93524
G0 F6000 X130.255 Y114.416
G1 F1200 X129.47 Y113.631 E148.97106
G0 F6000 X129.418 Y114.144
G1 F1200 X130.033 Y114.759 E148.99912
G0 F6000 X129.812 Y115.104
G1 F1200 X129.346 Y114.638 E149.02038
G0 F6000 X129.264 Y115.121
G1 F1200 X129.593 Y115.451 E149.03541
G0 F6000 X129.382 Y115.806
G1 F1200 X129.166 Y115.59 E149.04527
G0 F6000 X129.068 Y116.058
G1 F1200 X129.182 Y116.171 E149.05045
G0 F6000 X129.591 Y116.391
G0 X128.761 Y118.377
G0 X129.483 Y119.178
G0 X129.693 Y119.78
G0 X129.808 Y120.795
G0 X129.321 Y121.849
G0 X128.816 Y122.257
G0 X128.402 Y122.452
G0 X127.778 Y122.556
G0 X127.165 Y122.549
G0 X126.641 Y122.318
G0 X125.938 Y121.714
G0 X125.59 Y121.11
G0 X125.539 Y120.86
G0 X125.54 Y119.863
G0 X125.898 Y119.196
G0 X126.185 Y118.823
G0 X126.765 Y118.463
G0 X127.874 Y118.105
G0 X128.116 Y118.499
G1 F1200 X129.225 Y119.609 E149.10107
G0 F6000 X129.372 Y120.321
G1 F1200 X127.711 Y118.66 E149.17685
G0 F6000 X127.205 Y118.72
G1 F1200 X129.329 Y120.844 E149.27376
G0 F6000 X129.174 Y121.255
G1 F1200 X126.804 Y118.884 E149.38192
G0 F6000 X126.469 Y119.115
G1 F1200 X128.981 Y121.628 E149.49655
G0 F6000 X128.66 Y121.871
G1 F1200 X126.223 Y119.435 E149.60772
G0 F6000 X126.008 Y119.786
G1 F1200 X128.282 Y122.06 E149.71147
G0 F6000 X127.801 Y122.144
G1 F1200 X125.941 Y120.284 E149.79634
G0 F6000 X125.941 Y120.85
G1 F1200 X127.236 Y122.145 E149.85542
G0 F6000 X127.23 Y122.61
G0 X128.402 Y122.452
G0 X129.117 Y122.042
G0 X129.321 Y121.849
G0 X129.808 Y120.795
G0 X129.693 Y119.78
G0 X129.338 Y118.691
G0 X128.841 Y118.436
G0 X129.566 Y116.737
G0 X130.793 Y114.699
G0 X131.254 Y114.104
G0 X132.716 Y112.441
G0 X132.434 Y112.07
G1 F1200 X121.334 Y100.969 E150.36189
G0 F6000 X121.49 Y100.559
G1 F1200 X132.781 Y111.851 E150.87708
G0 F6000 X133.148 Y111.652
G1 F1200 X121.645 Y100.149 E151.40191
G0 F6000 X121.8 Y99.738
G1 F1200 X133.537 Y111.476 E151.93744
G0 F6000 X133.974 Y111.347
G1 F1200 X121.956 Y99.328 E152.4858
G0 F6000 X122.111 Y98.918
G1 F1200 X134.438 Y111.245 E153.04823
G0 F6000 X134.958 Y111.199
G1 F1200 X122.267 Y98.508 E153.62726
G0 F6000 X122.422 Y98.097
G1 F1200 X135.56 Y111.236 E154.22672
G0 F6000 X136.277 Y111.386
G1 F1200 X122.577 Y97.687 E154.85177
G0 F6000 X122.733 Y97.277
G1 F1200 X137.252 Y111.796 E155.51421
G0 F6000 X137.023 Y112.2
G0 X138.69 Y113.582
G0 X139.977 Y115.149
G0 X140.382 Y114.926
G1 F1200 X143.481 Y118.026 E155.65563
G0 F6000 X143.604 Y117.582
G1 F1200 X122.888 Y96.867 E156.60079
G0 F6000 X123.043 Y96.456
G1 F1200 X143.732 Y117.145 E157.54474
G0 F6000 X143.926 Y116.773
G1 F1200 X123.199 Y96.046 E158.49043
G0 F6000 X123.354 Y95.636
G1 F1200 X144.044 Y116.325 E159.4344
G0 F6000 X144.194 Y115.91
G1 F1200 X123.509 Y95.225 E160.37817
G0 F6000 X123.665 Y94.815
G1 F1200 X144.374 Y115.524 E161.32304
G0 F6000 X144.566 Y115.15
G1 F1200 X123.82 Y94.405 E162.26957
G0 F6000 X123.976 Y93.994
G1 F1200 X144.77 Y114.788 E163.21831
G0 F6000 X144.99 Y114.443
G1 F1200 X124.131 Y93.584 E164.17002
G0 F6000 X124.286 Y93.174
G1 F1200 X145.219 Y114.106 E165.12509
G0 F6000 X145.455 Y113.777
G1 F1200 X124.442 Y92.763 E166.08384
G0 F6000 X124.597 Y92.353
G1 F1200 X145.705 Y113.46 E167.04689
G0 F6000 X145.972 Y113.162
G1 F1200 X124.752 Y91.942 E168.01507
G0 F6000 X124.908 Y91.532
G1 F1200 X146.263 Y112.888 E168.98943
G0 F6000 X146.555 Y112.614
G1 F1200 X125.472 Y91.531 E169.95136
G0 F6000 X126.184 Y91.677
G1 F1200 X146.87 Y112.363 E170.89518
G0 F6000 X147.205 Y112.132
G1 F1200 X126.854 Y91.782 E171.82369
G0 F6000 X127.551 Y91.913
G1 F1200 X147.559 Y111.921 E172.73657
G0 F6000 X147.942 Y111.738
G1 F1200 X128.216 Y92.012 E173.63658
G0 F6000 X128.846 Y92.077
G1 F1200 X148.343 Y111.574 E174.52615
G0 F6000 X148.766 Y111.431
G1 F1200 X129.496 Y92.161 E175.40536
G0 F6000 X130.149 Y92.248
G1 F1200 X149.205 Y111.304 E176.27481
G0 F6000 X149.676 Y111.209
G1 F1200 X130.802 Y92.335 E177.13595
G0 F6000 X131.447 Y92.415
G1 F1200 X150.231 Y111.199 E177.99298
G0 F6000 X150.861 Y111.263
G1 F1200 X132.07 Y92.472 E178.85034
G0 F6000 X132.662 Y92.498
G1 F1200 X151.732 Y111.568 E179.72042
G0 F6000 X151.543 Y111.992
G0 X153.644 Y113.535
G0 X156.296 Y118.124
G0 X156.187 Y118.651
G0 X155.764 Y119.009
G0 X155.364 Y119.655
G0 X155.258 Y120.021
G0 X155.3 Y120.886
G0 X155.621 Y121.587
G0 X156.159 Y122.165
G0 X156.793 Y122.502
G0 X157.418 Y122.554
G0 X158.195 Y122.448
G0 X158.72 Y122.14
G0 X159.143 Y121.727
G0 X159.383 Y121.352
G0 X159.606 Y120.654
G0 X159.561 Y120.006
G0 X159.393 Y119.456
G0 X159.04 Y118.959
G0 X158.347 Y118.438
G0 X158.019 Y118.284
G0 X157.149 Y118.161
G0 X156.497 Y115.561
G0 X156.016 Y112.107
G0 X155.563 Y112.005
G1 F1200 X136.275 Y92.717 E180.60045
G0 F6000 X136.876 Y92.752
G1 F1200 X155.666 Y111.543 E181.45779
G0 F6000 X155.77 Y111.081
G1 F1200 X137.456 Y92.767 E182.29338
G0 F6000 X138.036 Y92.781
G1 F1200 X155.873 Y110.619 E183.10723
G0 F6000 X155.984 Y110.163
G1 F1200 X138.621 Y92.801 E183.89941
G0 F6000 X139.209 Y92.823
G1 F1200 X156.133 Y109.747 E184.67158
G0 F6000 X156.32 Y109.368
G1 F1200 X139.797 Y92.845 E185.42545
G0 F6000 X140.384 Y92.867
G1 F1200 X156.527 Y109.01 E186.16199
G0 F6000 X156.779 Y108.696
G1 F1200 X140.972 Y92.889 E186.8832
G0 F6000 X141.55 Y92.901
G1 F1200 X157.043 Y108.394 E187.59008
G0 F6000 X157.337 Y108.122
G1 F1200 X142.117 Y92.902 E188.2845
G0 F6000 X142.683 Y92.903
G1 F1200 X157.66 Y107.879 E188.96782
G0 F6000 X157.992 Y107.646
G1 F1200 X143.244 Y92.898 E189.64071
G0 F6000 X143.799 Y92.887
G1 F1200 X158.373 Y107.461 E190.30566
G0 F6000 X158.773 Y107.295
G1 F1200 X144.354 Y92.877 E190.96352
G0 F6000 X144.909 Y92.866
G1 F1200 X159.211 Y107.168 E191.61606
G0 F6000 X159.706 Y107.097
G1 F1200 X145.464 Y92.855 E192.26586
G0 F6000 X146.022 Y92.848
G1 F1200 X160.233 Y107.058 E192.91423
G0 F6000 X160.838 Y107.098
G1 F1200 X146.585 Y92.845 E193.56453
G0 F6000 X147.148 Y92.843
G1 F1200 X161.493 Y107.188 E194.21903
G0 F6000 X162.268 Y107.396
G1 F1200 X147.701 Y92.83 E194.88364
G0 F6000 X148.239 Y92.802
G1 F1200 X163.233 Y107.796 E195.56775
G0 F6000 X163.005 Y108.2
G0 X164.557 Y109.203
G0 X164.832 Y108.829
G1 F1200 X148.761 Y92.758 E196.30101
G0 F6000 X149.278 Y92.71
G1 F1200 X167.469 Y110.901 E197.13099
G0 F6000 X167.164 Y110.03
G1 F1200 X149.795 Y92.661 E197.92346
G0 F6000 X150.312 Y92.612
G1 F1200 X166.817 Y109.117 E198.67652
G0 F6000 X166.467 Y108.201
G1 F1200 X150.828 Y92.563 E199.39004
G0 F6000 X151.356 Y92.525
G1 F1200 X166.117 Y107.285 E200.0635
G0 F6000 X165.771 Y106.374
G1 F1200 X151.902 Y92.505 E200.69628
G0 F6000 X152.447 Y92.485
G1 F1200 X165.444 Y105.481 E201.28926
G0 F6000 X165.117 Y104.588
G1 F1200 X152.976 Y92.448 E201.84318
G0 F6000 X153.494 Y92.4
G1 F1200 X164.789 Y103.695 E202.35852
G0 F6000 X164.446 Y102.787
G1 F1200 X153.999 Y92.339 E202.8352
G0 F6000 X154.5 Y92.274
G1 F1200 X164.086 Y101.86 E203.27257
G0 F6000 X164.517 Y101.688
G0 X164.14 Y100.746
G0 X163.709 Y100.918
G1 F1200 X155 Y92.209 E203.66992
G0 F6000 X155.501 Y92.144
G1 F1200 X163.333 Y99.976 E204.02726
G0 F6000 X162.974 Y99.052
G1 F1200 X156.002 Y92.08 E204.34537
G0 F6000 X156.524 Y92.036
G1 F1200 X162.625 Y98.137 E204.62373
G0 F6000 X162.295 Y97.241
G1 F1200 X157.037 Y91.983 E204.86363
G0 F6000 X157.534 Y91.915
G1 F1200 X161.996 Y96.376 E205.06719
G0 F6000 X161.696 Y95.511
G1 F1200 X158.019 Y91.834 E205.23495
G0 F6000 X158.504 Y91.753
G1 F1200 X161.365 Y94.614 E205.36549
G0 F6000 X161.801 Y94.451
G0 X161.422 Y93.497
G0 X160.992 Y93.676
G1 F1200 X158.988 Y91.672 E205.45692
G0 F6000 X159.451 Y91.568
G1 F1200 X160.646 Y92.763 E205.51145
G0 F6000 X161.085 Y92.608
G0 X160.712 Y91.653
G0 X160.28 Y91.832
G1 F1200 X159.909 Y91.461 E205.52837
G1 F2700 E198.52837
G0 F6000 X159.804 Y91.008
G0 X160.356 Y90.95
G0 X168.762 Y112.664
G0 X170.343 Y112.673
G0 X170.64 Y112.725
G0 X171.276 Y113.095
G0 X171.851 Y113.751
G0 X172.036 Y114.098
G0 X172.143 Y114.478
G0 X172.098 Y115.339
G0 X171.822 Y115.952
G0 X171.566 Y116.318
G0 X170.921 Y116.755
G0 X170.433 Y116.948
G0 X170.004 Y117.015
G0 X169.506 Y116.959
G0 X169.147 Y116.838
G0 X168.785 Y116.628
G0 X168.19 Y116.022
G0 X167.989 Y115.661
G0 X167.862 Y115.261
G0 X167.814 Y114.555
G0 X168.23 Y113.033
G0 X164.107 Y108.798
G0 X161.105 Y107.521
G0 X158.785 Y107.713
G0 X156.824 Y109.285
G0 X156.014 Y112.537
G0 X155.55 Y112.557
G1 F2700 E205.52837
G1 F1200 X135.663 Y92.671 E206.43571
G0 F6000 X135.051 Y92.625
G1 F1200 X155.576 Y113.149 E207.37216
G0 F6000 X155.612 Y113.752
G1 F1200 X134.44 Y92.579 E208.33817
G0 F6000 X133.832 Y92.537
G1 F1200 X155.689 Y114.394 E209.33542
G0 F6000 X155.803 Y115.074
G1 F1200 X133.242 Y92.512 E210.3648
G1 F2700 E203.3648
G0 F6000 X133.253 Y92.049
G0 X124.709 Y90.952
G0 X116.384 Y112.726
G0 X114.662 Y112.69
G0 X114.22 Y112.855
G0 X113.7 Y113.15
G0 X113.069 Y114.005
G0 X112.985 Y114.527
G0 X113.031 Y115.419
G0 X113.369 Y116.09
G0 X113.989 Y116.665
G0 X114.67 Y116.964
G0 X115.438 Y116.979
G0 X116.099 Y116.764
G0 X116.611 Y116.36
G0 X117.155 Y115.528
G0 X117.255 Y115.101
G0 X117.257 Y114.499
G0 X116.837 Y113.088
G0 X120.086 Y109.504
G0 X123.328 Y107.63
G0 X125.88 Y107.559
G0 X127.925 Y108.861
G0 X128.998 Y111.1
G0 X128.767 Y115.564
G0 X127.97 Y118.117
G0 X126.902 Y118.379
G0 X126.185 Y118.823
G0 X125.684 Y119.518
G0 X125.54 Y119.863
G0 X125.539 Y120.86
G0 X125.733 Y121.411
G0 X126.106 Y121.907
G0 X126.956 Y122.49
G0 X128.114 Y122.514
G0 X128.402 Y122.452
G0 X129.117 Y122.042
G0 X129.321 Y121.849
G0 X129.808 Y120.795
G0 X129.693 Y119.78
G0 X129.483 Y119.178
G0 X128.761 Y118.377
G0 X130.921 Y114.165
G0 X133.167 Y112.087
G0 X135.615 Y111.643
G0 X138.513 Y113.141
G0 X140.487 Y116.198
G0 X140.916 Y116.026
G1 F2700 E210.3648
G1 F1200 X143.382 Y118.492 E210.47732
G0 F6000 X143.288 Y118.963
G1 F1200 X141.258 Y116.934 E210.56991
G0 F6000 X141.499 Y117.741
G1 F1200 X143.211 Y119.452 E210.648
G0 F6000 X143.138 Y119.945
G1 F1200 X141.686 Y118.493 E210.71425
G0 F6000 X141.828 Y119.201
G1 F1200 X143.069 Y120.442 E210.77087
G0 F6000 X143.01 Y120.949
G1 F1200 X141.953 Y119.891 E210.81912
G0 F6000 X142.06 Y120.564
G1 F1200 X142.954 Y121.458 E210.85991
G0 F6000 X142.906 Y121.976
G1 F1200 X142.139 Y121.209 E210.89491
G0 F6000 X142.206 Y121.841
G1 F1200 X142.86 Y122.495 E210.92475
G0 F6000 X142.824 Y123.025
G1 F1200 X142.25 Y122.451 E210.95094
G0 F6000 X142.281 Y123.048
G1 F1200 X142.791 Y123.557 E210.97418
G0 F6000 X142.298 Y123.63
G1 F1200 X142.774 Y124.106 E210.9959
G0 F6000 X142.303 Y124.201
G1 F1200 X142.764 Y124.662 E211.01693
G0 F6000 X142.302 Y124.766
G1 F1200 X142.762 Y125.226 E211.03792
G0 F6000 X143.224 Y125.183
G0 X143.691 Y120.343
G0 X144.056 Y118.212
G0 X144.595 Y116.573
G0 X145 Y115.615
G0 X145.875 Y114.225
G0 X146.408 Y113.584
G0 X147.378 Y112.735
G0 X147.992 Y112.368
G0 X149.539 Y111.843
G0 X149.972 Y111.774
G0 X150.977 Y111.88
G0 X151.949 Y112.326
G0 X152.703 Y112.865
G0 X153.828 Y114.069
G0 X154.948 Y115.735
G0 X155.832 Y117.379
G0 X156.03 Y117.873
G0 X156.154 Y118.442
G0 X155.264 Y119.807
G0 X155.209 Y120.655
G0 X155.67 Y120.597
G1 F1200 X157.23 Y122.158 E211.10912
G0 F6000 X157.77 Y122.132
G1 F1200 X155.673 Y120.035 E211.2048
G0 F6000 X155.836 Y119.632
G1 F1200 X158.207 Y122.003 E211.31298
G0 F6000 X158.53 Y121.76
G1 F1200 X156.06 Y119.291 E211.42565
G0 F6000 X156.363 Y119.027
G1 F1200 X158.816 Y121.48 E211.53757
G0 F6000 X159.026 Y121.125
G1 F1200 X156.603 Y118.702 E211.64812
G0 F6000 X157.009 Y118.542
G1 F1200 X159.155 Y120.688 E211.74603
G0 F6000 X159.164 Y120.132
G1 F1200 X157.716 Y118.684 E211.8121
G0 F6000 X157.719 Y118.221
G0 X157.191 Y118.069
G0 X156.601 Y116.42
G0 X156.151 Y116.553
G1 F1200 X156.041 Y116.443 E211.81712
G0 F6000 X155.948 Y115.784
G1 F1200 X155.265 Y115.101 E211.84828
G1 F2700 E204.84828
G0 F6000 X154.872 Y115.348
G0 X156.286 Y118.445
G0 X155.544 Y119.329
G0 X155.364 Y119.655
G0 X155.258 Y120.021
G0 X155.3 Y120.886
G0 X155.621 Y121.587
G0 X156.159 Y122.165
G0 X156.793 Y122.502
G0 X157.418 Y122.554
G0 X158.195 Y122.448
G0 X158.72 Y122.14
G0 X159.143 Y121.727
G0 X159.383 Y121.352
G0 X159.606 Y120.654
G0 X159.561 Y120.006
G0 X159.393 Y119.456
G0 X159.04 Y118.959
G0 X158.347 Y118.438
G0 X158.019 Y118.284
G0 X157.149 Y118.161
G0 X156.384 Y114.892
G0 X156.203 Y113.582
G0 X156.141 Y112.2
G0 X156.539 Y110.414
G0 X156.716 Y109.897
G0 X156.991 Y109.398
G0 X157.361 Y108.93
G0 X157.8 Y108.517
G0 X158.306 Y108.167
G0 X158.862 Y107.899
G0 X159.464 Y107.724
G0 X160.178 Y107.656
G0 X161.037 Y107.713
G0 X161.723 Y107.851
G0 X162.953 Y108.331
G0 X164.002 Y108.973
G0 X165.176 Y109.893
G0 X167.147 Y111.897
G0 X167.921 Y112.841
G0 X168.101 Y113.235
G0 X167.841 Y114.306
G0 X167.786 Y115.122
G0 X168.246 Y115.071
G1 F2700 E211.84828
G1 F1200 X169.753 Y116.579 E211.91706
G0 F6000 X170.299 Y116.559
G1 F1200 X168.239 Y114.499 E212.01105
G0 F6000 X168.393 Y114.087
G1 F1200 X170.706 Y116.4 E212.11658
G0 F6000 X171.066 Y116.194
G1 F1200 X168.565 Y113.694 E212.23067
G0 F6000 X168.651 Y113.214
G1 F1200 X171.353 Y115.916 E212.35395
G0 F6000 X171.557 Y115.554
G1 F1200 X169.219 Y113.216 E212.46063
G0 F6000 X169.658 Y113.089
G1 F1200 X171.71 Y115.141 E212.55425
G0 F6000 X171.742 Y114.607
G1 F1200 X170.211 Y113.077 E212.62408
G1 F2700 E205.62408
;MESH:NONMESH
G0 F300 X170.211 Y113.077 Z0.4
G0 F6000 X170.21 Y112.612
G0 X168.762 Y112.664
G0 X160.356 Y90.95
G0 X147.792 Y92.425
G0 X131.77 Y92.046
G0 X124.709 Y90.952
G0 X118.827 Y105.823
G0 X117.848 Y105.453
G0 X96.138 Y89.161
G0 X53.638 Y81.122
;TIME_ELAPSED:423.288684
;LAYER:1
M106 S85
;TYPE:SKIRT
G1 F2700 E212.62408
G1 F1200 X54.416 Y80.665 E212.65319
G1 X55.233 Y80.278 E212.68236
G1 X56.08 Y79.966 E212.71148
G1 X56.952 Y79.729 E212.74063
G1 X57.841 Y79.571 E212.76976
G1 X58.74 Y79.492 E212.79888
G1 X59.643 Y79.492 E212.82801
G1 X60.804 Y79.611 E212.86566
G1 X63.698 Y80.077 E212.96023
G1 X66.214 Y80.415 E213.04213
G1 X68.723 Y80.679 E213.12353
G1 X71.269 Y80.876 E213.20591
G1 X73.673 Y80.995 E213.28357
G1 X74.302 Y81.018 E213.30387
G1 X76.878 Y81.077 E213.387
G1 X79.447 Y81.064 E213.46988
G1 X81.962 Y80.979 E213.55107
G1 X85.049 Y80.778 E213.65088
G1 X87.701 Y80.524 E213.73683
G1 X90.211 Y80.21 E213.81844
G1 X93.208 Y79.742 E213.9163
G1 X93.817 Y79.638 E213.93623
G1 X94.713 Y79.525 E213.96537
G1 X95.615 Y79.492 E213.99449
G1 X96.517 Y79.539 E214.02363
G1 X97.078 Y79.609 E214.04187
G1 X99.502 Y79.98 E214.12098
G1 X102.042 Y80.3 E214.20358
G1 X104.557 Y80.545 E214.2851
G1 X107.082 Y80.718 E214.36675
G1 X109.649 Y80.822 E214.44964
G1 X112.15 Y80.853 E214.53033
G1 X114.723 Y80.811 E214.61335
G1 X117.243 Y80.7 E214.69473
G1 X119.749 Y80.517 E214.7758
G1 X123.307 Y80.141 E214.89123
G1 X124.209 Y80.086 E214.92038
G1 X125.111 Y80.111 E214.94949
G1 X126.019 Y80.218 E214.97899
G1 X128.822 Y80.675 E215.07062
G1 X131.35 Y81.015 E215.15291
G1 X133.859 Y81.279 E215.2343
G1 X136.432 Y81.478 E215.31756
G1 X138.588 Y81.586 E215.38721
G1 X139.333 Y81.615 E215.41126
G1 X141.907 Y81.677 E215.49433
G1 X144.441 Y81.667 E215.57608
G1 X146.965 Y81.585 E215.65755
G1 X150.88 Y81.318 E215.78415
G1 X153.416 Y81.058 E215.8664
G1 X155.904 Y80.731 E215.94736
G1 X158.321 Y80.346 E216.02632
G1 X159.016 Y80.226 E216.04907
G1 X159.912 Y80.112 E216.07821
G1 X160.814 Y80.078 E216.10734
G1 X161.716 Y80.124 E216.13647
G1 X162.61 Y80.249 E216.1656
G1 X163.49 Y80.454 E216.19475
G1 X164.348 Y80.735 E216.22388
G1 X165.179 Y81.09 E216.25303
G1 X165.974 Y81.518 E216.28216
G1 X166.728 Y82.015 E216.31129
G1 X167.436 Y82.576 E216.34044
G1 X168.091 Y83.198 E216.36958
G1 X168.688 Y83.875 E216.3987
G1 X169.223 Y84.603 E216.42785
G1 X169.692 Y85.375 E216.45699
G1 X170.235 Y86.531 E216.49819
G1 X171.217 Y89.02 E216.58452
G1 X171.912 Y90.83 E216.64707
G1 X172.893 Y93.196 E216.7297
G1 X173.925 Y95.499 E216.81112
G1 X175.035 Y97.801 E216.89357
G1 X176.203 Y100.058 E216.97556
G1 X177.424 Y102.26 E217.0568
G1 X178.734 Y104.474 E217.13979
G1 X180.199 Y106.791 E217.22823
G1 X180.876 Y107.827 E217.26816
G1 X181.346 Y108.624 E217.29801
G1 X181.578 Y109.061 E217.31397
G1 X181.966 Y109.877 E217.34312
G1 X182.333 Y110.895 E217.37804
G1 X182.497 Y111.438 E217.39634
G1 X182.72 Y112.313 E217.42547
G1 X182.864 Y113.205 E217.45462
G1 X182.931 Y114.162 E217.48557
G1 X182.94 Y114.57 E217.49874
G1 X182.899 Y115.735 E217.53634
G1 X182.832 Y116.459 E217.5598
G1 X182.709 Y117.354 E217.58895
G1 X182.507 Y118.234 E217.61808
G1 X182.228 Y119.093 E217.64722
G1 X181.927 Y119.812 E217.67236
G1 X181.682 Y120.34 E217.69114
G1 X181.37 Y120.958 E217.71348
G1 X181.192 Y121.282 E217.7254
G1 X180.599 Y122.233 E217.76156
G1 X180.323 Y122.626 E217.77705
G1 X179.772 Y123.341 E217.80618
G1 X179.16 Y124.005 E217.83531
G1 X178.491 Y124.612 E217.86445
G1 X177.949 Y125.032 E217.88658
G1 X177.488 Y125.365 E217.90492
G1 X176.551 Y125.967 E217.94085
G1 X176.197 Y126.168 E217.95399
G1 X175.393 Y126.579 E217.98312
G1 X174.858 Y126.804 E218.00184
G1 X172.105 Y127.874 E218.09713
G1 X169.734 Y128.869 E218.18009
G1 X167.432 Y129.912 E218.26163
G1 X164.428 Y131.391 E218.36965
G1 X163.327 Y131.958 E218.40961
G1 X162.802 Y132.214 E218.42845
G1 X162.041 Y132.541 E218.45517
G1 X161.57 Y132.721 E218.47144
G1 X159.183 Y133.685 E218.55449
G1 X156.856 Y134.703 E218.63644
G1 X154.549 Y135.789 E218.7187
G1 X152.275 Y136.94 E218.80093
G1 X150.034 Y138.154 E218.88316
G1 X148.939 Y138.776 E218.92378
G1 X148.234 Y139.14 E218.94938
G1 X147.769 Y139.358 E218.96595
G1 X146.935 Y139.705 E218.99509
G1 X146.163 Y139.953 E219.02125
G1 X145.73 Y140.073 E219.03575
G1 X144.85 Y140.275 E219.06488
G1 X144.125 Y140.381 E219.08852
G1 X143.808 Y140.416 E219.09881
G1 X142.856 Y140.477 E219.12958
G1 X142.308 Y140.486 E219.14727
G1 X141.406 Y140.46 E219.17638
G1 X139.98 Y140.262 E219.22283
G1 X138.761 Y139.938 E219.26352
G1 X137.858 Y139.642 E219.29418
G1 X137.176 Y139.407 E219.31745
G1 X134.754 Y138.646 E219.39936
G1 X132.286 Y137.947 E219.48211
G1 X129.865 Y137.335 E219.56268
G1 X127.32 Y136.767 E219.6468
G1 X124.873 Y136.294 E219.72721
G1 X122.34 Y135.877 E219.81003
G1 X119.876 Y135.543 E219.89025
G1 X117.309 Y135.269 E219.97354
G1 X114.8 Y135.072 E220.05474
G1 X112.247 Y134.946 E220.1372
G1 X109.706 Y134.891 E220.2192
G1 X107.173 Y134.908 E220.30092
G1 X104.641 Y134.997 E220.38266
G1 X102.079 Y135.159 E220.46548
G1 X99.578 Y135.389 E220.54651
G1 X97.061 Y135.692 E220.6283
G1 X94.507 Y136.073 E220.71161
G1 X92.051 Y136.511 E220.7921
G1 X89.558 Y137.029 E220.87424
G1 X87.089 Y137.613 E220.9561
G1 X84.619 Y138.275 E221.0386
G1 X82.381 Y138.938 E221.1139
G1 X81.182 Y139.31 E221.15441
G1 X80.427 Y139.517 E221.17966
G1 X79.544 Y139.705 E221.20879
G1 X78.682 Y139.816 E221.23683
G1 X77.725 Y139.877 E221.26777
G1 X77.171 Y139.886 E221.28564
G1 X76.268 Y139.86 E221.31479
G1 X74.866 Y139.666 E221.36045
G1 X73.872 Y139.415 E221.39352
G1 X73.086 Y139.143 E221.42036
G1 X72.3 Y138.815 E221.44784
G1 X72.026 Y138.688 E221.45758
G1 X71.288 Y138.309 E221.48434
G1 X70.5 Y137.862 E221.51357
G1 X68.181 Y136.592 E221.59887
G1 X65.937 Y135.443 E221.68021
G1 X63.66 Y134.36 E221.76156
G1 X61.331 Y133.33 E221.84372
G1 X57.867 Y131.935 E221.96419
G1 X56.951 Y131.512 E221.99675
G1 X56.352 Y131.199 E222.01855
G1 X53.987 Y130.004 E222.10404
G1 X51.66 Y128.911 E222.18698
G1 X49.368 Y127.912 E222.26765
G1 X46.968 Y126.947 E222.3511
G1 X46.106 Y126.627 E222.38076
G1 X45.308 Y126.318 E222.40837
G1 X44.154 Y125.785 E222.44938
G1 X43.643 Y125.509 E222.46812
G1 X42.868 Y125.045 E222.49726
G1 X42.199 Y124.563 E222.52386
G1 X41.82 Y124.266 E222.5394
G1 X41.134 Y123.678 E222.56855
G1 X40.579 Y123.115 E222.59405
G1 X40.232 Y122.735 E222.61065
G1 X39.653 Y122.042 E222.63979
G1 X39.173 Y121.355 E222.66683
G1 X38.917 Y120.955 E222.68215
G1 X38.464 Y120.174 E222.71128
G1 X38.009 Y119.172 E222.74678
G1 X37.833 Y118.722 E222.76237
G1 X37.541 Y117.867 E222.79152
G1 X37.327 Y116.99 E222.82064
G1 X37.174 Y116.048 E222.85143
G1 X37.068 Y114.925 E222.88782
G1 X37.055 Y114.09 E222.91477
G1 X37.071 Y113.391 E222.93732
G1 X37.131 Y112.49 E222.96646
G1 X37.271 Y111.597 E222.99562
G1 X37.486 Y110.713 E223.02497
G1 X37.752 Y109.85 E223.0541
G1 X38.078 Y109.038 E223.08233
G1 X38.468 Y108.223 E223.11148
G1 X38.748 Y107.733 E223.12969
G1 X39.121 Y107.135 E223.15243
G1 X39.446 Y106.644 E223.17143
G1 X40.865 Y104.434 E223.25616
G1 X42.185 Y102.243 E223.33868
G1 X43.439 Y100.022 E223.42097
G1 X44.604 Y97.817 E223.50143
G1 X45.744 Y95.5 E223.58474
G1 X46.785 Y93.227 E223.66539
G1 X47.791 Y90.854 E223.74855
G1 X48.642 Y88.69 E223.82357
G1 X49.43 Y86.612 E223.89527
G1 X49.696 Y85.938 E223.91864
G1 X50.065 Y85.113 E223.9478
G1 X50.504 Y84.324 E223.97693
G1 X51.012 Y83.578 E224.00605
G1 X51.584 Y82.879 E224.03519
G1 X52.216 Y82.233 E224.06435
G1 X52.902 Y81.646 E224.09347
G1 X53.638 Y81.122 E224.12262
G1 F2700 E217.12262
;MESH:baby_shower.stl
G0 F7500 X59.831 Y89.103
G0 X78.1 Y128.826
;TYPE:WALL-INNER
G1 F2700 E224.12262
G1 F1576.6 X77.644 Y128.949 E224.13306
G1 F1542.9 X77.132 Y128.952 E224.14462
G1 F1537.4 X76.697 Y128.835 E224.15483
G1 F1588.2 X76.278 Y128.593 E224.16545
G1 F1570.9 X75.929 Y128.295 E224.17563
G1 F1440 X75.65 Y127.831 E224.18873
G1 F1317.1 X75.505 Y127.325 E224.20265
G1 F1223.8 X75.494 Y126.825 E224.21689
G1 F1158.2 X75.617 Y126.376 E224.2309
G1 F1119.2 X75.861 Y125.921 E224.24697
G1 F1064 X76.214 Y125.545 E224.26386
G1 F1014.1 X76.646 Y125.3 E224.28092
G1 F1066.7 X77.485 Y125.203 E224.30851
G1 F1053.7 X78.195 Y125.341 E224.33243
G1 F973 X78.573 Y125.553 E224.34795
G1 F979.6 X78.922 Y125.917 E224.36589
G1 F1009.3 X79.217 Y126.447 E224.38683
G1 F1064 X79.263 Y126.764 E224.39732
G1 F1145.9 X79.293 Y127.21 E224.41091
G1 F1220.3 X79.217 Y127.536 E224.42047
G1 F1281.9 X79.131 Y127.833 E224.42887
G1 F1341.6 X78.88 Y128.243 E224.44136
G1 F1398.1 X78.523 Y128.589 E224.45375
G1 F1505.2 X78.1 Y128.826 E224.46497
G0 F7500 X78.145 Y129.102
G1 F1537.4 X78.477 Y128.947 E224.47327
G1 F1489.7 X78.797 Y128.735 E224.48225
G1 F1430.5 X79.079 Y128.479 E224.49153
G1 F1354.2 X79.29 Y128.211 E224.50031
G1 F1297.3 X79.458 Y127.915 E224.50945
G1 F1263.2 X79.555 Y127.622 E224.51796
G1 F1278.1 X79.608 Y127.306 E224.5267
G1 F1196.7 X79.656 Y126.741 E224.54321
G1 F1085.4 X79.614 Y126.395 E224.55439
G1 F1046 X79.528 Y126.141 E224.56333
G1 F1014.1 X79.391 Y125.866 E224.57388
G1 F993.1 X79.207 Y125.582 E224.58576
G1 F970.8 X78.999 Y125.345 E224.59707
G1 F953.6 X78.785 Y125.153 E224.60758
G1 F960 X78.4 Y124.948 E224.62341
G1 F1048.5 X78.302 Y124.847 E224.62809
G1 F1183.6 X78.156 Y124.573 E224.63723
G1 F1289.6 X78.154 Y123.847 E224.65684
G1 F1350 X78.175 Y123.041 E224.67765
G1 X78.239 Y122.032 E224.70375
G1 X78.345 Y120.856 E224.73422
G1 X78.471 Y119.763 E224.76262
G1 X78.639 Y118.613 E224.79262
G1 X78.847 Y117.571 E224.82004
G1 X79.074 Y116.768 E224.84158
G1 X79.304 Y116.323 E224.85451
G1 X79.393 Y115.918 E224.86521
G1 X79.558 Y115.469 E224.87756
G1 X79.8 Y114.966 E224.89196
G1 X80.082 Y114.464 E224.90682
G1 X80.38 Y113.998 E224.9211
G1 X80.689 Y113.557 E224.935
G1 X80.975 Y113.192 E224.94697
G1 X81.222 Y112.92 E224.95645
G1 X81.566 Y112.585 E224.96884
G1 X81.922 Y112.281 E224.98092
G1 X82.319 Y111.994 E224.99357
G1 X82.734 Y111.747 E225.00603
G1 X83.132 Y111.566 E225.01732
G1 X83.743 Y111.343 E225.0341
G1 X84.089 Y111.237 E225.04344
G1 X84.392 Y111.164 E225.05149
G1 X84.825 Y111.093 E225.06281
G1 X85.809 Y111.196 E225.08835
G1 X86.834 Y111.647 E225.11725
G1 X87.209 Y111.889 E225.12877
G1 X87.441 Y112.064 E225.13627
G1 X87.729 Y112.309 E225.14603
G1 X87.922 Y112.494 E225.15293
G1 X88.446 Y113.049 E225.17263
G1 X88.752 Y113.415 E225.18494
G1 X89.087 Y113.858 E225.19928
G1 X89.557 Y114.562 E225.22113
G1 X89.884 Y115.096 E225.23729
G1 X90.209 Y115.654 E225.25395
G1 X90.511 Y116.214 E225.27038
G1 X90.778 Y116.762 E225.28611
G1 X90.976 Y117.279 E225.3004
G1 X91.043 Y117.558 E225.3078
G1 X91.033 Y117.82 E225.31457
G1 X90.911 Y118.014 E225.32049
G1 X90.673 Y118.184 E225.32803
G1 X90.455 Y118.447 E225.33685
G1 X90.307 Y118.665 E225.34365
G1 X90.177 Y118.899 E225.35056
G1 X90.04 Y119.23 E225.35981
G1 X90 Y119.537 E225.3678
G1 X90 Y119.957 E225.37864
G1 X90.045 Y120.314 E225.38792
G1 X90.178 Y120.697 E225.39839
G1 X90.384 Y121.056 E225.40907
G1 X90.654 Y121.387 E225.4201
G1 X90.948 Y121.661 E225.43047
G1 X91.313 Y121.895 E225.44166
G1 X91.625 Y122.02 E225.45033
G1 X91.981 Y122.074 E225.45963
G1 X92.285 Y122.075 E225.46747
G1 X92.694 Y122.057 E225.47804
G1 X93.107 Y121.962 E225.48898
G1 X93.63 Y121.683 E225.50428
G1 X94.084 Y121.214 E225.52112
G1 X94.358 Y120.805 E225.53383
G1 X94.503 Y120.289 E225.54766
G1 X94.58 Y120.106 E225.55279
G1 X94.576 Y119.843 E225.55958
G1 X94.557 Y119.555 E225.56703
G1 X94.52 Y119.303 E225.5736
G1 X94.369 Y118.805 E225.58703
G1 X93.976 Y118.26 E225.60437
G1 X93.664 Y117.995 E225.61494
G1 X93.27 Y117.735 E225.62712
G1 X92.983 Y117.595 E225.63536
G1 X92.735 Y117.56 E225.64183
G1 X92.261 Y117.554 E225.65406
G1 X92.094 Y117.471 E225.65888
G1 X91.918 Y117.254 E225.66609
G1 X91.834 Y116.849 E225.67676
G1 X91.401 Y115.39 E225.71604
G1 X91.287 Y114.912 E225.72873
G1 X91.168 Y114.3 E225.74482
G1 X91.062 Y113.665 E225.76143
G1 X90.986 Y112.992 E225.77891
G1 X90.924 Y111.596 E225.81498
G1 X91.331 Y109.771 E225.86324
G1 X91.515 Y109.247 E225.87757
G1 X91.792 Y108.753 E225.89219
G1 X92.163 Y108.279 E225.90773
G1 X92.609 Y107.86 E225.92352
G1 X93.14 Y107.492 E225.9402
G1 X93.694 Y107.224 E225.95608
G1 X94.307 Y107.046 E225.97256
G1 X95.072 Y106.977 E225.99238
G1 X95.941 Y107.039 E226.01487
G1 X96.64 Y107.183 E226.03329
G1 X97.279 Y107.396 E226.05067
G1 X97.875 Y107.67 E226.0676
G1 X98.392 Y107.961 E226.08291
G1 X98.925 Y108.313 E226.0994
G1 X99.391 Y108.655 E226.11432
G1 X99.81 Y108.982 E226.12804
G1 X100.084 Y109.221 E226.13742
G1 X100.518 Y109.634 E226.15288
G1 X101.557 Y110.687 E226.19106
G1 X102.08 Y111.249 E226.21088
G1 X102.533 Y111.775 E226.22879
G1 X102.845 Y112.187 E226.24213
G1 X102.986 Y112.478 E226.25048
G1 X103.011 Y112.749 E226.2575
G1 X102.766 Y113.297 E226.273
G1 X102.628 Y113.646 E226.28268
G1 X102.557 Y113.939 E226.29046
G1 X102.555 Y114.221 E226.29774
G1 X102.607 Y114.686 E226.30982
G1 X102.75 Y115.123 E226.32169
G1 X102.949 Y115.482 E226.33228
G1 X103.239 Y115.837 E226.34411
G1 X103.579 Y116.127 E226.35565
G1 X103.962 Y116.348 E226.36706
G1 X104.344 Y116.477 E226.37746
G1 X104.798 Y116.53 E226.38926
G1 X105.207 Y116.486 E226.39988
G1 X105.456 Y116.424 E226.4065
G1 X105.875 Y116.252 E226.41819
G1 X106.199 Y116.055 E226.42798
G1 X106.525 Y115.796 E226.43872
G1 X106.786 Y115.424 E226.45045
G1 X107.077 Y114.793 E226.46839
G1 X107.136 Y114.218 E226.48331
G1 X107.124 Y113.829 E226.49335
G1 X107.013 Y113.452 E226.50349
G1 X106.818 Y113.081 E226.51431
G1 X106.545 Y112.721 E226.52597
G1 X106.216 Y112.401 E226.53782
G1 X105.868 Y112.156 E226.5488
G1 X105.542 Y112.008 E226.55804
G1 X105.217 Y111.951 E226.56656
G1 X104.407 Y111.951 E226.58747
G1 X104.172 Y112.064 E226.5942
G1 X103.924 Y112.079 E226.60061
G1 X103.709 Y111.976 E226.60676
G1 X103.554 Y111.831 E226.61224
G1 X103.36 Y111.49 E226.62237
G1 X103.192 Y111.108 E226.63314
G1 X103.017 Y110.659 E226.64557
G1 X102.506 Y109.213 E226.68516
G1 X101.197 Y105.784 E226.77989
G1 X99.93 Y102.335 E226.87472
G1 X99.645 Y101.587 E226.89538
G1 X98.296 Y98.195 E226.9896
G1 X97.761 Y96.776 E227.02874
G1 X96.94 Y94.409 E227.0934
G1 X96.538 Y93.341 E227.12286
G1 X96.124 Y92.339 E227.15084
G1 X95.827 Y91.504 E227.17371
G1 X95.298 Y90.215 E227.20967
G1 X94.95 Y90.28 E227.21881
G1 X93.856 Y90.539 E227.24783
G1 X92.183 Y90.82 E227.29161
G1 X91.661 Y90.885 E227.30519
G1 X90.794 Y90.96 E227.32765
G1 X88.537 Y91.253 E227.38639
G1 X87.972 Y91.312 E227.40105
G1 X87.343 Y91.36 E227.41733
G1 X86.24 Y91.398 E227.44582
G1 X85.573 Y91.447 E227.46308
G1 X83.235 Y91.669 E227.5237
G1 X82.618 Y91.704 E227.53965
G1 X82.114 Y91.716 E227.55266
G1 X80.793 Y91.724 E227.58675
G1 X77.707 Y91.78 E227.66642
G1 X76.451 Y91.778 E227.69883
G1 X75.26 Y91.745 E227.72958
G1 X72.988 Y91.659 E227.78827
G1 X71.786 Y91.629 E227.8193
G1 X71.196 Y91.595 E227.83455
G1 X68.935 Y91.424 E227.89308
G1 X68.377 Y91.395 E227.9075
G1 X67.215 Y91.367 E227.9375
G1 X66.624 Y91.323 E227.95279
G1 X66.086 Y91.262 E227.96677
G1 X63.894 Y90.968 E228.02385
G1 X63.103 Y90.888 E228.04437
G1 X62.773 Y90.844 E228.05296
G1 X61.484 Y90.61 E228.08677
G1 X60.93 Y90.53 E228.10122
G1 X59.492 Y90.199 E228.13931
G1 X51.459 Y111.398 E228.72441
G1 X51.393 Y111.766 E228.73406
G1 X51.304 Y111.911 E228.73846
G1 X51.153 Y112.031 E228.74343
G1 X50.911 Y112.088 E228.74985
G1 X50.321 Y111.959 E228.76544
G1 X49.831 Y111.951 E228.77809
G1 X49.501 Y111.971 E228.78662
G1 X49.032 Y112.145 E228.79953
G1 X48.484 Y112.455 E228.81578
G1 X48.019 Y113.029 E228.83485
G1 X47.823 Y113.354 E228.84464
G1 X47.731 Y113.726 E228.85453
G1 X47.728 Y114.476 E228.87389
G1 X47.777 Y114.85 E228.88363
G1 X47.922 Y115.228 E228.89407
G1 X48.136 Y115.564 E228.90436
G1 X48.43 Y115.886 E228.91561
G1 X48.788 Y116.166 E228.92734
G1 X49.147 Y116.361 E228.93788
G1 X49.507 Y116.482 E228.94769
G1 X49.902 Y116.529 E228.95795
G1 X50.321 Y116.499 E228.9688
G1 X50.712 Y116.405 E228.97918
G1 X51.023 Y116.269 E228.98794
G1 X51.305 Y116.083 E228.99666
G1 X51.563 Y115.843 E229.00575
G1 X51.773 Y115.586 E229.01432
G1 X51.976 Y115.269 E229.02403
G1 X52.127 Y114.981 E229.03242
G1 X52.236 Y114.552 E229.04385
G1 X52.243 Y113.887 E229.06101
G1 X52.168 Y113.58 E229.06917
G1 X52.052 Y113.293 E229.07716
G1 X51.788 Y112.825 E229.09103
G1 X51.799 Y112.562 E229.09782
G1 X51.894 Y112.286 E229.10536
G1 X52.122 Y112.064 E229.11357
G1 X52.528 Y111.461 E229.13233
G1 X53.244 Y110.627 E229.1607
G1 X54.089 Y109.797 E229.19127
G1 X55.059 Y108.971 E229.22415
G1 X56.085 Y108.226 E229.25688
G1 X57.199 Y107.572 E229.29022
G1 X58.226 Y107.147 E229.31891
G1 X59.166 Y106.989 E229.34351
G1 X59.96 Y106.986 E229.364
G1 X60.714 Y107.081 E229.38362
G1 X61.474 Y107.363 E229.40454
G1 X62.154 Y107.811 E229.42556
G1 X62.702 Y108.343 E229.44527
G1 X63.191 Y109.039 E229.46722
G1 X63.531 Y109.764 E229.48789
G1 X63.744 Y110.525 E229.50829
G1 X63.823 Y111.381 E229.53047
G1 X63.823 Y112.829 E229.56785
G1 X63.798 Y113.227 E229.57814
G1 X63.734 Y113.73 E229.59123
G1 X63.634 Y114.32 E229.60667
G1 X63.515 Y114.937 E229.62289
G1 X63.375 Y115.57 E229.63962
G1 X63.239 Y116.109 E229.65397
G1 X63.111 Y116.528 E229.66528
G1 X63.005 Y116.765 E229.67198
G1 X62.875 Y117.259 E229.68516
G1 X62.752 Y117.429 E229.69058
G1 X62.57 Y117.54 E229.69608
G1 X62.08 Y117.574 E229.70876
G1 X61.789 Y117.625 E229.71638
G1 X61.508 Y117.757 E229.72439
G1 X60.964 Y118.134 E229.74148
G1 X60.663 Y118.526 E229.75423
G1 X60.44 Y118.861 E229.76462
G1 X60.284 Y119.235 E229.77508
G1 X60.282 Y120.274 E229.8019
G1 X60.338 Y120.549 E229.80914
G1 X60.491 Y120.871 E229.81834
G1 X60.706 Y121.188 E229.82823
G1 X60.885 Y121.392 E229.83523
G1 X61.117 Y121.594 E229.84317
G1 X61.441 Y121.821 E229.85338
G1 X61.774 Y122.002 E229.86316
G1 X62.011 Y122.07 E229.86953
G1 X62.502 Y122.075 E229.8822
G1 X62.877 Y122.059 E229.89189
G1 X63.305 Y121.968 E229.90318
G1 X63.743 Y121.761 E229.91569
G1 X64.041 Y121.55 E229.92511
G1 X64.299 Y121.3 E229.93438
G1 X64.449 Y121.05 E229.94191
G1 X64.691 Y120.41 E229.95957
G1 X64.795 Y120.224 E229.96507
G1 X64.785 Y119.922 E229.97287
G1 X64.748 Y119.563 E229.98218
G1 X64.676 Y119.154 E229.9929
G1 X64.579 Y118.813 E230.00205
G1 X64.454 Y118.522 E230.01022
G1 X64.313 Y118.31 E230.01679
G1 X64.15 Y118.157 E230.02256
G1 X63.965 Y118.064 E230.02791
G1 X63.81 Y117.913 E230.03349
G1 X63.744 Y117.753 E230.03796
G1 X63.746 Y117.52 E230.04397
G1 X64.026 Y116.899 E230.06156
G1 X64.156 Y116.529 E230.07168
G1 X64.363 Y116.09 E230.08421
G1 X64.636 Y115.582 E230.09909
G1 X64.95 Y115.049 E230.11506
G1 X65.277 Y114.528 E230.13093
G1 X65.592 Y114.049 E230.14573
G1 X65.879 Y113.641 E230.1586
G1 X66.109 Y113.346 E230.16826
G1 X66.415 Y112.99 E230.18038
G1 X66.77 Y112.612 E230.19376
G1 X67.174 Y112.234 E230.20804
G1 X67.609 Y111.895 E230.22227
G1 X68.087 Y111.593 E230.23687
G1 X68.667 Y111.334 E230.25326
G1 X69.226 Y111.181 E230.26822
G1 X69.883 Y111.119 E230.28525
G1 X70.467 Y111.163 E230.30037
G1 X70.961 Y111.278 E230.31346
G1 X71.463 Y111.465 E230.32728
G1 X71.864 Y111.656 E230.33875
G1 X72.308 Y111.908 E230.35192
G1 X72.692 Y112.159 E230.36377
G1 X73.014 Y112.397 E230.3741
G1 X73.295 Y112.628 E230.38349
G1 X73.618 Y112.932 E230.39494
G1 X73.919 Y113.265 E230.40652
G1 X74.156 Y113.567 E230.41643
G1 X74.395 Y113.915 E230.42733
G1 X74.636 Y114.305 E230.43916
G1 X74.829 Y114.652 E230.44941
G1 X75.223 Y115.447 E230.47231
G1 X75.54 Y116.23 E230.49411
G1 X75.812 Y117.09 E230.51739
G1 X76.045 Y118.027 E230.54231
G1 X76.253 Y119.072 E230.56981
G1 X76.427 Y120.175 E230.59863
G1 X76.541 Y121.193 E230.62507
G1 X76.618 Y122.256 E230.65258
G1 X76.643 Y123.185 E230.67656
G1 X76.642 Y124.495 E230.71037
G1 F1301.2 X76.552 Y124.76 E230.71787
G1 F1110.5 X76.43 Y124.925 E230.72431
G1 F990.8 X76.076 Y125.085 E230.73797
G1 F993.1 X75.776 Y125.377 E230.75266
G1 F1026.1 X75.571 Y125.638 E230.76393
G1 F1072 X75.394 Y125.941 E230.77533
G1 F1116.3 X75.262 Y126.248 E230.78576
G1 F1148.9 X75.166 Y126.614 E230.79724
G1 F1173.9 X75.131 Y126.931 E230.8067
G1 F1234.3 X75.173 Y127.377 E230.81935
G1 F1317.1 X75.351 Y127.92 E230.83447
G1 F1407.2 X75.667 Y128.428 E230.84928
G1 F1474.4 X75.879 Y128.632 E230.85623
G1 F1548.4 X76.129 Y128.816 E230.86322
G1 F1611.9 X76.522 Y129.046 E230.87306
G1 F1576.6 X76.795 Y129.151 E230.87953
G1 F1526.5 X77.091 Y129.236 E230.88656
G1 F1521.1 X77.389 Y129.238 E230.89338
G1 F1537.4 X77.769 Y129.205 E230.90203
G1 F1554 X78.145 Y129.102 E230.91077
G0 F7500 X78.232 Y129.346
;TYPE:WALL-OUTER
G1 F1350 X78.603 Y129.178 E230.92128
G1 X78.958 Y128.95 E230.93217
G1 X79.267 Y128.68 E230.94276
G1 X79.524 Y128.376 E230.95303
G1 X79.722 Y128.036 E230.96319
G1 X79.841 Y127.691 E230.97261
G1 X79.975 Y126.747 E230.99722
G1 X79.931 Y126.331 E231.00801
G1 X79.837 Y126.021 E231.01637
G1 X79.685 Y125.703 E231.02547
G1 X79.48 Y125.38 E231.03535
G1 X79.259 Y125.116 E231.04423
G1 X78.999 Y124.877 E231.05335
G1 X78.768 Y124.726 E231.06047
G1 X78.503 Y124.609 E231.06795
G1 X78.431 Y124.505 E231.07121
G1 X78.434 Y123.854 E231.08801
G1 X78.455 Y123.059 E231.10854
G1 X78.518 Y122.057 E231.13445
G1 X78.623 Y120.888 E231.16475
G1 X78.749 Y119.804 E231.19291
G1 X78.918 Y118.644 E231.22317
G1 X79.116 Y117.647 E231.2494
G1 X79.329 Y116.893 E231.26962
G1 X79.57 Y116.417 E231.28339
G1 X79.65 Y116.032 E231.29354
G1 X79.823 Y115.562 E231.30647
G1 X80.044 Y115.103 E231.31962
G1 X80.318 Y114.615 E231.33406
G1 X80.609 Y114.158 E231.34805
G1 X80.895 Y113.748 E231.36095
G1 X81.183 Y113.379 E231.37303
G1 X81.409 Y113.129 E231.38173
G1 X81.748 Y112.798 E231.39396
G1 X82.088 Y112.507 E231.40551
G1 X82.462 Y112.235 E231.41744
G1 X82.867 Y111.993 E231.42962
G1 X83.247 Y111.821 E231.44039
G1 X83.825 Y111.61 E231.45627
G1 X84.155 Y111.509 E231.46517
G1 X84.454 Y111.437 E231.47311
G1 X84.824 Y111.377 E231.48279
G1 X85.753 Y111.47 E231.50688
G1 X86.721 Y111.904 E231.53426
G1 X87.042 Y112.114 E231.54416
G1 X87.26 Y112.277 E231.55119
G1 X87.535 Y112.511 E231.56051
G1 X87.735 Y112.703 E231.56766
G1 X88.232 Y113.229 E231.58634
G1 X88.529 Y113.584 E231.59829
G1 X88.854 Y114.013 E231.61218
G1 X89.318 Y114.709 E231.63377
G1 X89.642 Y115.237 E231.64976
G1 X89.963 Y115.787 E231.66619
G1 X90.259 Y116.338 E231.68234
G1 X90.517 Y116.865 E231.69748
G1 X90.704 Y117.345 E231.71078
G1 X90.771 Y117.623 E231.71816
G1 X90.738 Y117.788 E231.7225
G1 X90.483 Y117.974 E231.73065
G1 X90.231 Y118.278 E231.74084
G1 X90.068 Y118.518 E231.74833
G1 X89.924 Y118.777 E231.75598
G1 X89.767 Y119.157 E231.76659
G1 X89.72 Y119.519 E231.77601
G1 X89.72 Y119.975 E231.78778
G1 X89.771 Y120.378 E231.79826
G1 X89.922 Y120.813 E231.81015
G1 X90.153 Y121.216 E231.82214
G1 X90.45 Y121.578 E231.83422
G1 X90.776 Y121.883 E231.84574
G1 X91.185 Y122.145 E231.85828
G1 X91.551 Y122.292 E231.86846
G1 X91.96 Y122.354 E231.87914
G1 X92.29 Y122.355 E231.88765
G1 X92.577 Y122.343 E231.89507
G1 X92.851 Y122.308 E231.9022
G1 X93.206 Y122.227 E231.91159
G1 X93.677 Y121.976 E231.92537
G1 X93.905 Y121.801 E231.93279
G1 X94.302 Y121.391 E231.94752
G1 X94.521 Y121.065 E231.95765
G1 X94.645 Y120.818 E231.96479
G1 X94.777 Y120.353 E231.97726
G1 X94.861 Y120.163 E231.98263
G1 X94.856 Y119.832 E231.99117
G1 X94.835 Y119.526 E231.99909
G1 X94.794 Y119.242 E232.00649
G1 X94.668 Y118.824 E232.01776
G1 X94.538 Y118.56 E232.02535
G1 X94.182 Y118.067 E232.04105
G1 X93.836 Y117.774 E232.05275
G1 X93.625 Y117.622 E232.05946
G1 X93.405 Y117.488 E232.06611
G1 X93.066 Y117.324 E232.07583
G1 X92.755 Y117.28 E232.08394
G1 X92.345 Y117.278 E232.09452
G1 X92.256 Y117.243 E232.09699
G1 X92.188 Y117.157 E232.09982
G1 X92.105 Y116.781 E232.10976
G1 X91.674 Y115.325 E232.14895
G1 X91.562 Y114.858 E232.16134
G1 X91.444 Y114.254 E232.17723
G1 X91.337 Y113.608 E232.19413
G1 X91.266 Y112.979 E232.21046
G1 X91.206 Y111.616 E232.24568
G1 X91.596 Y109.862 E232.29205
G1 X91.761 Y109.381 E232.30518
G1 X92.024 Y108.91 E232.3191
G1 X92.376 Y108.461 E232.33383
G1 X92.782 Y108.08 E232.3482
G1 X93.277 Y107.736 E232.36375
G1 X93.78 Y107.492 E232.37818
G1 X94.361 Y107.321 E232.39382
G1 X95.021 Y107.257 E232.41093
G1 X95.886 Y107.313 E232.4333
G1 X96.529 Y107.442 E232.45023
G1 X97.162 Y107.651 E232.46743
G1 X97.738 Y107.914 E232.48378
G1 X98.255 Y108.205 E232.49909
G1 X98.759 Y108.538 E232.51468
G1 X99.219 Y108.876 E232.52941
G1 X99.646 Y109.21 E232.5434
G1 X99.891 Y109.424 E232.5518
G1 X100.319 Y109.831 E232.56704
G1 X101.352 Y110.878 E232.60501
G1 X101.868 Y111.432 E232.62455
G1 X102.31 Y111.945 E232.64202
G1 X102.611 Y112.341 E232.65486
G1 X102.722 Y112.572 E232.66148
G1 X102.732 Y112.686 E232.66443
G1 X102.508 Y113.188 E232.67862
G1 X102.36 Y113.561 E232.68898
G1 X102.277 Y113.905 E232.69811
G1 X102.275 Y114.235 E232.70663
G1 X102.332 Y114.746 E232.7199
G1 X102.492 Y115.235 E232.73318
G1 X102.716 Y115.64 E232.74512
G1 X103.038 Y116.034 E232.75825
G1 X103.416 Y116.356 E232.77107
G1 X103.845 Y116.604 E232.78386
G1 X104.283 Y116.752 E232.79579
G1 X104.79 Y116.811 E232.80897
G1 X105.262 Y116.761 E232.82122
G1 X105.544 Y116.691 E232.82872
G1 X106.002 Y116.502 E232.8415
G1 X106.359 Y116.285 E232.85229
G1 X106.731 Y115.99 E232.86454
G1 X107.028 Y115.567 E232.87788
G1 X107.351 Y114.868 E232.89775
G1 X107.416 Y114.228 E232.91436
G1 X107.402 Y113.784 E232.92582
G1 X107.274 Y113.347 E232.93758
G1 X107.055 Y112.93 E232.94973
G1 X106.755 Y112.535 E232.96253
G1 X106.396 Y112.185 E232.97548
G1 X106.008 Y111.911 E232.98773
G1 X105.624 Y111.738 E232.9986
G1 X105.241 Y111.671 E233.00864
G1 X104.341 Y111.671 E233.03187
G1 X104.074 Y111.801 E233.03953
G1 X103.979 Y111.805 E233.04199
G1 X103.775 Y111.658 E233.04848
G1 X103.616 Y111.377 E233.05681
G1 X103.453 Y111.005 E233.06729
G1 X103.281 Y110.565 E233.07949
G1 X102.768 Y109.114 E233.11921
G1 X101.46 Y105.687 E233.21388
G1 X100.191 Y102.235 E233.30881
G1 X99.906 Y101.483 E233.32956
G1 X98.558 Y98.096 E233.42365
G1 X98.026 Y96.684 E233.4626
G1 X97.228 Y94.382 E233.52548
G1 X96.798 Y93.238 E233.55702
G1 X96.388 Y92.245 E233.58475
G1 X96.089 Y91.404 E233.60779
G1 X95.633 Y90.293 E233.63878
G1 X95.49 Y89.894 E233.64972
G1 X94.885 Y90.007 E233.66561
G1 X93.779 Y90.269 E233.69494
G1 X92.148 Y90.542 E233.73762
G1 X91.637 Y90.606 E233.75092
G1 X90.764 Y90.681 E233.77353
G1 X88.507 Y90.974 E233.83227
G1 X87.95 Y91.033 E233.84673
G1 X87.333 Y91.08 E233.8627
G1 X86.225 Y91.118 E233.89131
G1 X85.656 Y91.159 E233.90604
G1 X83.218 Y91.389 E233.96924
G1 X82.611 Y91.424 E233.98493
G1 X82.113 Y91.436 E233.99779
G1 X80.788 Y91.444 E234.03199
G1 X77.707 Y91.5 E234.11152
G1 X76.459 Y91.498 E234.14373
G1 X75.271 Y91.465 E234.17441
G1 X72.997 Y91.379 E234.23314
G1 X71.802 Y91.349 E234.26399
G1 X71.217 Y91.316 E234.27912
G1 X68.953 Y91.144 E234.33772
G1 X68.387 Y91.115 E234.35235
G1 X67.236 Y91.088 E234.38206
G1 X66.656 Y91.045 E234.39707
G1 X66.123 Y90.985 E234.41092
G1 X63.926 Y90.69 E234.46813
G1 X63.14 Y90.611 E234.48852
G1 X62.823 Y90.568 E234.49677
G1 X61.529 Y90.333 E234.53072
G1 X61.011 Y90.261 E234.54422
G1 X59.696 Y89.958 E234.57905
G1 X59.307 Y89.896 E234.58921
G1 X51.188 Y111.324 E235.18064
G1 X51.119 Y111.683 E235.19007
G1 X51.026 Y111.781 E235.19356
G1 X50.937 Y111.802 E235.19592
G1 X50.354 Y111.679 E235.2113
G1 X49.825 Y111.671 E235.22495
G1 X49.442 Y111.693 E235.23485
G1 X48.913 Y111.89 E235.24942
G1 X48.3 Y112.238 E235.26762
G1 X47.789 Y112.868 E235.28855
G1 X47.561 Y113.246 E235.29995
G1 X47.47 Y113.615 E235.30975
G1 X47.45 Y113.888 E235.31682
G1 X47.448 Y114.494 E235.33246
G1 X47.504 Y114.919 E235.34352
G1 X47.671 Y115.355 E235.35557
G1 X47.913 Y115.734 E235.36718
G1 X48.239 Y116.092 E235.37968
G1 X48.634 Y116.401 E235.39262
G1 X49.035 Y116.618 E235.40439
G1 X49.445 Y116.756 E235.41555
G1 X49.895 Y116.811 E235.42726
G1 X50.364 Y116.776 E235.43939
G1 X50.802 Y116.671 E235.45102
G1 X51.158 Y116.516 E235.46104
G1 X51.478 Y116.304 E235.47095
G1 X51.767 Y116.035 E235.48114
G1 X52 Y115.751 E235.49062
G1 X52.218 Y115.41 E235.50106
G1 X52.39 Y115.082 E235.51062
G1 X52.516 Y114.589 E235.52376
G1 X52.523 Y113.855 E235.5427
G1 X52.436 Y113.494 E235.55229
G1 X52.304 Y113.17 E235.56132
G1 X52.064 Y112.749 E235.57382
G1 X52.127 Y112.457 E235.58153
G1 X52.338 Y112.246 E235.58924
G1 X52.775 Y111.599 E235.60939
G1 X53.441 Y110.827 E235.6357
G1 X54.271 Y110.01 E235.66576
G1 X55.224 Y109.198 E235.69808
G1 X56.266 Y108.442 E235.7313
G1 X57.281 Y107.843 E235.76172
G1 X58.325 Y107.414 E235.79085
G1 X59.212 Y107.265 E235.81407
G1 X59.927 Y107.264 E235.83252
G1 X60.668 Y107.359 E235.8518
G1 X61.344 Y107.614 E235.87045
G1 X61.969 Y108.021 E235.8897
G1 X62.51 Y108.551 E235.90925
G1 X62.944 Y109.172 E235.9288
G1 X63.266 Y109.854 E235.94827
G1 X63.473 Y110.604 E235.96835
G1 X63.543 Y111.381 E235.98848
G1 X63.543 Y112.829 E236.02586
G1 X63.517 Y113.221 E236.036
G1 X63.458 Y113.683 E236.04802
G1 X63.359 Y114.266 E236.06328
G1 X63.241 Y114.877 E236.07934
G1 X63.103 Y115.502 E236.09586
G1 X62.954 Y116.085 E236.11139
G1 X62.843 Y116.442 E236.12104
G1 X62.739 Y116.672 E236.12756
G1 X62.617 Y117.15 E236.14029
G1 X62.486 Y117.269 E236.14486
G1 X62.047 Y117.295 E236.15621
G1 X61.704 Y117.356 E236.1652
G1 X61.368 Y117.513 E236.17477
G1 X60.768 Y117.929 E236.19361
G1 X60.435 Y118.363 E236.20773
G1 X60.192 Y118.728 E236.21905
G1 X60.004 Y119.179 E236.23166
G1 X60.002 Y120.302 E236.26065
G1 X60.071 Y120.638 E236.2695
G1 X60.248 Y121.011 E236.28015
G1 X60.484 Y121.359 E236.29101
G1 X60.687 Y121.591 E236.29896
G1 X60.945 Y121.815 E236.30778
G1 X61.293 Y122.059 E236.31875
G1 X61.668 Y122.263 E236.32977
G1 X61.971 Y122.35 E236.33791
G1 X62.506 Y122.355 E236.35172
G1 X62.777 Y122.343 E236.35872
G1 X63.045 Y122.309 E236.36569
G1 X63.395 Y122.235 E236.37492
G1 X63.884 Y122.004 E236.38888
G1 X64.22 Y121.766 E236.39951
G1 X64.52 Y121.475 E236.4103
G1 X64.703 Y121.172 E236.41943
G1 X64.944 Y120.53 E236.43713
G1 X65.077 Y120.293 E236.44414
G1 X65.065 Y119.903 E236.45422
G1 X65.025 Y119.524 E236.46405
G1 X64.949 Y119.091 E236.4754
G1 X64.844 Y118.719 E236.48537
G1 X64.701 Y118.388 E236.49468
G1 X64.529 Y118.128 E236.50273
G1 X64.311 Y117.924 E236.51043
G1 X64.045 Y117.762 E236.51847
G1 X64.019 Y117.607 E236.52253
G1 X64.286 Y117.002 E236.5396
G1 X64.409 Y116.648 E236.54927
G1 X64.61 Y116.223 E236.5614
G1 X64.878 Y115.724 E236.57602
G1 X65.187 Y115.198 E236.59177
G1 X65.511 Y114.682 E236.60749
G1 X65.822 Y114.21 E236.62208
G1 X66.1 Y113.813 E236.63459
G1 X66.322 Y113.528 E236.64391
G1 X66.619 Y113.182 E236.65568
G1 X66.962 Y112.816 E236.66863
G1 X67.348 Y112.454 E236.68229
G1 X67.759 Y112.132 E236.69576
G1 X68.216 Y111.842 E236.70973
G1 X68.732 Y111.607 E236.72437
G1 X69.276 Y111.457 E236.73893
G1 X69.931 Y111.399 E236.7559
G1 X70.46 Y111.446 E236.76961
G1 X70.879 Y111.546 E236.78073
G1 X71.342 Y111.718 E236.79348
G1 X71.752 Y111.913 E236.80519
G1 X72.155 Y112.142 E236.81716
G1 X72.525 Y112.385 E236.82858
G1 X72.854 Y112.628 E236.83914
G1 X73.1 Y112.829 E236.84734
G1 X73.429 Y113.139 E236.85901
G1 X73.699 Y113.438 E236.8694
G1 X73.942 Y113.749 E236.87959
G1 X74.157 Y114.062 E236.88939
G1 X74.395 Y114.45 E236.90114
G1 X74.578 Y114.777 E236.91081
G1 X74.976 Y115.58 E236.93394
G1 X75.273 Y116.315 E236.9544
G1 X75.54 Y117.157 E236.9772
G1 X75.775 Y118.103 E237.00236
G1 X75.976 Y119.116 E237.02901
G1 X76.148 Y120.206 E237.05749
G1 X76.263 Y121.232 E237.08414
G1 X76.338 Y122.264 E237.11085
G1 X76.363 Y123.185 E237.13463
G1 X76.363 Y124.473 E237.16787
G1 X76.263 Y124.632 E237.17272
G1 X76.019 Y124.731 E237.17951
G1 X75.772 Y124.904 E237.1873
G1 X75.521 Y125.158 E237.19651
G1 X75.296 Y125.461 E237.20625
G1 X75.106 Y125.804 E237.21637
G1 X74.967 Y126.152 E237.22605
G1 X74.862 Y126.562 E237.23697
G1 X74.829 Y126.926 E237.2464
G1 X74.843 Y127.189 E237.2532
G1 X74.892 Y127.447 E237.25998
G1 X74.972 Y127.703 E237.2669
G1 X75.172 Y128.145 E237.27942
G1 X75.458 Y128.6 E237.29329
G1 X75.713 Y128.84 E237.30233
G1 X76.038 Y129.057 E237.31242
G1 X76.256 Y129.186 E237.31896
G1 X76.621 Y129.371 E237.32952
G1 X77.053 Y129.499 E237.34115
G1 X77.395 Y129.5 E237.34997
G1 X77.815 Y129.46 E237.36086
G1 X78.232 Y129.346 E237.37202
G0 F7500 X78.019 Y128.578
G1 F1350 X77.587 Y128.694 E237.38357
G1 X77.173 Y128.692 E237.39425
G1 X76.778 Y128.587 E237.4048
G1 X76.419 Y128.382 E237.41547
G1 X76.11 Y128.078 E237.42666
G1 X75.914 Y127.748 E237.43656
G1 X75.794 Y127.303 E237.44846
G1 X75.794 Y126.905 E237.45873
G1 X75.904 Y126.491 E237.46979
G1 X76.127 Y126.113 E237.48112
G1 X76.391 Y125.847 E237.49079
G1 X76.848 Y125.573 E237.50454
G1 X77.485 Y125.483 E237.52114
G1 X78.023 Y125.636 E237.53558
G1 X78.376 Y125.845 E237.54617
G1 X78.664 Y126.141 E237.55683
G1 X78.92 Y126.583 E237.57001
G1 X78.999 Y127.22 E237.58658
G1 X78.869 Y127.704 E237.59951
G1 X78.649 Y128.087 E237.61091
G1 X78.343 Y128.389 E237.62201
G1 X78.019 Y128.578 E237.63169
G1 F2700 E230.63169
G0 F7500 X78.149 Y128.801
G0 X79.647 Y127.649
G0 X79.32 Y125.498
G0 X78.241 Y124.725
G0 X78.32 Y122.045
G0 X78.722 Y118.615
G0 X79.149 Y116.801
G0 X79.865 Y115.015
G0 X80.739 Y113.625
G0 X81.612 Y112.654
G0 X82.341 Y112.074
G0 X83.176 Y111.633
G0 X84.403 Y111.243
G0 X84.836 Y111.174
G0 X85.841 Y111.28
G0 X86.817 Y111.729
G0 X87.666 Y112.362
G0 X88.682 Y113.456
G0 X89.813 Y115.134
G0 X90.697 Y116.78
G0 X90.892 Y117.274
G0 X91.019 Y117.841
G0 X89.919 Y119.53
G0 X90.289 Y120.646
G0 X90.742 Y121.304
G0 X91.369 Y121.787
G0 X91.99 Y121.953
G0 X92.678 Y121.937
G0 X93.064 Y121.848
G0 X93.555 Y121.585
G0 X93.99 Y121.138
G0 X94.246 Y120.755
G0 X94.47 Y120.054
G0 X94.425 Y119.407
G0 X94.26 Y118.862
G0 X93.303 Y117.66
G0 X92.055 Y117.469
G0 X91.367 Y114.903
G0 X91.068 Y113.004
G0 X91.006 Y111.603
G0 X91.403 Y109.815
G0 X91.579 Y109.299
G0 X91.856 Y108.8
G0 X92.228 Y108.328
G0 X92.664 Y107.917
G0 X93.17 Y107.567
G0 X93.727 Y107.299
G0 X94.328 Y107.124
G0 X95.035 Y107.057
G0 X95.899 Y107.113
G0 X96.587 Y107.251
G0 X97.817 Y107.731
G0 X98.867 Y108.373
G0 X100.023 Y109.276
G0 X103.099 Y112.434
G0 X102.678 Y113.955
G0 X102.726 Y114.66
G0 X102.861 Y115.074
G0 X103.326 Y115.752
G0 X103.648 Y116.028
G0 X104.371 Y116.359
G0 X104.803 Y116.41
G0 X105.31 Y116.353
G0 X106.129 Y115.955
G0 X106.437 Y115.712
G0 X106.681 Y115.362
G0 X106.958 Y114.76
G0 X107.003 Y113.848
G0 X106.715 Y113.147
G0 X106.139 Y112.494
G0 X105.505 Y112.124
G0 X104.437 Y112.072
G0 X103.782 Y112.068
G0 X103.135 Y111.128
G0 X102.744 Y111.282
;TYPE:SKIN
G1 F2700 E237.63169
G1 F827 X102.986 Y111.68 E237.65622
G1 F950.7 X103.187 Y111.983 E237.67288
G1 F983.6 X103.231 Y112.069 E237.67716
G0 F7500 X102.925 Y112.217
G0 X103.131 Y112.78
G0 X102.678 Y113.955
G0 X102.726 Y114.66
G0 X102.861 Y115.074
G0 X103.326 Y115.752
G0 X103.648 Y116.028
G0 X104.058 Y116.216
G0 X104.773 Y116.466
G0 X104.804 Y116.204
G1 F1350 X104.413 Y116.157 E237.68986
G1 X104.093 Y116.05 E237.70075
G1 X103.772 Y115.865 E237.7127
G1 X103.468 Y115.604 E237.72563
G1 X103.222 Y115.303 E237.73817
G1 X103.046 Y114.986 E237.74987
G1 X102.928 Y114.622 E237.76221
G1 X102.862 Y114.053 E237.78069
G1 X102.938 Y113.749 E237.7908
G1 X103.066 Y113.422 E237.80213
G1 X103.338 Y112.81 E237.82374
G1 X103.301 Y112.418 E237.83644
G1 F1285.7 X103.305 Y112.346 E237.83889
G1 F1086.5 X103.231 Y112.069 E237.85038
G1 X103.476 Y112.23 E237.86213
G1 F1285.7 X103.539 Y112.25 E237.86437
G1 F1350 X103.861 Y112.401 E237.87584
G1 X104.245 Y112.381 E237.88825
G1 X104.48 Y112.275 E237.89657
G1 X105.194 Y112.276 E237.9196
G1 X105.442 Y112.319 E237.92772
G1 X105.704 Y112.438 E237.93701
G1 X106.013 Y112.655 E237.94919
G1 X106.298 Y112.933 E237.96203
G1 X106.545 Y113.261 E237.97528
G1 X106.708 Y113.569 E237.98652
G1 X106.8 Y113.883 E237.99708
G1 X106.811 Y114.201 E238.00734
G1 X106.759 Y114.705 E238.02369
G1 X106.502 Y115.261 E238.04345
G1 X106.284 Y115.573 E238.05573
G1 X106.017 Y115.786 E238.06675
G1 X105.724 Y115.964 E238.07781
G1 X105.265 Y116.152 E238.09381
G1 X104.804 Y116.204 E238.10878
G1 F2700 E231.10878
G0 F7500 X104.773 Y116.466
G0 X103.521 Y116.186
G0 X102.528 Y114.705
G0 X102.967 Y112.634
G0 X102.785 Y112.242
G0 X101.492 Y110.739
G0 X99.771 Y109.055
G0 X98.367 Y108.041
G0 X97.227 Y107.463
G0 X96.587 Y107.251
G0 X95.899 Y107.113
G0 X95.035 Y107.057
G0 X94.328 Y107.124
G0 X93.727 Y107.299
G0 X93.17 Y107.567
G0 X92.664 Y107.917
G0 X92.228 Y108.328
G0 X91.856 Y108.8
G0 X91.579 Y109.299
G0 X91.403 Y109.815
G0 X91.006 Y111.603
G0 X91.14 Y113.632
G0 X91.484 Y115.383
G0 X92.055 Y117.469
G0 X93.712 Y117.929
G0 X94.64 Y119.564
G0 X94.087 Y121.361
G0 X92.71 Y121.992
G0 X92.652 Y121.734
G1 F2700 E238.10878
G1 F1350 X92.277 Y121.751 E238.12089
G1 X92.011 Y121.75 E238.12947
G1 X91.712 Y121.704 E238.13923
G1 X91.456 Y121.602 E238.14812
G1 X91.154 Y121.408 E238.1597
G1 X90.889 Y121.161 E238.17139
G1 X90.649 Y120.867 E238.18364
G1 X90.475 Y120.564 E238.19491
G1 X90.364 Y120.243 E238.20587
G1 X90.325 Y119.932 E238.21598
G1 X90.325 Y119.565 E238.22782
G1 X90.358 Y119.309 E238.23615
G1 X90.482 Y119.022 E238.24623
G1 X90.645 Y118.724 E238.25719
G1 X90.895 Y118.425 E238.26977
G1 X91.135 Y118.247 E238.27941
G1 X91.32 Y117.966 E238.29026
G1 F1148.9 X91.5 Y117.448 E238.31105
G1 X91.949 Y117.758 E238.33173
G1 F1350 X92.265 Y117.877 E238.34263
G1 X92.838 Y117.886 E238.36111
G1 X93.113 Y118.019 E238.37097
G1 X93.462 Y118.25 E238.38447
G1 X93.754 Y118.5 E238.39687
G1 X94.075 Y118.951 E238.41473
G1 X94.225 Y119.45 E238.43154
G1 X94.264 Y120.019 E238.44994
G1 X94.211 Y120.141 E238.45424
G1 X94.057 Y120.672 E238.47207
G1 X93.832 Y121.008 E238.48512
G1 X93.433 Y121.419 E238.5036
G1 X92.99 Y121.656 E238.51981
G1 X92.652 Y121.734 E238.531
G0 F7500 X92.71 Y121.992
G0 X93.555 Y121.585
G0 X93.99 Y121.138
G0 X94.246 Y120.755
G0 X94.47 Y120.054
G0 X94.425 Y119.407
G0 X94.26 Y118.862
G0 X93.905 Y118.358
G0 X93.213 Y117.841
G0 X92.887 Y117.684
G0 X92.074 Y117.475
G0 X91.856 Y117.267
G0 X91.494 Y117.444
G1 F772.5 X91.358 Y116.93 E238.56097
G1 F736.7 X91.23 Y116.557 E238.58429
G1 F676.7 X91.004 Y115.975 E238.62447
G1 F2700 E231.62447
G0 F7500 X90.566 Y116.189
G0 X88.682 Y113.456
G0 X87.666 Y112.362
G0 X86.817 Y111.729
G0 X85.841 Y111.28
G0 X84.836 Y111.174
G0 X83.756 Y111.423
G0 X82.781 Y111.813
G0 X81.961 Y112.353
G0 X81.028 Y113.256
G0 X80.141 Y114.523
G0 X78.961 Y116.725
G0 X78.033 Y123.842
G0 X78.33 Y125.118
G0 X78.783 Y125.394
G0 X79.236 Y125.95
G0 X79.446 Y126.363
G0 X79.458 Y126.778
G0 X78.101 Y125.171
G0 X76.503 Y125.132
G0 X76.739 Y122.253
G0 X75.653 Y116.193
G0 X74.101 Y113.628
G0 X73.242 Y112.689
G0 X72.252 Y111.968
G0 X71.407 Y111.529
G0 X70.473 Y111.246
G0 X69.911 Y111.197
G0 X69.225 Y111.263
G0 X68.657 Y111.422
G0 X68.119 Y111.668
G0 X67.209 Y112.312
G0 X66.165 Y113.404
G0 X64.047 Y116.476
G0 X63.626 Y117.779
G0 X64.295 Y118.461
G0 X64.558 Y119.182
G0 X64.671 Y120.193
G0 X64.204 Y121.223
G0 X63.682 Y121.656
G0 X63.266 Y121.852
G0 X62.642 Y121.956
G0 X62.029 Y121.949
G0 X61.505 Y121.718
G0 X60.802 Y121.114
G0 X60.454 Y120.51
G0 X60.403 Y120.261
G0 X60.405 Y119.26
G0 X60.761 Y118.596
G0 X61.048 Y118.223
G0 X61.826 Y117.741
G0 X62.832 Y117.519
G0 X63.55 Y114.327
G0 X63.741 Y112.845
G0 X63.741 Y111.362
G0 X63.668 Y110.554
G0 X63.451 Y109.779
G0 X63.11 Y109.057
G0 X62.649 Y108.406
G0 X62.085 Y107.856
G0 X61.435 Y107.435
G0 X60.697 Y107.158
G0 X59.922 Y107.064
G0 X59.213 Y107.064
G0 X58.247 Y107.227
G0 X57.208 Y107.656
G0 X56.146 Y108.282
G0 X55.098 Y109.045
G0 X54.13 Y109.87
G0 X53.289 Y110.699
G0 X51.942 Y112.352
G0 X51.838 Y112.747
G0 X52.317 Y114.563
G0 X51.742 Y115.491
G0 X51.017 Y116.201
G0 X50.872 Y115.982
G1 F2700 E238.62447
G1 F1350 X50.608 Y116.096 E238.63375
G1 X50.274 Y116.176 E238.64483
G1 X49.91 Y116.204 E238.65661
G1 X49.575 Y116.162 E238.6675
G1 X49.284 Y116.064 E238.67741
G1 X48.97 Y115.894 E238.68893
G1 X48.647 Y115.642 E238.70215
G1 X48.397 Y115.367 E238.71414
G1 X48.215 Y115.081 E238.72507
G1 X48.094 Y114.768 E238.7359
G1 X48.053 Y114.449 E238.74628
G1 X48.056 Y113.768 E238.76825
G1 X48.128 Y113.48 E238.77782
G1 X48.287 Y113.211 E238.78791
G1 X48.697 Y112.706 E238.80889
G1 X49.164 Y112.443 E238.82618
G1 X49.569 Y112.292 E238.84013
G1 X49.838 Y112.276 E238.84882
G1 X50.285 Y112.283 E238.86324
G1 X50.909 Y112.417 E238.88384
G1 F1346.6 X51.291 Y112.328 E238.89652
G1 F1301.2 X51.584 Y112.131 E238.90834
G1 F1298.1 X51.49 Y112.457 E238.91972
G1 F1340 X51.465 Y112.907 E238.93437
G1 F1346.6 X51.752 Y113.417 E238.9533
G1 F1350 X51.858 Y113.674 E238.96227
G1 X51.918 Y113.925 E238.97059
G1 X51.912 Y114.509 E238.98944
G1 X51.823 Y114.864 E239.00124
G1 X51.698 Y115.103 E239.00995
G1 X51.513 Y115.392 E239.02102
G1 X51.328 Y115.616 E239.03039
G1 X51.098 Y115.83 E239.04052
G1 X50.872 Y115.982 E239.04931
G1 F2700 E232.04931
G0 F7500 X51.017 Y116.201
G0 X52.203 Y115.013
G0 X52.123 Y113.254
G0 X51.838 Y112.747
G0 X51.942 Y112.352
G0 X53.289 Y110.699
G0 X54.13 Y109.87
G0 X55.098 Y109.045
G0 X56.146 Y108.282
G0 X57.208 Y107.656
G0 X58.247 Y107.227
G0 X59.213 Y107.064
G0 X59.922 Y107.064
G0 X60.697 Y107.158
G0 X61.435 Y107.435
G0 X62.085 Y107.856
G0 X62.649 Y108.406
G0 X63.11 Y109.057
G0 X63.451 Y109.779
G0 X63.668 Y110.554
G0 X63.741 Y111.362
G0 X63.715 Y113.232
G0 X62.986 Y117.305
G0 X62.095 Y117.694
G0 X61.569 Y117.862
G0 X61.048 Y118.223
G0 X60.547 Y118.919
G0 X60.405 Y119.26
G0 X60.403 Y120.261
G0 X60.597 Y120.81
G0 X60.97 Y121.307
G0 X61.82 Y121.89
G0 X62.978 Y121.914
G0 X63.266 Y121.852
G0 X63.963 Y121.456
G0 X64.34 Y120.997
G0 X64.671 Y120.193
G0 X64.558 Y119.182
G0 X64.295 Y118.461
G0 X63.693 Y117.847
G0 X64.119 Y116.465
G0 X63.718 Y116.275
G1 F2700 E239.04931
G1 F721 X63.583 Y116.673 E239.0747
G1 F734.7 X63.474 Y116.925 E239.09098
G1 F772.5 X63.3 Y117.422 E239.12067
G0 F7500 X63.687 Y117.499
G0 X63.783 Y118.06
G0 X64.295 Y118.461
G0 X64.558 Y119.182
G0 X64.671 Y120.193
G0 X64.251 Y121.12
G0 X63.731 Y121.694
G0 X63.579 Y121.478
G1 F1350 X63.196 Y121.659 E239.13433
G1 X62.948 Y121.712 E239.14251
G1 X62.626 Y121.752 E239.15298
G1 X61.98 Y121.745 E239.17382
G1 X61.611 Y121.543 E239.1874
G1 X61.321 Y121.338 E239.19885
G1 X61.029 Y121.087 E239.21128
G1 X60.776 Y120.71 E239.22593
G1 X60.646 Y120.437 E239.23568
G1 X60.607 Y120.248 E239.24191
G1 X60.608 Y119.298 E239.27256
G1 X60.725 Y119.018 E239.28235
G1 X60.926 Y118.716 E239.29405
G1 X61.189 Y118.373 E239.30799
G1 X61.669 Y118.041 E239.32682
G1 X61.957 Y117.907 E239.33707
G1 X62.657 Y117.858 E239.35971
G1 X62.938 Y117.692 E239.37024
G1 F1158.8 X63.304 Y117.434 E239.38707
G1 X63.437 Y117.855 E239.40367
G1 F1350 X63.546 Y118.103 E239.4124
G1 X63.798 Y118.343 E239.42363
G1 X63.965 Y118.426 E239.42965
G1 X64.124 Y118.578 E239.43675
G1 X64.271 Y118.92 E239.44876
G1 X64.356 Y119.203 E239.45829
G1 X64.453 Y119.797 E239.47771
G1 X64.467 Y120.143 E239.48888
G1 X64.395 Y120.277 E239.49379
G1 X64.156 Y120.909 E239.51558
G1 X64.042 Y121.098 E239.52271
G1 X63.837 Y121.295 E239.53188
G1 X63.579 Y121.478 E239.54208
G1 F2700 E232.54208
G0 F7500 X63.731 Y121.694
G0 X64.524 Y121.085
G0 X64.824 Y119.51
G0 X64.201 Y118.091
G0 X63.706 Y117.835
G0 X64.43 Y116.137
G0 X65.656 Y114.101
G0 X66.47 Y113.05
G0 X67.209 Y112.312
G0 X68.119 Y111.668
G0 X68.657 Y111.422
G0 X69.225 Y111.263
G0 X69.911 Y111.197
G0 X70.94 Y111.357
G0 X71.84 Y111.734
G0 X72.964 Y112.462
G0 X73.844 Y113.303
G0 X74.562 Y114.338
G0 X75.156 Y115.495
G0 X75.73 Y117.101
G0 X76.173 Y119.076
G0 X76.461 Y121.202
G0 X76.644 Y124.863
G0 X76.503 Y125.132
G0 X78.339 Y125.28
G0 X77.976 Y124.947
G1 F2700 E239.54208
G1 F1350 X77.517 Y124.882 E239.55704
G1 X76.834 Y124.938 E239.57915
G1 X76.965 Y124.533 E239.59288
G1 X76.967 Y123.186 E239.63634
G1 X76.942 Y122.247 E239.66664
G1 X76.866 Y121.187 E239.70093
G1 X76.757 Y120.177 E239.7337
G1 X76.569 Y118.999 E239.77219
G1 X76.361 Y117.953 E239.8066
G1 X76.127 Y117.008 E239.83801
G1 X75.832 Y116.082 E239.86936
G1 X75.536 Y115.351 E239.8948
G1 X75.119 Y114.507 E239.92518
G1 X74.917 Y114.148 E239.93846
G1 X74.653 Y113.718 E239.95474
G1 X74.438 Y113.405 E239.96699
G1 X74.176 Y113.065 E239.98084
G1 X73.853 Y112.707 E239.9964
G1 X73.491 Y112.368 E240.0124
G1 X73.24 Y112.16 E240.02292
G1 X72.889 Y111.9 E240.03701
G1 X72.487 Y111.637 E240.05251
G1 X72.015 Y111.369 E240.07002
G1 X71.588 Y111.166 E240.08527
G1 X71.091 Y110.978 E240.10242
G1 X70.522 Y110.843 E240.12128
G1 X69.914 Y110.795 E240.14096
G1 X69.192 Y110.858 E240.16434
G1 X68.555 Y111.03 E240.18563
G1 X67.933 Y111.307 E240.20759
G1 X67.438 Y111.617 E240.22644
G1 X66.979 Y111.972 E240.24516
G1 X66.547 Y112.375 E240.26422
G1 X66.176 Y112.771 E240.28173
G1 X65.862 Y113.135 E240.29723
G1 X65.603 Y113.468 E240.31085
G1 X65.327 Y113.861 E240.32634
G1 X64.674 Y114.876 E240.36528
G1 F1279.6 X64.126 Y115.8 E240.40184
G1 F1219 X64.053 Y115.938 E240.40742
G1 F897 X63.718 Y116.275 E240.43049
G1 X63.674 Y115.801 E240.45361
G1 F1219 X63.71 Y115.654 E240.45901
G1 F1282.7 X63.784 Y115.218 E240.47403
G1 F1350 X63.839 Y114.967 E240.48232
G1 X64.052 Y113.805 E240.52043
G1 X64.12 Y113.26 E240.53815
G1 X64.147 Y112.838 E240.5518
G1 X64.147 Y111.364 E240.59935
G1 X64.061 Y110.453 E240.62887
G1 X63.824 Y109.618 E240.65687
G1 X63.448 Y108.83 E240.68504
G1 X62.943 Y108.125 E240.71302
G1 X62.34 Y107.538 E240.74017
G1 X61.608 Y107.071 E240.76818
G1 X60.793 Y106.762 E240.7963
G1 X60.004 Y106.664 E240.82195
G1 X59.163 Y106.661 E240.84909
G1 X58.156 Y106.829 E240.88202
G1 X56.992 Y107.313 E240.9227
G1 X55.945 Y107.93 E240.9619
G1 X54.865 Y108.709 E241.00486
G1 X53.881 Y109.547 E241.04656
G1 X53.017 Y110.394 E241.0856
G1 X52.313 Y111.207 E241.12029
G1 F1330 X51.862 Y111.855 E241.14615
G1 F1241.4 X51.633 Y112.05 E241.1567
G1 F1232.9 X51.713 Y111.89 E241.16302
G1 F1320.3 X51.773 Y111.49 E241.17636
G1 F1350 X59.694 Y90.579 E241.89778
G1 X60.912 Y90.857 E241.93808
G1 X61.393 Y90.922 E241.95374
G1 X62.697 Y91.161 E241.99651
G1 X63.099 Y91.214 E242.0096
G1 X63.853 Y91.29 E242.03405
G1 X66.042 Y91.583 E242.1053
G1 X66.615 Y91.648 E242.1239
G1 X67.193 Y91.691 E242.1426
G1 X68.365 Y91.719 E242.18042
G1 X68.912 Y91.747 E242.19809
G1 X71.17 Y91.919 E242.27115
G1 X71.758 Y91.953 E242.29016
G1 X72.977 Y91.983 E242.3295
G1 X75.247 Y92.069 E242.40278
G1 X76.442 Y92.102 E242.44135
G1 X77.703 Y92.105 E242.48203
G1 X80.741 Y92.049 E242.58006
G1 X82.658 Y92.028 E242.64191
G1 X83.276 Y91.991 E242.66189
G1 X85.594 Y91.771 E242.73701
G1 X86.259 Y91.722 E242.75852
G1 X87.378 Y91.683 E242.79464
G1 X87.995 Y91.636 E242.81461
G1 X88.532 Y91.581 E242.83202
G1 X90.831 Y91.282 E242.90682
G1 X91.651 Y91.214 E242.93337
G1 X92.22 Y91.143 E242.95187
G1 X93.888 Y90.864 E243.00643
G1 X95.099 Y90.578 E243.04657
G1 X95.541 Y91.668 E243.08452
G1 X95.816 Y92.444 E243.11108
G1 X96.233 Y93.459 E243.14648
G1 X96.635 Y94.519 E243.18306
G1 X97.454 Y96.883 E243.26377
G1 X97.992 Y98.308 E243.31291
G1 X99.333 Y101.679 E243.42996
G1 X99.632 Y102.464 E243.45706
G1 X100.892 Y105.895 E243.57498
G1 X102.203 Y109.328 E243.69354
G1 X102.723 Y110.798 E243.74384
G1 F969.5 X102.744 Y111.282 E243.76561
G1 X102.325 Y111.038 E243.78739
G1 F1350 X101.794 Y110.466 E243.81257
G1 X100.749 Y109.405 E243.86062
G1 X100.309 Y108.985 E243.88024
G1 X100.013 Y108.73 E243.89284
G1 X99.578 Y108.388 E243.9107
G1 X99.117 Y108.051 E243.92912
G1 X98.585 Y107.698 E243.94972
G1 X98.041 Y107.391 E243.96987
G1 X97.411 Y107.1 E243.99226
G1 X96.748 Y106.876 E244.01484
G1 X95.983 Y106.718 E244.04004
G1 X95.011 Y106.651 E244.07147
G1 X94.261 Y106.725 E244.09579
G1 X93.573 Y106.922 E244.11888
G1 X92.981 Y107.207 E244.14007
G1 X92.408 Y107.606 E244.1626
G1 X91.93 Y108.052 E244.18369
G1 X91.525 Y108.57 E244.2049
G1 X91.202 Y109.151 E244.22635
G1 X91.012 Y109.701 E244.24512
G1 X90.601 Y111.552 E244.3063
G1 X90.662 Y113.002 E244.35312
G1 X90.741 Y113.71 E244.3761
G1 X90.847 Y114.353 E244.39713
G1 X90.967 Y114.968 E244.41734
G1 X91.088 Y115.474 E244.43413
G1 F1054.7 X91.046 Y115.724 E244.4446
G1 F733.7 X91.004 Y115.975 E244.4597
G1 X90.798 Y115.827 E244.47476
G1 F1054.7 X90.591 Y115.678 E244.48529
G1 F1350 X90.164 Y114.931 E244.51305
G1 X89.833 Y114.391 E244.53349
G1 X89.358 Y113.678 E244.56113
G1 X89.011 Y113.22 E244.57966
G1 X88.693 Y112.839 E244.59568
G1 X88.174 Y112.287 E244.62012
G1 X87.952 Y112.072 E244.63009
G1 X87.646 Y111.811 E244.64307
G1 X87.401 Y111.626 E244.65297
G1 X86.988 Y111.36 E244.66882
G1 X85.891 Y110.884 E244.7074
G1 X84.806 Y110.769 E244.7426
G1 X84.333 Y110.846 E244.75806
G1 X84.015 Y110.921 E244.7686
G1 X83.628 Y111.038 E244.78164
G1 X83.059 Y111.247 E244.8012
G1 X82.6 Y111.452 E244.81742
G1 X82.149 Y111.717 E244.8343
G1 X81.715 Y112.028 E244.85152
G1 X81.357 Y112.335 E244.86674
G1 X80.993 Y112.691 E244.88316
G1 X80.734 Y112.973 E244.89552
G1 X80.432 Y113.358 E244.9113
G1 X80.115 Y113.812 E244.92917
G1 X79.811 Y114.283 E244.94725
G1 X79.498 Y114.842 E244.96792
G1 X79.264 Y115.334 E244.9855
G1 X79.066 Y115.874 E245.00405
G1 X78.995 Y116.212 E245.0152
G1 X78.765 Y116.667 E245.03165
G1 X78.518 Y117.551 E245.06126
G1 X78.32 Y118.545 E245.09396
G1 X78.145 Y119.754 E245.13337
G1 X78.023 Y120.819 E245.16795
G1 X77.916 Y122.002 E245.20627
G1 X77.852 Y123.02 E245.23918
G1 X77.83 Y123.839 E245.26561
G1 X77.833 Y124.638 E245.29139
G1 X77.976 Y124.947 E245.30238
G1 F2700 E238.30238
G0 F7500 X78.339 Y125.28
G0 X79.458 Y126.778
G0 X79.446 Y126.363
G0 X78.671 Y124.9
G0 X78.241 Y124.725
G0 X78.32 Y122.045
G0 X78.722 Y118.615
G0 X79.149 Y116.801
G0 X79.865 Y115.015
G0 X80.739 Y113.625
G0 X81.612 Y112.654
G0 X82.341 Y112.074
G0 X83.176 Y111.633
G0 X84.403 Y111.243
G0 X84.836 Y111.174
G0 X85.841 Y111.28
G0 X86.817 Y111.729
G0 X87.666 Y112.362
G0 X88.682 Y113.456
G0 X89.813 Y115.134
G0 X90.697 Y116.78
G0 X90.892 Y117.274
G0 X91.019 Y117.841
G0 X89.919 Y119.53
G0 X90.387 Y120.821
G0 X90.742 Y121.304
G0 X91.369 Y121.787
G0 X91.99 Y121.953
G0 X92.678 Y121.937
G0 X93.064 Y121.848
G0 X93.555 Y121.585
G0 X93.99 Y121.138
G0 X94.246 Y120.755
G0 X94.47 Y120.054
G0 X94.363 Y118.656
G0 X92.747 Y117.479
G0 X92.055 Y117.469
G0 X91.367 Y114.903
G0 X91.068 Y113.004
G0 X91.006 Y111.603
G0 X91.403 Y109.815
G0 X91.579 Y109.299
G0 X91.856 Y108.8
G0 X92.228 Y108.328
G0 X92.664 Y107.917
G0 X93.17 Y107.567
G0 X93.727 Y107.299
G0 X94.328 Y107.124
G0 X95.035 Y107.057
G0 X95.899 Y107.113
G0 X96.587 Y107.251
G0 X97.817 Y107.731
G0 X98.867 Y108.373
G0 X100.023 Y109.276
G0 X102.012 Y111.296
G0 X102.785 Y112.242
G0 X102.967 Y112.634
G0 X102.528 Y114.705
G0 X103.333 Y116.031
G0 X104.371 Y116.359
G0 X104.803 Y116.41
G0 X105.31 Y116.353
G0 X106.129 Y115.955
G0 X106.437 Y115.712
G0 X107.028 Y114.666
G0 X106.565 Y114.617
G1 F2700 E245.30238
G1 F1350 X105.235 Y115.947 E245.36306
G0 F7500 X104.634 Y115.982
G1 F1350 X106.604 Y114.013 E245.45292
G0 F7500 X106.482 Y113.569
G1 F1350 X104.182 Y115.868 E245.55784
G0 F7500 X103.832 Y115.653
G1 F1350 X106.264 Y113.221 E245.6688
G0 F7500 X106 Y112.92
G1 F1350 X103.542 Y115.377 E245.78092
G0 F7500 X103.308 Y115.046
G1 F1350 X105.685 Y112.668 E245.8894
G0 F7500 X105.293 Y112.495
G1 F1350 X103.145 Y114.643 E245.9874
G0 F7500 X103.08 Y114.142
G1 F1350 X104.749 Y112.473 E246.06355
G0 F7500 X104.065 Y112.591
G1 F1350 X103.322 Y113.335 E246.09748
G0 F7500 X103.517 Y112.574
G1 F1350 X103.595 Y112.496 E246.10103
G0 F7500 X103.795 Y112.079
G0 X105.206 Y112.072
G0 X105.505 Y112.124
G0 X106.139 Y112.494
G0 X106.715 Y113.147
G0 X107.003 Y113.848
G0 X106.958 Y114.76
G0 X106.681 Y115.362
G0 X106.437 Y115.712
G0 X105.821 Y116.144
G0 X105.31 Y116.353
G0 X104.803 Y116.41
G0 X104.371 Y116.359
G0 X103.648 Y116.028
G0 X103.049 Y115.414
G0 X102.861 Y115.074
G0 X102.726 Y114.66
G0 X102.678 Y113.955
G0 X103.057 Y112.586
G0 X102.078 Y111.16
G0 X102.42 Y110.843
G1 F1350 X102.502 Y110.761 E246.10478
G0 F7500 X102.147 Y110.549
G1 F1350 X102.352 Y110.344 E246.11413
G0 F7500 X102.204 Y109.927
G1 F1350 X101.872 Y110.259 E246.12928
G0 F7500 X101.592 Y109.974
G1 F1350 X102.055 Y109.511 E246.1504
G0 F7500 X101.901 Y109.099
G1 F1350 X101.311 Y109.689 E246.17732
G0 F7500 X101.03 Y109.404
G1 F1350 X101.744 Y108.69 E246.2099
G0 F7500 X101.588 Y108.28
G1 F1350 X100.744 Y109.124 E246.24841
G0 F7500 X100.455 Y108.847
G1 F1350 X101.432 Y107.871 E246.29296
G0 F7500 X101.276 Y107.461
G1 F1350 X100.152 Y108.585 E246.34424
G0 F7500 X99.836 Y108.335
G1 F1350 X101.119 Y107.052 E246.40278
G0 F7500 X100.963 Y106.643
G1 F1350 X99.513 Y108.092 E246.46892
G0 F7500 X99.185 Y107.855
G1 F1350 X100.806 Y106.234 E246.54287
G0 F7500 X100.651 Y105.823
G1 F1350 X98.845 Y107.63 E246.6253
G0 F7500 X98.492 Y107.417
G1 F1350 X100.5 Y105.409 E246.71691
G0 F7500 X100.348 Y104.995
G1 F1350 X98.13 Y107.212 E246.81809
G0 F7500 X97.744 Y107.034
G1 F1350 X100.196 Y104.581 E246.92999
G0 F7500 X100.044 Y104.168
G1 F1350 X97.345 Y106.867 E247.05313
G0 F7500 X96.923 Y106.722
G1 F1350 X99.892 Y103.754 E247.18857
G0 F7500 X99.74 Y103.34
G1 F1350 X96.467 Y106.613 E247.33791
G0 F7500 X95.993 Y106.521
G1 F1350 X99.588 Y102.926 E247.50193
G0 F7500 X99.436 Y102.512
G1 F1350 X95.468 Y106.481 E247.683
G0 F7500 X94.92 Y106.463
G1 F1350 X99.28 Y102.103 E247.88192
G0 F7500 X99.123 Y101.694
G1 F1350 X94.297 Y106.52 E248.10211
G0 F7500 X93.524 Y106.727
G1 F1350 X98.962 Y101.29 E248.35021
G0 F7500 X98.801 Y100.885
G1 F1350 X87.911 Y111.775 E248.84707
G0 F7500 X88.21 Y112.042
G1 F1350 X90.936 Y109.316 E248.97145
G0 F7500 X90.717 Y110.1
G1 F1350 X88.489 Y112.328 E249.0731
G0 F7500 X88.763 Y112.62
G1 F1350 X90.557 Y110.826 E249.15495
G0 F7500 X90.397 Y111.552
G1 F1350 X89.025 Y112.924 E249.21755
G0 F7500 X89.276 Y113.238
G1 F1350 X90.421 Y112.094 E249.26977
G0 F7500 X90.445 Y112.635
G1 F1350 X89.52 Y113.56 E249.31197
G0 F7500 X89.747 Y113.899
G1 F1350 X90.479 Y113.167 E249.34537
G0 F7500 X90.535 Y113.676
G1 F1350 X89.972 Y114.239 E249.37106
G0 F7500 X90.186 Y114.591
G1 F1350 X90.612 Y114.165 E249.3905
G0 F7500 X90.699 Y114.643
G1 F1350 X90.398 Y114.945 E249.40425
G0 F7500 X90.61 Y115.299
G1 F1350 X90.796 Y115.113 E249.41274
G0 F7500 X90.907 Y115.568
G1 F1350 X90.811 Y115.663 E249.4171
G0 F7500 X90.401 Y115.883
G0 X91.147 Y117.859
G0 X90.472 Y118.614
G0 X90.158 Y119.262
G0 X90.121 Y119.949
G0 X90.289 Y120.646
G0 X90.742 Y121.304
G0 X91.369 Y121.787
G0 X91.99 Y121.953
G0 X92.678 Y121.937
G0 X93.064 Y121.848
G0 X93.555 Y121.585
G0 X93.99 Y121.138
G0 X94.246 Y120.755
G0 X94.47 Y120.054
G0 X94.425 Y119.407
G0 X94.26 Y118.862
G0 X93.905 Y118.358
G0 X93.213 Y117.841
G0 X92.082 Y117.526
G0 X91.911 Y117.957
G1 F1350 X90.588 Y119.28 E249.47746
G0 F7500 X90.525 Y119.909
G1 F1350 X92.358 Y118.076 E249.56109
G0 F7500 X92.874 Y118.125
G1 F1350 X90.622 Y120.377 E249.66384
G0 F7500 X90.813 Y120.752
G1 F1350 X93.23 Y118.335 E249.77412
G0 F7500 X93.547 Y118.584
G1 F1350 X91.072 Y121.059 E249.88704
G0 F7500 X91.381 Y121.316
G1 F1350 X93.794 Y118.902 E249.99716
G0 F7500 X93.968 Y119.294
G1 F1350 X91.757 Y121.506 E250.09806
G0 F7500 X92.278 Y121.55
G1 F1350 X94.046 Y119.782 E250.17873
G0 F7500 X93.899 Y120.495
G1 F1350 X92.939 Y121.454 E250.22251
G0 F7500 X93.159 Y121.866
G0 X91.99 Y121.953
G0 X91.369 Y121.787
G0 X90.742 Y121.304
G0 X90.289 Y120.646
G0 X90.121 Y119.949
G0 X90.158 Y119.262
G0 X90.867 Y117.954
G0 X90.892 Y117.274
G0 X90.133 Y115.685
G0 X89.013 Y113.895
G0 X87.319 Y111.895
G0 X87.597 Y111.523
G1 F1350 X98.64 Y100.48 E250.72635
G0 F7500 X98.48 Y100.075
G1 F1350 X87.257 Y111.297 E251.23839
G0 F7500 X86.89 Y111.099
G1 F1350 X98.318 Y99.67 E251.75982
G0 F7500 X98.158 Y99.265
G1 F1350 X86.495 Y110.928 E252.29196
G0 F7500 X86.1 Y110.757
G1 F1350 X97.997 Y98.861 E252.83474
G0 F7500 X97.836 Y98.456
G1 F1350 X85.639 Y110.653 E253.39124
G0 F7500 X85.125 Y110.602
G1 F1350 X97.679 Y98.047 E253.96405
G0 F7500 X97.524 Y97.636
G1 F1350 X84.554 Y110.607 E254.55584
G0 F7500 X83.826 Y110.768
G1 F1350 X97.37 Y97.225 E255.17378
G0 F7500 X97.217 Y96.812
G1 F1350 X82.958 Y111.071 E255.82435
G0 F7500 X83.147 Y111.494
G0 X81.889 Y112.229
G0 X81.601 Y111.862
G1 F1350 X97.072 Y96.392 E256.53021
G0 F7500 X96.926 Y95.972
G1 F1350 X76.229 Y116.669 E257.47453
G0 F7500 X76.093 Y116.239
G1 F1350 X96.78 Y95.552 E258.41839
G0 F7500 X96.635 Y95.132
G1 F1350 X75.943 Y115.823 E259.36245
G0 F7500 X75.78 Y115.421
G1 F1350 X96.489 Y94.712 E260.30732
G0 F7500 X96.336 Y94.299
G1 F1350 X75.602 Y115.033 E261.25333
G0 F7500 X75.415 Y114.655
G1 F1350 X96.18 Y93.889 E262.20077
G0 F7500 X96.023 Y93.48
G1 F1350 X75.222 Y114.282 E263.14985
G0 F7500 X75.014 Y113.924
G1 F1350 X95.859 Y93.079 E264.10092
G0 F7500 X95.694 Y92.678
G1 F1350 X74.798 Y113.574 E265.05432
G0 F7500 X74.565 Y113.241
G1 F1350 X95.54 Y92.267 E266.0113
G0 F7500 X95.391 Y91.85
G1 F1350 X74.318 Y112.923 E266.97277
G0 F7500 X74.049 Y112.626
G1 F1350 X95.233 Y91.443 E267.93929
G0 F7500 X95.069 Y91.04
G1 F1350 X73.762 Y112.347 E268.91144
G0 F7500 X73.461 Y112.083
G1 F1350 X94.657 Y90.887 E269.87852
G0 F7500 X93.917 Y91.061
G1 F1350 X73.141 Y111.837 E270.82645
G0 F7500 X72.806 Y111.606
G1 F1350 X93.239 Y91.174 E271.7587
G0 F7500 X92.56 Y91.287
G1 F1350 X72.457 Y111.389 E272.67589
G0 F7500 X72.095 Y111.186
G1 F1350 X91.898 Y91.383 E273.57942
G0 F7500 X91.271 Y91.445
G1 F1350 X71.713 Y111.003 E274.47177
G0 F7500 X71.305 Y110.845
G1 F1350 X90.644 Y91.506 E275.35412
G0 F7500 X89.993 Y91.591
G1 F1350 X70.864 Y110.72 E276.2269
G0 F7500 X70.387 Y110.631
G1 F1350 X89.342 Y91.676 E277.09174
G0 F7500 X88.691 Y91.761
G1 F1350 X69.857 Y110.595 E277.95105
G0 F7500 X69.234 Y110.653
G1 F1350 X88.058 Y91.829 E278.80992
G0 F7500 X87.445 Y91.877
G1 F1350 X68.475 Y110.846 E279.67541
G0 F7500 X68.64 Y111.279
G0 X67.533 Y111.879
G0 X67.247 Y111.509
G1 F1350 X86.856 Y91.9 E280.57009
G0 F7500 X86.269 Y91.921
G1 F1350 X64.226 Y113.964 E281.57582
G0 F7500 X64.315 Y113.309
G1 F1350 X85.66 Y91.964 E282.5497
G0 F7500 X85.035 Y92.024
G1 F1350 X64.346 Y112.712 E283.49363
G0 F7500 X64.346 Y112.147
G1 F1350 X84.41 Y92.083 E284.40907
G0 F7500 X83.785 Y92.143
G1 F1350 X64.346 Y111.581 E285.29597
G0 F7500 X64.317 Y111.045
G1 F1350 X83.164 Y92.197 E286.1559
G0 F7500 X82.568 Y92.227
G1 F1350 X64.267 Y110.529 E286.99092
G0 F7500 X64.16 Y110.071
G1 F1350 X81.996 Y92.234 E287.80473
G0 F7500 X81.424 Y92.24
G1 F1350 X64.034 Y109.63 E288.59816
G0 F7500 X63.864 Y109.235
G1 F1350 X80.852 Y92.247 E289.37325
G0 F7500 X80.277 Y92.256
G1 F1350 X63.682 Y108.851 E290.13041
G0 F7500 X63.46 Y108.507
G1 F1350 X79.7 Y92.267 E290.87138
G0 F7500 X79.124 Y92.278
G1 F1350 X63.224 Y108.178 E291.59683
G0 F7500 X62.967 Y107.869
G1 F1350 X78.548 Y92.288 E292.30772
G0 F7500 X77.971 Y92.299
G1 F1350 X62.68 Y107.59 E293.00539
G0 F7500 X62.377 Y107.328
G1 F1350 X77.402 Y92.302 E293.69094
G0 F7500 X76.838 Y92.301
G1 F1350 X62.032 Y107.107 E294.36647
G0 F7500 X61.686 Y106.887
G1 F1350 X76.277 Y92.296 E295.0322
G0 F7500 X75.726 Y92.281
G1 F1350 X61.277 Y106.731 E295.69147
G0 F7500 X60.867 Y106.575
G1 F1350 X75.176 Y92.266 E296.34433
G0 F7500 X74.631 Y92.245
G1 F1350 X60.37 Y106.506 E296.995
G0 F7500 X59.847 Y106.464
G1 F1350 X74.087 Y92.224 E297.64471
G0 F7500 X73.542 Y92.203
G1 F1350 X59.281 Y106.464 E298.29538
G0 F7500 X58.634 Y106.546
G1 F1350 X72.997 Y92.182 E298.95073
G0 F7500 X72.445 Y92.168
G1 F1350 X57.902 Y106.712 E299.61429
G0 F7500 X58.081 Y107.142
G0 X57.101 Y107.553
G0 X56.925 Y107.123
G1 F1350 X71.892 Y92.155 E300.29719
G0 F7500 X71.354 Y92.128
G1 F1350 X55.419 Y108.063 E301.02424
G0 F7500 X55.69 Y108.44
G0 X52.472 Y111.335
G0 X51.669 Y112.861
G0 X52.054 Y113.617
G0 X52.122 Y113.902
G0 X52.115 Y114.536
G0 X52.014 Y114.938
G0 X51.475 Y115.76
G0 X50.966 Y116.163
G0 X50.302 Y116.379
G0 X49.534 Y116.364
G0 X48.855 Y116.064
G0 X48.233 Y115.49
G0 X47.895 Y114.819
G0 X47.852 Y113.743
G0 X47.937 Y113.401
G0 X48.564 Y112.55
G0 X49.084 Y112.255
G0 X49.526 Y112.09
G0 X51.208 Y112.139
G0 X53.275 Y106.78
G0 X53.709 Y106.945
G1 F1350 X68.718 Y91.936 E301.70904
G0 F7500 X69.247 Y91.972
G1 F1350 X53.364 Y107.855 E302.43371
G0 F7500 X53.019 Y108.766
G1 F1350 X69.773 Y92.012 E303.19813
G0 F7500 X70.299 Y92.052
G1 F1350 X52.674 Y109.677 E304.00228
G0 F7500 X52.33 Y110.587
G1 F1350 X70.825 Y92.092 E304.84613
G0 F7500 X70.86 Y91.631
G0 X68.186 Y91.451
G0 X68.175 Y91.913
G1 F1350 X54.054 Y106.034 E305.49042
G0 F7500 X54.398 Y105.124
G1 F1350 X67.622 Y91.9 E306.09377
G0 F7500 X67.075 Y91.882
G1 F1350 X54.743 Y104.214 E306.65643
G0 F7500 X55.088 Y103.303
G1 F1350 X66.55 Y91.841 E307.17939
G0 F7500 X66.043 Y91.783
G1 F1350 X55.432 Y102.393 E307.66351
G0 F7500 X55.777 Y101.482
G1 F1350 X65.543 Y91.716 E308.10909
G0 F7500 X65.044 Y91.65
G1 F1350 X56.122 Y100.572 E308.51616
G0 F7500 X56.467 Y99.661
G1 F1350 X64.545 Y91.583 E308.88473
G0 F7500 X64.046 Y91.516
G1 F1350 X56.812 Y98.75 E309.21478
G0 F7500 X57.156 Y97.84
G1 F1350 X63.539 Y91.458 E309.50599
G0 F7500 X63.027 Y91.404
G1 F1350 X57.501 Y96.93 E309.75812
G0 F7500 X57.846 Y96.02
G1 F1350 X62.533 Y91.332 E309.97199
G0 F7500 X62.054 Y91.245
G1 F1350 X58.191 Y95.109 E310.14827
G0 F7500 X58.536 Y94.198
G1 F1350 X61.576 Y91.158 E310.28697
G0 F7500 X61.087 Y91.081
G1 F1350 X58.88 Y93.288 E310.38766
G0 F7500 X59.225 Y92.377
G1 F1350 X60.611 Y90.992 E310.45088
G0 F7500 X60.15 Y90.887
G1 F1350 X59.57 Y91.467 E310.47734
G1 F2700 E303.47734
G0 F7500 X59.138 Y91.303
G0 X51.208 Y112.139
G0 X49.526 Y112.09
G0 X49.084 Y112.255
G0 X48.564 Y112.55
G0 X47.937 Y113.401
G0 X47.852 Y113.743
G0 X47.895 Y114.819
G0 X48.233 Y115.49
G0 X48.855 Y116.064
G0 X49.534 Y116.364
G0 X50.302 Y116.379
G0 X50.966 Y116.163
G0 X51.475 Y115.76
G0 X52.014 Y114.938
G0 X52.115 Y114.536
G0 X52.122 Y113.902
G0 X51.684 Y112.526
G0 X54.989 Y108.873
G0 X58.192 Y107.03
G0 X60.745 Y106.959
G0 X62.79 Y108.262
G0 X63.862 Y110.5
G0 X63.632 Y114.964
G0 X62.832 Y117.519
G0 X61.826 Y117.741
G0 X61.048 Y118.223
G0 X60.547 Y118.919
G0 X60.405 Y119.26
G0 X60.403 Y120.261
G0 X60.597 Y120.81
G0 X60.97 Y121.307
G0 X61.82 Y121.89
G0 X62.978 Y121.914
G0 X63.266 Y121.852
G0 X63.963 Y121.456
G0 X64.34 Y120.997
G0 X64.671 Y120.193
G0 X64.558 Y119.182
G0 X64.295 Y118.461
G0 X63.626 Y117.779
G0 X64.839 Y115.405
G0 X65.924 Y113.485
G0 X65.557 Y113.199
G1 F2700 E310.47734
G1 F1350 X64.099 Y114.657 E310.54386
G0 F7500 X64.433 Y114.888
G1 F1350 X63.967 Y115.354 E310.56513
G0 F7500 X63.508 Y115.252
G0 X62.832 Y117.519
G0 X61.826 Y117.741
G0 X61.048 Y118.223
G0 X60.547 Y118.919
G0 X60.405 Y119.26
G0 X60.403 Y120.261
G0 X60.597 Y120.81
G0 X60.97 Y121.307
G0 X61.82 Y121.89
G0 X62.978 Y121.914
G0 X63.266 Y121.852
G0 X63.963 Y121.456
G0 X64.34 Y120.997
G0 X64.671 Y120.193
G0 X64.558 Y119.182
G0 X64.321 Y118.533
G0 X63.685 Y117.768
G0 X63.235 Y117.784
G1 F1350 X60.808 Y120.21 E310.67584
G0 F7500 X60.96 Y120.624
G1 F1350 X63.378 Y118.206 E310.78616
G0 F7500 X63.657 Y118.492
G1 F1350 X61.189 Y120.961 E310.89879
G0 F7500 X61.498 Y121.217
G1 F1350 X63.976 Y118.74 E311.01183
G0 F7500 X64.131 Y119.151
G1 F1350 X61.841 Y121.44 E311.11629
G0 F7500 X62.299 Y121.548
G1 F1350 X64.222 Y119.625 E311.20402
G0 F7500 X64.208 Y120.204
G1 F1350 X62.897 Y121.516 E311.26386
G0 F7500 X62.954 Y121.978
G0 X62.029 Y121.949
G0 X61.505 Y121.718
G0 X60.802 Y121.114
G0 X60.489 Y120.57
G0 X60.344 Y119.644
G0 X60.808 Y119.645
G1 F1350 X62.376 Y118.077 E311.3354
G0 F7500 X61.458 Y118.429
G1 F1350 X61.2 Y118.687 E311.34717
G0 F7500 X60.832 Y118.405
G0 X62.076 Y117.492
G0 X62.74 Y117.446
G0 X63.296 Y115.545
G0 X63.715 Y113.232
G0 X63.741 Y111.362
G0 X63.668 Y110.554
G0 X63.451 Y109.779
G0 X63.11 Y109.057
G0 X62.649 Y108.406
G0 X62.085 Y107.856
G0 X61.435 Y107.435
G0 X60.697 Y107.158
G0 X59.922 Y107.064
G0 X59.213 Y107.064
G0 X58.247 Y107.227
G0 X57.208 Y107.656
G0 X56.146 Y108.282
G0 X55.098 Y109.045
G0 X54.13 Y109.87
G0 X53.289 Y110.699
G0 X51.942 Y112.352
G0 X51.838 Y112.747
G0 X52.11 Y113.777
G0 X52.123 Y114.752
G0 X51.672 Y114.638
G1 F1350 X50.363 Y115.947 E311.4069
G0 F7500 X49.762 Y115.983
G1 F1350 X51.716 Y114.029 E311.49605
G0 F7500 X51.597 Y113.582
G1 F1350 X49.322 Y115.857 E311.59985
G0 F7500 X48.972 Y115.641
G1 F1350 X51.405 Y113.208 E311.71086
G0 F7500 X51.27 Y112.778
G1 F1350 X48.675 Y115.373 E311.82926
G0 F7500 X48.433 Y115.049
G1 F1350 X50.872 Y112.61 E311.94054
G0 F7500 X50.405 Y112.512
G1 F1350 X48.279 Y114.638 E312.03754
G0 F7500 X48.255 Y114.096
G1 F1350 X49.875 Y112.475 E312.11148
G0 F7500 X49.049 Y112.736
G1 F1350 X48.44 Y113.345 E312.13926
G1 F2700 E305.13926
G0 F7500 X48.043 Y113.106
G0 X47.852 Y113.743
G0 X47.895 Y114.819
G0 X48.233 Y115.49
G0 X48.855 Y116.064
G0 X49.534 Y116.364
G0 X50.302 Y116.379
G0 X50.966 Y116.163
G0 X51.475 Y115.76
G0 X52.014 Y114.938
G0 X52.261 Y113.597
G0 X51.838 Y112.747
G0 X51.942 Y112.352
G0 X53.289 Y110.699
G0 X54.13 Y109.87
G0 X55.098 Y109.045
G0 X56.146 Y108.282
G0 X57.208 Y107.656
G0 X58.247 Y107.227
G0 X59.213 Y107.064
G0 X59.922 Y107.064
G0 X60.697 Y107.158
G0 X61.435 Y107.435
G0 X62.085 Y107.856
G0 X62.649 Y108.406
G0 X63.11 Y109.057
G0 X63.451 Y109.779
G0 X63.668 Y110.554
G0 X63.741 Y111.362
G0 X63.715 Y113.232
G0 X62.986 Y117.305
G0 X62.095 Y117.694
G0 X61.569 Y117.862
G0 X61.048 Y118.223
G0 X60.547 Y118.919
G0 X60.405 Y119.26
G0 X60.403 Y120.261
G0 X60.597 Y120.81
G0 X60.97 Y121.307
G0 X61.82 Y121.89
G0 X62.978 Y121.914
G0 X63.266 Y121.852
G0 X63.963 Y121.456
G0 X64.34 Y120.997
G0 X64.671 Y120.193
G0 X64.558 Y119.182
G0 X64.295 Y118.461
G0 X63.626 Y117.779
G0 X64.741 Y115.569
G0 X65.938 Y113.699
G0 X66.819 Y112.678
G0 X67.637 Y111.974
G0 X68.119 Y111.668
G0 X68.657 Y111.422
G0 X69.225 Y111.263
G0 X69.911 Y111.197
G0 X70.94 Y111.357
G0 X71.84 Y111.734
G0 X72.964 Y112.462
G0 X73.844 Y113.303
G0 X74.562 Y114.338
G0 X74.899 Y114.994
G0 X75.905 Y117.218
G0 X76.357 Y117.106
G1 F2700 E312.13926
G1 F1350 X80.438 Y113.026 E312.32544
G0 F7500 X80.803 Y113.313
G0 X79.775 Y114.888
G0 X79.369 Y114.66
G1 F1350 X76.47 Y117.56 E312.45773
G0 F7500 X76.578 Y118.017
G1 F1350 X78.927 Y115.667 E312.56493
G0 F7500 X78.58 Y116.581
G1 F1350 X76.672 Y118.489 E312.65198
G0 F7500 X76.766 Y118.96
G1 F1350 X78.362 Y117.364 E312.7248
G0 F7500 X78.207 Y118.085
G1 F1350 X76.844 Y119.448 E312.78699
G0 F7500 X76.921 Y119.936
G1 F1350 X78.085 Y118.773 E312.84007
G0 F7500 X77.988 Y119.435
G1 F1350 X76.986 Y120.437 E312.88579
G0 F7500 X77.042 Y120.947
G1 F1350 X77.905 Y120.084 E312.92517
G0 F7500 X77.831 Y120.723
G1 F1350 X77.088 Y121.467 E312.95909
G0 F7500 X77.126 Y121.995
G1 F1350 X77.773 Y121.347 E312.98863
G0 F7500 X77.717 Y121.969
G1 F1350 X77.151 Y122.535 E313.01446
G0 F7500 X77.679 Y122.573
G1 F1350 X77.164 Y123.088 E313.03795
G0 F7500 X77.647 Y123.17
G1 F1350 X77.166 Y123.651 E313.0599
G0 F7500 X77.631 Y123.752
G1 F1350 X77.165 Y124.218 E313.08116
G0 F7500 X77.631 Y124.318
G1 F1350 X77.249 Y124.7 E313.09859
G1 F2700 E306.09859
G0 F7500 X77.291 Y125.162
G0 X78.999 Y125.737
G0 X79.458 Y126.778
G0 X79.336 Y125.486
G0 X80.215 Y124.924
G0 X139.881 Y129.687
G0 X141.852 Y129.732
;TYPE:WALL-INNER
G1 F2700 E313.09859
G1 F1576.6 X142.227 Y129.839 E313.10721
G1 F1526.5 X142.525 Y129.838 E313.11401
G1 F1542.9 X142.905 Y129.804 E313.12263
G1 F1559.6 X143.281 Y129.702 E313.13133
G1 F1537.4 X143.612 Y129.547 E313.13961
G1 F1489.7 X143.933 Y129.335 E313.14861
G1 F1435.2 X144.207 Y129.087 E313.15758
G1 F1354.2 X144.425 Y128.811 E313.16663
G1 F1297.3 X144.589 Y128.529 E313.1754
G1 F1263.2 X144.691 Y128.222 E313.18432
G1 F1278.1 X144.744 Y127.906 E313.19305
G1 F1196.7 X144.792 Y127.341 E313.20956
G1 F1085.4 X144.75 Y126.995 E313.22075
G1 F1046 X144.664 Y126.741 E313.22969
G1 F1014.1 X144.527 Y126.466 E313.24024
G1 F993.1 X144.343 Y126.182 E313.25212
G1 F970.8 X144.135 Y125.945 E313.26343
G1 F953.6 X143.921 Y125.753 E313.27394
G1 F960 X143.536 Y125.548 E313.28977
G1 F1048.5 X143.437 Y125.447 E313.29447
G1 F1234.3 X143.293 Y125.136 E313.30414
G1 F1350 X143.289 Y124.446 E313.32195
G1 X143.311 Y123.641 E313.34274
G1 X143.375 Y122.632 E313.36883
G1 X143.481 Y121.456 E313.39931
G1 X143.607 Y120.363 E313.4277
G1 X143.779 Y119.185 E313.45843
G1 X143.974 Y118.217 E313.48392
G1 X144.208 Y117.371 E313.50657
G1 X144.44 Y116.923 E313.51959
G1 X144.529 Y116.515 E313.53037
G1 X144.694 Y116.069 E313.54264
G1 X144.935 Y115.565 E313.55706
G1 X145.2 Y115.094 E313.57101
G1 X145.516 Y114.598 E313.58619
G1 X145.825 Y114.157 E313.60009
G1 X146.111 Y113.792 E313.61206
G1 X146.359 Y113.519 E313.62158
G1 X146.793 Y113.098 E313.63718
G1 X147.34 Y112.662 E313.65524
G1 X147.944 Y112.303 E313.67337
G1 X148.579 Y112.045 E313.69106
G1 X149.205 Y111.842 E313.70805
G1 X149.527 Y111.764 E313.7166
G1 X149.963 Y111.693 E313.728
G1 X150.966 Y111.797 E313.75403
G1 X151.221 Y111.921 E313.76134
G1 X151.991 Y112.258 E313.78304
G1 X152.345 Y112.489 E313.79395
G1 X152.554 Y112.644 E313.80066
G1 X152.865 Y112.909 E313.81121
G1 X153.058 Y113.094 E313.81811
G1 X153.572 Y113.638 E313.83743
G1 X153.9 Y114.029 E313.8506
G1 X154.214 Y114.449 E313.86413
G1 X154.422 Y114.749 E313.87355
G1 X154.691 Y115.164 E313.88632
G1 X155.337 Y116.238 E313.91867
G1 X155.647 Y116.814 E313.93555
G1 X155.913 Y117.361 E313.95125
G1 X156.114 Y117.883 E313.96569
G1 X156.179 Y118.158 E313.97298
G1 X156.171 Y118.408 E313.97943
G1 X156.055 Y118.605 E313.98533
G1 X155.676 Y118.922 E313.99809
G1 X155.441 Y119.266 E314.00884
G1 X155.25 Y119.611 E314.01902
G1 X155.137 Y120.007 E314.02965
G1 X155.136 Y120.557 E314.04384
G1 X155.181 Y120.914 E314.05313
G1 X155.314 Y121.297 E314.06359
G1 X155.52 Y121.656 E314.07428
G1 X155.79 Y121.987 E314.0853
G1 X156.084 Y122.261 E314.09567
G1 X156.449 Y122.495 E314.10686
G1 X156.76 Y122.62 E314.11551
G1 X157.117 Y122.674 E314.12483
G1 X157.421 Y122.675 E314.13268
G1 X157.69 Y122.664 E314.13963
G1 X157.938 Y122.632 E314.14608
G1 X158.244 Y122.562 E314.15418
G1 X158.761 Y122.287 E314.1693
G1 X159.22 Y121.814 E314.18631
G1 X159.494 Y121.405 E314.19902
G1 X159.639 Y120.889 E314.21285
G1 X159.716 Y120.706 E314.21797
G1 X159.712 Y120.443 E314.22476
G1 X159.693 Y120.155 E314.23221
G1 X159.656 Y119.903 E314.23879
G1 X159.543 Y119.528 E314.24889
G1 X159.424 Y119.29 E314.25576
G1 X159.132 Y118.879 E314.26877
G1 X158.788 Y118.586 E314.28044
G1 X158.404 Y118.331 E314.29233
G1 X158.12 Y118.196 E314.30045
G1 X157.87 Y118.161 E314.30697
G1 X157.397 Y118.159 E314.31917
G1 X157.22 Y118.063 E314.32437
G1 X157.054 Y117.853 E314.33128
G1 X156.97 Y117.449 E314.34193
G1 X156.542 Y116.01 E314.38068
G1 X156.422 Y115.509 E314.39397
G1 X156.304 Y114.899 E314.41001
G1 X156.19 Y114.195 E314.42842
G1 X156.122 Y113.59 E314.44413
G1 X156.059 Y112.194 E314.4802
G1 X156.46 Y110.395 E314.52777
G1 X156.65 Y109.847 E314.54274
G1 X156.927 Y109.351 E314.5574
G1 X157.316 Y108.86 E314.57357
G1 X157.745 Y108.46 E314.58871
G1 X158.276 Y108.092 E314.60538
G1 X158.829 Y107.825 E314.62123
G1 X159.429 Y107.649 E314.63737
G1 X160.208 Y107.577 E314.65756
G1 X161.078 Y107.639 E314.68007
G1 X161.73 Y107.77 E314.69724
G1 X162.414 Y107.997 E314.71584
G1 X163.011 Y108.27 E314.73278
G1 X163.528 Y108.561 E314.74809
G1 X164.041 Y108.899 E314.76395
G1 X164.526 Y109.255 E314.77948
G1 X164.966 Y109.599 E314.79389
G1 X165.223 Y109.824 E314.80271
G1 X165.655 Y110.235 E314.8181
G1 X166.691 Y111.287 E314.85621
G1 X167.213 Y111.848 E314.87599
G1 X167.643 Y112.341 E314.89287
G1 X167.98 Y112.787 E314.9073
G1 X168.119 Y113.08 E314.91567
G1 X168.144 Y113.349 E314.92264
G1 X167.902 Y113.896 E314.93808
G1 X167.764 Y114.246 E314.94779
G1 X167.693 Y114.539 E314.95557
G1 X167.691 Y114.821 E314.96285
G1 X167.743 Y115.286 E314.97492
G1 X167.877 Y115.71 E314.9864
G1 X168.09 Y116.09 E314.99764
G1 X168.364 Y116.426 E315.00884
G1 X168.715 Y116.727 E315.02077
G1 X169.097 Y116.948 E315.03216
G1 X169.479 Y117.077 E315.04257
G1 X170.009 Y117.139 E315.05634
G1 X170.467 Y117.065 E315.06831
G1 X170.927 Y116.886 E315.08105
G1 X171.265 Y116.697 E315.09105
G1 X171.64 Y116.427 E315.10297
G1 X171.92 Y116.026 E315.1156
G1 X172.215 Y115.391 E315.13367
G1 X172.271 Y114.828 E315.14827
G1 X172.264 Y114.459 E315.1578
G1 X172.148 Y114.052 E315.16872
G1 X171.954 Y113.685 E315.17943
G1 X171.667 Y113.305 E315.19172
G1 X171.354 Y113.001 E315.20299
G1 X171.005 Y112.756 E315.21399
G1 X170.676 Y112.608 E315.2233
G1 X170.352 Y112.551 E315.23179
G1 X169.544 Y112.551 E315.25265
G1 X169.298 Y112.667 E315.25967
G1 X169.059 Y112.679 E315.26584
G1 X168.846 Y112.576 E315.27195
G1 X168.686 Y112.423 E315.27766
G1 X168.496 Y112.09 E315.28756
G1 X168.331 Y111.712 E315.2982
G1 X168.153 Y111.259 E315.31077
G1 X167.644 Y109.814 E315.35031
G1 X166.325 Y106.356 E315.44583
G1 X165.299 Y103.56 E315.5227
G1 X164.778 Y102.178 E315.56082
G1 X163.703 Y99.49 E315.63554
G1 X162.905 Y97.398 E315.69333
G1 X162.076 Y95.009 E315.7586
G1 X161.68 Y93.959 E315.78756
G1 X161.323 Y93.102 E315.81152
G1 X161.012 Y92.219 E315.83568
G1 X160.592 Y91.211 E315.86387
G1 X160.445 Y90.813 E315.87482
G1 X160.082 Y90.882 E315.88435
G1 X159.258 Y91.08 E315.90623
G1 X158.721 Y91.188 E315.92036
G1 X157.34 Y91.417 E315.95649
G1 X156.797 Y91.485 E315.97062
G1 X155.93 Y91.56 E315.99308
G1 X153.633 Y91.857 E316.05286
G1 X153.107 Y91.912 E316.06651
G1 X152.479 Y91.96 E316.08276
G1 X151.376 Y91.998 E316.11125
G1 X150.709 Y92.047 E316.12851
G1 X148.371 Y92.269 E316.18913
G1 X147.81 Y92.302 E316.20363
G1 X147.249 Y92.316 E316.21811
G1 X145.88 Y92.325 E316.25345
G1 X142.886 Y92.381 E316.33074
G1 X141.587 Y92.378 E316.36426
G1 X140.396 Y92.345 E316.39502
G1 X138.123 Y92.259 E316.45372
G1 X136.922 Y92.229 E316.48473
G1 X136.332 Y92.195 E316.49998
G1 X134.071 Y92.024 E316.55851
G1 X133.513 Y91.995 E316.57293
G1 X132.351 Y91.967 E316.60293
G1 X131.759 Y91.923 E316.61825
G1 X131.22 Y91.861 E316.63225
G1 X129.029 Y91.568 E316.68931
G1 X128.239 Y91.488 E316.7098
G1 X127.907 Y91.444 E316.71844
G1 X126.842 Y91.247 E316.7464
G1 X126.064 Y91.129 E316.76671
G1 X124.627 Y90.799 E316.80476
G1 X116.594 Y111.998 E317.38987
G1 X116.514 Y112.426 E317.40111
G1 X116.318 Y112.615 E317.40813
G1 X116.054 Y112.69 E317.41522
G1 X115.457 Y112.559 E317.43099
G1 X114.966 Y112.551 E317.44367
G1 X114.637 Y112.571 E317.45217
G1 X114.168 Y112.745 E317.46509
G1 X113.62 Y113.055 E317.48134
G1 X113.155 Y113.629 E317.5004
G1 X112.959 Y113.954 E317.5102
G1 X112.867 Y114.326 E317.52009
G1 X112.864 Y115.076 E317.53945
G1 X112.913 Y115.45 E317.54918
G1 X113.058 Y115.828 E317.55963
G1 X113.272 Y116.164 E317.56991
G1 X113.572 Y116.492 E317.58138
G1 X113.922 Y116.766 E317.59286
G1 X114.281 Y116.961 E317.6034
G1 X114.643 Y117.082 E317.61325
G1 X115.038 Y117.129 E317.62352
G1 X115.456 Y117.099 E317.63434
G1 X115.848 Y117.005 E317.64474
G1 X116.156 Y116.87 E317.65342
G1 X116.438 Y116.684 E317.66214
G1 X116.698 Y116.443 E317.67129
G1 X116.91 Y116.186 E317.67989
G1 X117.112 Y115.869 E317.68959
G1 X117.293 Y115.524 E317.69964
G1 X117.376 Y115.108 E317.71059
G1 X117.378 Y114.484 E317.7267
G1 X117.304 Y114.18 E317.73477
G1 X117.187 Y113.892 E317.7428
G1 X116.925 Y113.422 E317.75668
G1 X116.949 Y113.133 E317.76417
G1 X117.055 Y112.852 E317.77192
G1 X117.257 Y112.663 E317.77906
G1 X117.665 Y112.06 E317.79785
G1 X118.38 Y111.227 E317.82619
G1 X119.225 Y110.397 E317.85676
G1 X120.195 Y109.572 E317.88962
G1 X121.22 Y108.826 E317.92234
G1 X122.335 Y108.172 E317.95571
G1 X123.362 Y107.747 E317.98439
G1 X124.302 Y107.589 E318.00899
G1 X125.096 Y107.586 E318.02949
G1 X125.85 Y107.681 E318.0491
G1 X126.625 Y107.974 E318.07049
G1 X127.29 Y108.411 E318.09102
G1 X127.838 Y108.944 E318.11075
G1 X128.326 Y109.639 E318.13267
G1 X128.659 Y110.341 E318.15273
G1 X128.88 Y111.125 E318.17375
G1 X128.959 Y111.981 E318.19594
G1 X128.958 Y113.462 E318.23416
G1 X128.93 Y113.857 E318.24438
G1 X128.864 Y114.359 E318.25745
G1 X128.764 Y114.95 E318.27292
G1 X128.65 Y115.537 E318.28835
G1 X128.511 Y116.17 E318.30508
G1 X128.375 Y116.709 E318.31943
G1 X128.247 Y117.128 E318.33074
G1 X128.141 Y117.365 E318.33744
G1 X128.022 Y117.843 E318.35015
G1 X127.89 Y118.029 E318.35604
G1 X127.707 Y118.14 E318.36156
G1 X127.237 Y118.173 E318.37372
G1 X126.859 Y118.265 E318.38376
G1 X126.547 Y118.423 E318.39279
G1 X126.1 Y118.734 E318.40684
G1 X125.799 Y119.126 E318.4196
G1 X125.577 Y119.46 E318.42995
G1 X125.42 Y119.835 E318.44044
G1 X125.418 Y120.874 E318.46726
G1 X125.474 Y121.149 E318.4745
G1 X125.627 Y121.471 E318.4837
G1 X125.842 Y121.788 E318.49359
G1 X126.021 Y121.992 E318.50059
G1 X126.253 Y122.194 E318.50853
G1 X126.577 Y122.421 E318.51874
G1 X126.91 Y122.602 E318.52853
G1 X127.147 Y122.67 E318.53489
G1 X127.638 Y122.675 E318.54756
G1 X128.013 Y122.659 E318.55725
G1 X128.441 Y122.568 E318.56855
G1 X128.878 Y122.362 E318.58101
G1 X129.194 Y122.136 E318.59104
G1 X129.416 Y121.926 E318.59893
G1 X129.592 Y121.635 E318.60771
G1 X129.827 Y121.01 E318.62494
G1 X129.931 Y120.824 E318.63044
G1 X129.921 Y120.522 E318.63824
G1 X129.884 Y120.163 E318.64755
G1 X129.811 Y119.753 E318.6583
G1 X129.716 Y119.415 E318.66736
G1 X129.59 Y119.122 E318.6756
G1 X129.449 Y118.91 E318.68217
G1 X129.287 Y118.757 E318.68792
G1 X129.1 Y118.664 E318.69331
G1 X128.944 Y118.513 E318.69891
G1 X128.879 Y118.353 E318.70337
G1 X128.881 Y118.12 E318.70938
G1 X129.162 Y117.498 E318.727
G1 X129.292 Y117.129 E318.7371
G1 X129.499 Y116.69 E318.74962
G1 X129.772 Y116.182 E318.76451
G1 X130.088 Y115.646 E318.78057
G1 X130.731 Y114.645 E318.81128
G1 X131.015 Y114.24 E318.82404
G1 X131.245 Y113.946 E318.83368
G1 X131.551 Y113.59 E318.84579
G1 X131.906 Y113.212 E318.85918
G1 X132.31 Y112.834 E318.87346
G1 X132.745 Y112.495 E318.88769
G1 X133.2 Y112.206 E318.9016
G1 X133.804 Y111.933 E318.91871
G1 X134.36 Y111.781 E318.93359
G1 X135.018 Y111.719 E318.95064
G1 X135.603 Y111.763 E318.96579
G1 X136.122 Y111.886 E318.97955
G1 X136.599 Y112.066 E318.99271
G1 X137 Y112.256 E319.00416
G1 X137.438 Y112.504 E319.01716
G1 X137.805 Y112.745 E319.02849
G1 X138.171 Y113.012 E319.04018
G1 X138.446 Y113.244 E319.04947
G1 X138.749 Y113.526 E319.06015
G1 X139.055 Y113.865 E319.07194
G1 X139.292 Y114.167 E319.08184
G1 X139.531 Y114.515 E319.09274
G1 X139.772 Y114.905 E319.10457
G1 X139.965 Y115.252 E319.11482
G1 X140.359 Y116.047 E319.13772
G1 X140.664 Y116.795 E319.15857
G1 X140.939 Y117.661 E319.18202
G1 X141.181 Y118.627 E319.20772
G1 X141.389 Y119.672 E319.23523
G1 X141.563 Y120.775 E319.26405
G1 X141.677 Y121.792 E319.29046
G1 X141.752 Y122.835 E319.31745
G1 X141.778 Y123.785 E319.34198
G1 X141.779 Y125.154 E319.37731
G1 X141.674 Y125.357 E319.38321
G1 F1136.8 X141.5 Y125.559 E319.39138
G1 F986.3 X141.126 Y125.763 E319.40643
G1 F997.7 X140.913 Y125.977 E319.41698
G1 F1028.6 X140.707 Y126.238 E319.42824
G1 F1072 X140.53 Y126.541 E319.43964
G1 F1116.3 X140.397 Y126.848 E319.45009
G1 F1148.9 X140.301 Y127.214 E319.46156
G1 F1173.9 X140.265 Y127.531 E319.47103
G1 F1234.3 X140.312 Y127.988 E319.484
G1 F1321.1 X140.45 Y128.41 E319.49571
G1 F1393.5 X140.604 Y128.729 E319.50457
G1 F1440 X140.812 Y129.04 E319.51362
G1 F1474.4 X141.02 Y129.238 E319.52041
G1 F1582.4 X141.37 Y129.486 E319.52985
G1 F1661.5 X141.852 Y129.732 E319.5412
G0 F7500 X142.176 Y129.556
G1 F1576.6 X141.838 Y129.421 E319.54924
G1 F1588.2 X141.473 Y129.255 E319.55804
G1 F1554 X141.063 Y128.889 E319.57036
G1 F1430.5 X140.785 Y128.433 E319.58337
G1 F1313.1 X140.641 Y127.926 E319.59736
G1 F1223.8 X140.63 Y127.427 E319.61157
G1 F1158.2 X140.752 Y126.977 E319.6256
G1 F1119.2 X140.998 Y126.519 E319.64178
G1 F1043.5 X141.401 Y126.101 E319.66117
G1 F986.3 X141.666 Y125.968 E319.67165
G1 F1053.7 X142.205 Y125.834 E319.69001
G1 F1234.3 X142.7 Y125.834 E319.70399
G1 F1130.9 X143.331 Y125.941 E319.7237
G1 F973 X143.709 Y126.153 E319.73922
G1 F979.6 X144.058 Y126.517 E319.75716
G1 F1009.3 X144.353 Y127.047 E319.7781
G1 F1064 X144.399 Y127.364 E319.78859
G1 F1145.9 X144.429 Y127.81 E319.80218
G1 F1220.3 X144.353 Y128.136 E319.81174
G1 F1293.4 X144.266 Y128.437 E319.82018
G1 F1375.8 X143.995 Y128.863 E319.83297
G1 F1440 X143.659 Y129.188 E319.84428
G1 F1526.5 X143.262 Y129.413 E319.85469
G1 F1582.4 X142.79 Y129.548 E319.8655
G1 F1570.9 X142.176 Y129.556 E319.87912
G0 F7500 X142.199 Y129.293
;TYPE:WALL-OUTER
G1 F1350 X141.62 Y129.054 E319.89529
G1 X141.249 Y128.683 E319.90883
G1 X141.05 Y128.347 E319.91891
G1 X140.93 Y127.904 E319.93076
G1 X140.93 Y127.505 E319.94106
G1 X141.04 Y127.091 E319.95211
G1 X141.235 Y126.75 E319.96225
G1 X141.617 Y126.361 E319.97632
G1 X142.204 Y126.114 E319.99276
G1 X142.752 Y126.12 E320.0069
G1 X143.159 Y126.236 E320.01783
G1 X143.512 Y126.445 E320.02841
G1 X143.8 Y126.741 E320.03907
G1 X144.056 Y127.183 E320.05226
G1 X144.135 Y127.82 E320.06882
G1 X144.004 Y128.308 E320.08186
G1 X143.785 Y128.687 E320.09316
G1 X143.479 Y128.989 E320.10426
G1 X143.155 Y129.179 E320.11395
G1 X142.723 Y129.294 E320.12549
G1 X142.199 Y129.293 E320.13902
G0 F7500 X142.189 Y130.1
G1 F1350 X142.531 Y130.1 E320.14784
G1 X142.951 Y130.06 E320.15873
G1 X143.369 Y129.946 E320.16991
G1 X143.738 Y129.778 E320.18038
G1 X144.094 Y129.55 E320.19129
G1 X144.403 Y129.28 E320.20188
G1 X144.658 Y128.977 E320.2121
G1 X144.851 Y128.652 E320.22186
G1 X144.977 Y128.291 E320.23173
G1 X145.111 Y127.347 E320.25634
G1 X145.067 Y126.931 E320.26713
G1 X144.973 Y126.621 E320.27549
G1 X144.821 Y126.303 E320.28459
G1 X144.616 Y125.98 E320.29446
G1 X144.395 Y125.716 E320.30335
G1 X144.135 Y125.477 E320.31246
G1 X143.904 Y125.326 E320.31959
G1 X143.681 Y125.239 E320.32577
G1 X143.569 Y125.125 E320.32989
G1 X143.569 Y124.454 E320.34721
G1 X143.591 Y123.659 E320.36774
G1 X143.654 Y122.657 E320.39365
G1 X143.759 Y121.488 E320.42394
G1 X143.885 Y120.404 E320.45211
G1 X144.058 Y119.215 E320.48312
G1 X144.24 Y118.306 E320.50705
G1 X144.465 Y117.494 E320.52879
G1 X144.706 Y117.017 E320.54259
G1 X144.786 Y116.63 E320.55279
G1 X144.959 Y116.162 E320.56566
G1 X145.179 Y115.702 E320.57882
G1 X145.454 Y115.215 E320.59326
G1 X145.745 Y114.758 E320.60724
G1 X146.031 Y114.348 E320.62014
G1 X146.319 Y113.979 E320.63223
G1 X146.554 Y113.72 E320.64125
G1 X146.989 Y113.299 E320.65688
G1 X147.506 Y112.889 E320.67391
G1 X148.09 Y112.544 E320.69141
G1 X148.666 Y112.311 E320.70745
G1 X149.272 Y112.114 E320.7239
G1 X149.59 Y112.037 E320.73234
G1 X149.967 Y111.977 E320.74219
G1 X150.89 Y112.071 E320.76614
G1 X151.099 Y112.173 E320.77214
G1 X151.855 Y112.503 E320.79343
G1 X152.178 Y112.714 E320.80339
G1 X152.396 Y112.877 E320.81042
G1 X152.671 Y113.111 E320.81974
G1 X152.871 Y113.303 E320.82689
G1 X153.358 Y113.818 E320.84519
G1 X153.676 Y114.197 E320.85795
G1 X153.984 Y114.608 E320.87121
G1 X154.453 Y115.311 E320.89302
G1 X154.754 Y115.8 E320.90784
G1 X155.099 Y116.387 E320.92542
G1 X155.395 Y116.937 E320.94154
G1 X155.652 Y117.465 E320.95669
G1 X155.841 Y117.947 E320.97005
G1 X155.923 Y118.294 E320.97926
G1 X155.855 Y118.409 E320.98271
G1 X155.536 Y118.676 E320.99344
G1 X155.367 Y118.878 E321.00024
G1 X155.203 Y119.119 E321.00776
G1 X155.058 Y119.38 E321.01547
G1 X154.955 Y119.624 E321.02231
G1 X154.857 Y119.967 E321.03151
G1 X154.856 Y120.575 E321.04721
G1 X154.907 Y120.978 E321.05769
G1 X155.058 Y121.413 E321.06957
G1 X155.289 Y121.816 E321.08156
G1 X155.586 Y122.178 E321.09365
G1 X155.912 Y122.483 E321.10517
G1 X156.32 Y122.745 E321.11769
G1 X156.686 Y122.892 E321.12787
G1 X157.096 Y122.954 E321.13857
G1 X157.426 Y122.955 E321.14708
G1 X157.713 Y122.943 E321.1545
G1 X157.987 Y122.908 E321.16163
G1 X158.343 Y122.827 E321.17105
G1 X158.813 Y122.576 E321.1848
G1 X159.036 Y122.405 E321.19206
G1 X159.438 Y121.991 E321.20695
G1 X159.657 Y121.665 E321.21709
G1 X159.781 Y121.418 E321.22422
G1 X159.913 Y120.953 E321.2367
G1 X159.997 Y120.763 E321.24206
G1 X159.992 Y120.432 E321.2506
G1 X159.971 Y120.126 E321.25852
G1 X159.93 Y119.842 E321.26592
G1 X159.804 Y119.425 E321.27717
G1 X159.664 Y119.145 E321.28525
G1 X159.339 Y118.688 E321.29972
G1 X158.859 Y118.279 E321.316
G1 X158.537 Y118.085 E321.3257
G1 X158.202 Y117.924 E321.33529
G1 X157.89 Y117.881 E321.34342
G1 X157.476 Y117.877 E321.35411
G1 X157.324 Y117.758 E321.35909
G1 X157.242 Y117.381 E321.36905
G1 X156.815 Y115.944 E321.40774
G1 X156.697 Y115.455 E321.42072
G1 X156.58 Y114.854 E321.43652
G1 X156.468 Y114.163 E321.45459
G1 X156.402 Y113.578 E321.46979
G1 X156.341 Y112.214 E321.50503
G1 X156.732 Y110.462 E321.55136
G1 X156.897 Y109.981 E321.56448
G1 X157.159 Y109.508 E321.57844
G1 X157.509 Y109.063 E321.59305
G1 X157.918 Y108.68 E321.60751
G1 X158.413 Y108.336 E321.62307
G1 X158.93 Y108.086 E321.63789
G1 X159.491 Y107.922 E321.65298
G1 X160.157 Y107.857 E321.67025
G1 X161.023 Y107.913 E321.69265
G1 X161.669 Y108.043 E321.70965
G1 X162.298 Y108.251 E321.72675
G1 X162.874 Y108.514 E321.7431
G1 X163.403 Y108.813 E321.75878
G1 X163.894 Y109.138 E321.77398
G1 X164.354 Y109.476 E321.78871
G1 X164.781 Y109.81 E321.8027
G1 X165.044 Y110.041 E321.81174
G1 X165.455 Y110.431 E321.82636
G1 X166.486 Y111.478 E321.86429
G1 X167.001 Y112.032 E321.88381
G1 X167.44 Y112.536 E321.90106
G1 X167.745 Y112.94 E321.91412
G1 X167.882 Y113.231 E321.92243
G1 X167.644 Y113.788 E321.93806
G1 X167.496 Y114.161 E321.94842
G1 X167.413 Y114.505 E321.95755
G1 X167.411 Y114.835 E321.96607
G1 X167.468 Y115.345 E321.97931
G1 X167.619 Y115.822 E321.99222
G1 X167.858 Y116.248 E322.00483
G1 X168.162 Y116.622 E322.01727
G1 X168.553 Y116.957 E322.03056
G1 X168.98 Y117.204 E322.04329
G1 X169.417 Y117.352 E322.0552
G1 X170.01 Y117.421 E322.07061
G1 X170.541 Y117.337 E322.08448
G1 X171.047 Y117.14 E322.0985
G1 X171.416 Y116.934 E322.10941
G1 X171.842 Y116.626 E322.12297
G1 X172.163 Y116.168 E322.13741
G1 X172.489 Y115.466 E322.15739
G1 X172.551 Y114.84 E322.17362
G1 X172.543 Y114.417 E322.18454
G1 X172.41 Y113.947 E322.19715
G1 X172.191 Y113.534 E322.20921
G1 X171.877 Y113.118 E322.22267
G1 X171.533 Y112.785 E322.23502
G1 X171.144 Y112.511 E322.2473
G1 X170.758 Y112.338 E322.25822
G1 X170.377 Y112.271 E322.26821
G1 X169.478 Y112.271 E322.29141
G1 X169.211 Y112.401 E322.29907
G1 X169.115 Y112.405 E322.30155
G1 X168.912 Y112.258 E322.30802
G1 X168.752 Y111.977 E322.31637
G1 X168.591 Y111.61 E322.32671
G1 X168.417 Y111.165 E322.33904
G1 X167.906 Y109.715 E322.37872
G1 X166.588 Y106.259 E322.47419
G1 X165.561 Y103.462 E322.55109
G1 X165.038 Y102.074 E322.58938
G1 X163.965 Y99.39 E322.66398
G1 X163.17 Y97.306 E322.72155
G1 X162.365 Y94.984 E322.78498
G1 X161.941 Y93.855 E322.8161
G1 X161.587 Y93.009 E322.83977
G1 X161.274 Y92.118 E322.86415
G1 X160.855 Y91.114 E322.89223
G1 X160.626 Y90.494 E322.90929
G1 X160.017 Y90.609 E322.92528
G1 X159.202 Y90.806 E322.94692
G1 X158.675 Y90.912 E322.9608
G1 X157.305 Y91.139 E322.99664
G1 X156.773 Y91.206 E323.01048
G1 X155.9 Y91.281 E323.03309
G1 X153.603 Y91.578 E323.09287
G1 X153.085 Y91.633 E323.10632
G1 X152.469 Y91.68 E323.12226
G1 X151.361 Y91.718 E323.15088
G1 X150.792 Y91.759 E323.1656
G1 X148.355 Y91.989 E323.22878
G1 X147.803 Y92.022 E323.24305
G1 X147.248 Y92.036 E323.25738
G1 X145.875 Y92.045 E323.29282
G1 X142.886 Y92.101 E323.36998
G1 X141.595 Y92.098 E323.4033
G1 X140.407 Y92.065 E323.43397
G1 X138.132 Y91.979 E323.49273
G1 X136.938 Y91.949 E323.52356
G1 X136.353 Y91.916 E323.53868
G1 X134.089 Y91.744 E323.59728
G1 X133.523 Y91.715 E323.61191
G1 X132.372 Y91.688 E323.64163
G1 X131.791 Y91.645 E323.65666
G1 X131.257 Y91.584 E323.67053
G1 X129.061 Y91.29 E323.72772
G1 X128.276 Y91.211 E323.74808
G1 X127.958 Y91.168 E323.75636
G1 X126.889 Y90.971 E323.78442
G1 X126.127 Y90.856 E323.80431
G1 X124.832 Y90.558 E323.83861
G1 X124.444 Y90.496 E323.84875
G1 X116.323 Y111.924 E324.44019
G1 X116.257 Y112.295 E324.44991
G1 X116.174 Y112.374 E324.45287
G1 X116.062 Y112.406 E324.45588
G1 X115.49 Y112.279 E324.471
G1 X114.96 Y112.271 E324.48468
G1 X114.578 Y112.293 E324.49456
G1 X114.049 Y112.49 E324.50913
G1 X113.436 Y112.838 E324.52732
G1 X112.925 Y113.468 E324.54826
G1 X112.697 Y113.846 E324.55965
G1 X112.606 Y114.215 E324.56946
G1 X112.586 Y114.488 E324.57652
G1 X112.584 Y115.094 E324.59216
G1 X112.64 Y115.519 E324.60323
G1 X112.807 Y115.955 E324.61528
G1 X113.049 Y116.334 E324.62688
G1 X113.381 Y116.698 E324.6396
G1 X113.768 Y117.002 E324.6523
G1 X114.169 Y117.218 E324.66406
G1 X114.581 Y117.356 E324.67527
G1 X115.031 Y117.411 E324.68697
G1 X115.5 Y117.376 E324.69911
G1 X115.938 Y117.271 E324.71074
G1 X116.291 Y117.117 E324.72068
G1 X116.611 Y116.905 E324.73058
G1 X116.903 Y116.635 E324.74085
G1 X117.136 Y116.351 E324.75033
G1 X117.354 Y116.01 E324.76077
G1 X117.529 Y115.678 E324.77046
G1 X117.598 Y115.429 E324.77713
G1 X117.656 Y115.136 E324.78484
G1 X117.658 Y114.451 E324.80252
G1 X117.572 Y114.094 E324.812
G1 X117.44 Y113.77 E324.82103
G1 X117.203 Y113.349 E324.8335
G1 X117.287 Y113.026 E324.84211
G1 X117.469 Y112.849 E324.84866
G1 X117.911 Y112.199 E324.86895
G1 X118.577 Y111.427 E324.89526
G1 X119.407 Y110.61 E324.92532
G1 X120.36 Y109.799 E324.95762
G1 X121.401 Y109.042 E324.99084
G1 X122.417 Y108.443 E325.02128
G1 X123.461 Y108.014 E325.05042
G1 X124.348 Y107.865 E325.07363
G1 X125.063 Y107.864 E325.09208
G1 X125.804 Y107.959 E325.11137
G1 X126.479 Y108.214 E325.12999
G1 X127.105 Y108.621 E325.14926
G1 X127.646 Y109.151 E325.16881
G1 X128.077 Y109.766 E325.18819
G1 X128.402 Y110.454 E325.20783
G1 X128.609 Y111.204 E325.22791
G1 X128.679 Y111.981 E325.24805
G1 X128.678 Y113.443 E325.28578
G1 X128.652 Y113.821 E325.29556
G1 X128.588 Y114.313 E325.30836
G1 X128.489 Y114.896 E325.32363
G1 X128.377 Y115.477 E325.3389
G1 X128.239 Y116.102 E325.35542
G1 X128.09 Y116.685 E325.37095
G1 X127.979 Y117.042 E325.3806
G1 X127.875 Y117.272 E325.38711
G1 X127.753 Y117.75 E325.39985
G1 X127.624 Y117.868 E325.40436
G1 X127.195 Y117.895 E325.41545
G1 X126.761 Y118 E325.42698
G1 X126.403 Y118.182 E325.43734
G1 X125.904 Y118.529 E325.45303
G1 X125.571 Y118.963 E325.46715
G1 X125.329 Y119.327 E325.47843
G1 X125.14 Y119.779 E325.49107
G1 X125.138 Y120.902 E325.52006
G1 X125.207 Y121.238 E325.52891
G1 X125.384 Y121.611 E325.53957
G1 X125.62 Y121.959 E325.55042
G1 X125.823 Y122.191 E325.55838
G1 X126.081 Y122.415 E325.5672
G1 X126.429 Y122.659 E325.57817
G1 X126.804 Y122.863 E325.58918
G1 X127.107 Y122.95 E325.59732
G1 X127.642 Y122.955 E325.61113
G1 X127.913 Y122.943 E325.61813
G1 X128.181 Y122.909 E325.6251
G1 X128.531 Y122.835 E325.63434
G1 X129.02 Y122.604 E325.64829
G1 X129.372 Y122.353 E325.65945
G1 X129.635 Y122.104 E325.6688
G1 X129.846 Y121.758 E325.67926
G1 X130.08 Y121.13 E325.69656
G1 X130.213 Y120.893 E325.70357
G1 X130.201 Y120.503 E325.71364
G1 X130.161 Y120.124 E325.72348
G1 X130.084 Y119.69 E325.73485
G1 X129.981 Y119.321 E325.74474
G1 X129.837 Y118.988 E325.75411
G1 X129.665 Y118.728 E325.76215
G1 X129.448 Y118.524 E325.76984
G1 X129.18 Y118.362 E325.77792
G1 X129.154 Y118.207 E325.78198
G1 X129.422 Y117.602 E325.79906
G1 X129.545 Y117.248 E325.80873
G1 X129.746 Y116.823 E325.82086
G1 X130.014 Y116.324 E325.83548
G1 X130.324 Y115.797 E325.85126
G1 X130.96 Y114.806 E325.88166
G1 X131.236 Y114.412 E325.89407
G1 X131.458 Y114.128 E325.90337
G1 X131.755 Y113.782 E325.91514
G1 X132.098 Y113.416 E325.92809
G1 X132.484 Y113.054 E325.94175
G1 X132.895 Y112.732 E325.95522
G1 X133.352 Y112.442 E325.96919
G1 X133.868 Y112.206 E325.98384
G1 X134.411 Y112.057 E325.99837
G1 X135.066 Y111.999 E326.01534
G1 X135.596 Y112.046 E326.02908
G1 X136.013 Y112.145 E326.04014
G1 X136.479 Y112.319 E326.05298
G1 X136.888 Y112.514 E326.06467
G1 X137.29 Y112.742 E326.0766
G1 X137.641 Y112.972 E326.08743
G1 X137.991 Y113.226 E326.09859
G1 X138.256 Y113.449 E326.10753
G1 X138.552 Y113.725 E326.11798
G1 X138.835 Y114.038 E326.12887
G1 X139.078 Y114.349 E326.13905
G1 X139.293 Y114.662 E326.14885
G1 X139.531 Y115.05 E326.1606
G1 X139.714 Y115.377 E326.17027
G1 X140.112 Y116.18 E326.19341
G1 X140.409 Y116.915 E326.21387
G1 X140.676 Y117.757 E326.23666
G1 X140.911 Y118.703 E326.26182
G1 X141.112 Y119.716 E326.28848
G1 X141.284 Y120.806 E326.31696
G1 X141.399 Y121.831 E326.34358
G1 X141.472 Y122.864 E326.37031
G1 X141.498 Y123.785 E326.39409
G1 X141.499 Y125.098 E326.42798
G1 X141.455 Y125.182 E326.43042
G1 X141.156 Y125.331 E326.43905
G1 X140.908 Y125.504 E326.44685
G1 X140.657 Y125.758 E326.45607
G1 X140.432 Y126.061 E326.46581
G1 X140.242 Y126.404 E326.47593
G1 X140.103 Y126.752 E326.4856
G1 X139.997 Y127.162 E326.49653
G1 X139.964 Y127.526 E326.50596
G1 X139.979 Y127.789 E326.51276
G1 X140.027 Y128.047 E326.51954
G1 X140.146 Y128.426 E326.52979
G1 X140.369 Y128.867 E326.54254
G1 X140.607 Y129.215 E326.55342
G1 X140.855 Y129.447 E326.56219
G1 X141.159 Y129.648 E326.5716
G1 X141.402 Y129.792 E326.57889
G1 X141.835 Y129.994 E326.59122
G1 X142.189 Y130.1 E326.60076
G1 F2700 E319.60076
G0 F7500 X142.192 Y129.837
G0 X140.544 Y128.77
G0 X140.415 Y126.502
G0 X141.691 Y125.325
G0 X141.671 Y122.851
G0 X141.474 Y120.738
G0 X141.105 Y118.658
G0 X140.595 Y116.844
G0 X139.904 Y115.309
G0 X139.237 Y114.228
G0 X138.382 Y113.294
G0 X137.387 Y112.568
G0 X136.544 Y112.13
G0 X135.608 Y111.846
G0 X135.046 Y111.797
G0 X134.36 Y111.863
G0 X133.793 Y112.022
G0 X133.255 Y112.268
G0 X132.345 Y112.912
G0 X131.302 Y114.004
G0 X130.152 Y115.699
G0 X129.354 Y117.186
G0 X128.841 Y118.436
G0 X129.89 Y119.733
G0 X129.896 Y121.052
G0 X128.917 Y122.434
G0 X127.169 Y122.777
G0 X125.558 Y121.515
G0 X125.495 Y119.437
G0 X126.825 Y118.19
G0 X127.876 Y118.046
G0 X128.432 Y116.145
G0 X128.85 Y113.834
G0 X128.877 Y111.962
G0 X128.804 Y111.154
G0 X128.586 Y110.378
G0 X128.245 Y109.657
G0 X127.785 Y109.006
G0 X127.221 Y108.456
G0 X126.571 Y108.035
G0 X125.833 Y107.758
G0 X125.058 Y107.664
G0 X124.349 Y107.664
G0 X123.383 Y107.827
G0 X122.344 Y108.256
G0 X121.281 Y108.882
G0 X120.234 Y109.645
G0 X119.266 Y110.47
G0 X118.425 Y111.299
G0 X117.123 Y112.889
G0 X116.968 Y113.332
G0 X117.458 Y115.113
G0 X116.326 Y116.757
G0 X115.013 Y117.066
G0 X115.045 Y116.804
;TYPE:SKIN
G1 F2700 E326.60076
G1 F1350 X114.711 Y116.762 E326.61162
G1 X114.417 Y116.663 E326.62162
G1 X114.104 Y116.495 E326.63308
G1 X113.789 Y116.248 E326.646
G1 X113.533 Y115.967 E326.65826
G1 X113.351 Y115.681 E326.6692
G1 X113.23 Y115.368 E326.68003
G1 X113.189 Y115.049 E326.6904
G1 X113.192 Y114.368 E326.71237
G1 X113.264 Y114.08 E326.72195
G1 X113.423 Y113.811 E326.73203
G1 X113.833 Y113.306 E326.75302
G1 X114.3 Y113.043 E326.77031
G1 X114.705 Y112.892 E326.78425
G1 X114.974 Y112.876 E326.79295
G1 X115.419 Y112.883 E326.80731
G1 X116.056 Y113.021 E326.82833
G1 F1343.3 X116.49 Y112.898 E326.84296
G1 F1267.6 X116.756 Y112.67 E326.855
G1 F1273.6 X116.634 Y113.069 E326.86927
G1 F1350 X116.598 Y113.499 E326.88319
G1 X116.892 Y114.028 E326.90271
G1 X117.053 Y114.432 E326.91674
G1 X117.052 Y115.072 E326.93739
G1 X116.961 Y115.459 E326.95022
G1 X116.834 Y115.703 E326.95909
G1 X116.65 Y115.991 E326.97012
G1 X116.465 Y116.216 E326.97952
G1 X116.232 Y116.429 E326.9897
G1 X116.002 Y116.584 E326.99865
G1 X115.744 Y116.696 E327.00772
G1 X115.41 Y116.776 E327.0188
G1 X115.045 Y116.804 E327.03061
G1 F2700 E320.03061
G0 F7500 X115.013 Y117.066
G0 X116.494 Y116.745
G0 X117.458 Y115.113
G0 X116.968 Y113.332
G0 X117.123 Y112.889
G0 X118.425 Y111.299
G0 X119.266 Y110.47
G0 X120.234 Y109.645
G0 X121.281 Y108.882
G0 X122.344 Y108.256
G0 X123.383 Y107.827
G0 X124.349 Y107.664
G0 X125.058 Y107.664
G0 X125.833 Y107.758
G0 X126.571 Y108.035
G0 X127.221 Y108.456
G0 X127.785 Y109.006
G0 X128.245 Y109.657
G0 X128.586 Y110.378
G0 X128.804 Y111.154
G0 X128.877 Y111.962
G0 X128.85 Y113.834
G0 X128.432 Y116.145
G0 X127.876 Y118.046
G0 X126.061 Y118.658
G0 X125.338 Y119.819
G0 X125.727 Y121.627
G0 X127.049 Y122.579
G0 X127.116 Y122.345
G1 F2700 E327.03061
G1 F1350 X126.747 Y122.143 E327.04419
G1 X126.457 Y121.938 E327.05564
G1 X126.165 Y121.687 E327.06807
G1 X125.912 Y121.31 E327.08271
G1 X125.782 Y121.037 E327.09247
G1 X125.743 Y120.848 E327.0987
G1 X125.745 Y119.901 E327.12925
G1 X125.867 Y119.61 E327.13943
G1 X126.062 Y119.316 E327.15081
G1 X126.326 Y118.973 E327.16477
G1 X126.719 Y118.7 E327.18021
G1 X126.972 Y118.571 E327.18937
G1 X127.285 Y118.496 E327.19976
G1 X127.795 Y118.458 E327.21626
G1 X128.074 Y118.292 E327.22673
G1 F1163.8 X128.444 Y118.021 E327.2439
G1 X128.572 Y118.454 E327.26079
G1 F1350 X128.682 Y118.703 E327.26958
G1 X128.907 Y118.924 E327.27975
G1 X129.091 Y119.023 E327.28649
G1 X129.307 Y119.284 E327.29742
G1 X129.408 Y119.521 E327.30573
G1 X129.491 Y119.8 E327.31512
G1 X129.572 Y120.293 E327.33124
G1 X129.603 Y120.743 E327.3458
G1 X129.531 Y120.877 E327.3507
G1 X129.299 Y121.493 E327.37194
G1 X129.114 Y121.795 E327.38337
G1 X128.716 Y122.078 E327.39912
G1 X128.332 Y122.259 E327.41282
G1 X128.084 Y122.312 E327.421
G1 X127.762 Y122.352 E327.43147
G1 X127.116 Y122.345 E327.45231
G0 F7500 X127.049 Y122.579
G0 X126.106 Y121.907
G0 X125.733 Y121.41
G0 X125.539 Y120.861
G0 X125.541 Y119.86
G0 X125.897 Y119.196
G0 X126.185 Y118.823
G0 X126.902 Y118.379
G0 X127.822 Y118.123
G0 X128.082 Y117.86
G0 X128.441 Y118.012
G1 F777 X128.609 Y117.527 E327.48108
G1 F736.7 X128.714 Y117.29 E327.49641
G1 F721.9 X128.861 Y116.857 E327.52399
G1 F2700 E320.52399
G0 F7500 X129.263 Y117.047
G0 X131.302 Y114.004
G0 X132.345 Y112.912
G0 X133.255 Y112.268
G0 X133.793 Y112.022
G0 X134.36 Y111.863
G0 X135.046 Y111.797
G0 X136.073 Y111.956
G0 X136.976 Y112.334
G0 X138.095 Y113.058
G0 X138.98 Y113.903
G0 X139.698 Y114.938
G0 X141.054 Y117.622
G0 X141.899 Y123.785
G0 X141.766 Y125.436
G0 X141.244 Y125.898
G0 X141.05 Y126.147
G0 X142.698 Y125.713
G0 X143.723 Y125.946
G0 X143.527 Y125.719
G0 X143.166 Y125.197
G0 X143.857 Y118.184
G0 X145 Y115.615
G0 X145.875 Y114.225
G0 X146.852 Y113.152
G0 X147.378 Y112.735
G0 X147.988 Y112.371
G0 X149.539 Y111.843
G0 X149.972 Y111.774
G0 X150.969 Y111.878
G0 X151.949 Y112.327
G0 X152.802 Y112.962
G0 X153.828 Y114.069
G0 X156.006 Y117.273
G0 X156.187 Y118.651
G0 X155.764 Y119.009
G0 X155.364 Y119.655
G0 X155.258 Y120.021
G0 X155.3 Y120.886
G0 X155.621 Y121.587
G0 X156.159 Y122.165
G0 X156.793 Y122.502
G0 X157.418 Y122.554
G0 X158.201 Y122.448
G0 X158.686 Y122.189
G0 X159.126 Y121.738
G0 X159.382 Y121.355
G0 X159.606 Y120.654
G0 X159.561 Y120.006
G0 X159.393 Y119.456
G0 X159.04 Y118.959
G0 X158.347 Y118.438
G0 X158.019 Y118.284
G0 X157.149 Y118.161
G0 X156.384 Y114.892
G0 X156.204 Y113.602
G0 X156.141 Y112.2
G0 X156.539 Y110.414
G0 X156.716 Y109.897
G0 X156.991 Y109.398
G0 X157.361 Y108.93
G0 X157.8 Y108.517
G0 X158.306 Y108.167
G0 X158.862 Y107.899
G0 X159.464 Y107.724
G0 X160.171 Y107.657
G0 X161.036 Y107.713
G0 X161.723 Y107.851
G0 X162.953 Y108.331
G0 X164.002 Y108.973
G0 X165.176 Y109.892
G0 X167.148 Y111.897
G0 X167.921 Y112.841
G0 X168.103 Y113.236
G0 X167.66 Y115.288
G0 X168.295 Y116.191
G0 X169.099 Y116.879
G0 X169.232 Y116.651
G1 F2700 E327.52399
G1 F1350 X168.909 Y116.464 E327.53604
G1 X168.593 Y116.193 E327.54947
G1 X168.364 Y115.912 E327.56116
G1 X168.174 Y115.574 E327.57367
G1 X168.064 Y115.224 E327.58551
G1 X167.998 Y114.654 E327.60402
G1 X168.074 Y114.349 E327.61416
G1 X168.203 Y114.02 E327.62556
G1 F1330 X168.47 Y113.411 E327.64734
G1 F1291.9 X168.431 Y112.955 E327.66277
G1 F1115.7 X168.354 Y112.637 E327.67554
G1 X168.62 Y112.825 E327.68825
G1 F1310.7 X168.993 Y113.001 E327.70196
G1 F1350 X169.376 Y112.982 E327.71433
G1 X169.617 Y112.875 E327.72284
G1 X170.329 Y112.875 E327.74581
G1 X170.576 Y112.919 E327.7539
G1 X170.84 Y113.038 E327.76325
G1 X171.151 Y113.256 E327.7755
G1 X171.42 Y113.516 E327.78757
G1 X171.682 Y113.864 E327.80162
G1 X171.843 Y114.168 E327.81272
G1 X171.94 Y114.512 E327.82425
G1 X171.946 Y114.81 E327.83387
G1 X171.897 Y115.303 E327.84985
G1 X171.637 Y115.862 E327.86974
G1 X171.403 Y116.199 E327.88298
G1 X171.073 Y116.431 E327.89599
G1 X170.792 Y116.589 E327.90639
G1 X170.379 Y116.75 E327.92069
G1 X169.999 Y116.809 E327.9331
G1 X169.547 Y116.757 E327.94778
G1 X169.232 Y116.651 E327.9585
G0 F7500 X169.099 Y116.879
G0 X168.451 Y116.341
G0 X167.989 Y115.661
G0 X167.862 Y115.261
G0 X167.814 Y114.555
G0 X168.151 Y113.688
G0 X168.051 Y112.782
G0 X168.354 Y112.637
G1 F950.7 X168.122 Y112.281 E327.97797
G1 F2700 E320.97797
G0 F7500 X167.836 Y112.497
G0 X164.906 Y109.655
G0 X163.503 Y108.641
G0 X162.363 Y108.063
G0 X161.723 Y107.851
G0 X161.036 Y107.713
G0 X160.171 Y107.657
G0 X159.464 Y107.724
G0 X158.862 Y107.899
G0 X158.306 Y108.167
G0 X157.8 Y108.517
G0 X157.361 Y108.93
G0 X156.991 Y109.398
G0 X156.716 Y109.897
G0 X156.539 Y110.414
G0 X156.141 Y112.2
G0 X156.273 Y114.208
G0 X156.938 Y117.892
G0 X157.371 Y118.28
G0 X158.019 Y118.284
G0 X158.713 Y118.681
G0 X159.04 Y118.959
G0 X159.393 Y119.456
G0 X159.561 Y120.006
G0 X159.606 Y120.654
G0 X159.382 Y121.355
G0 X159.126 Y121.738
G0 X158.686 Y122.189
G0 X158.201 Y122.448
G0 X157.418 Y122.554
G0 X156.793 Y122.502
G0 X156.159 Y122.165
G0 X155.621 Y121.587
G0 X155.3 Y120.886
G0 X155.258 Y120.021
G0 X155.364 Y119.655
G0 X155.764 Y119.009
G0 X156.187 Y118.552
G0 X155.842 Y117.073
G0 X156.255 Y116.872
G1 F2700 E327.97797
G1 F695.9 X156.348 Y117.107 E327.99379
G1 F734.7 X156.498 Y117.541 E328.02101
G1 F773.6 X156.629 Y118.042 E328.05016
G0 F7500 X156.992 Y117.866
G0 X157.371 Y118.28
G0 X158.019 Y118.284
G0 X158.713 Y118.681
G0 X159.04 Y118.959
G0 X159.393 Y119.456
G0 X159.561 Y120.006
G0 X159.606 Y120.654
G0 X159.382 Y121.355
G0 X159.126 Y121.738
G0 X158.686 Y122.189
G0 X158.201 Y122.448
G0 X157.418 Y122.554
G0 X156.502 Y122.451
G0 X156.6 Y122.206
G1 F1350 X156.29 Y122.008 E328.06203
G1 X156.025 Y121.761 E328.07372
G1 X155.785 Y121.467 E328.08596
G1 X155.611 Y121.164 E328.09723
G1 X155.5 Y120.843 E328.10819
G1 X155.461 Y120.532 E328.1183
G1 X155.461 Y120.054 E328.13373
G1 X155.554 Y119.733 E328.14451
G1 X155.716 Y119.44 E328.15531
G1 X155.916 Y119.15 E328.16667
G1 X156.338 Y118.787 E328.18463
G1 X156.469 Y118.536 E328.19377
G1 X156.489 Y118.448 E328.19668
G1 F1148.9 X156.637 Y118.047 E328.21288
G1 X156.987 Y118.285 E328.22893
G1 F1350 X157.05 Y118.338 E328.23158
G1 X157.32 Y118.482 E328.24146
G1 X157.971 Y118.486 E328.26246
G1 X158.252 Y118.619 E328.27249
G1 X158.586 Y118.841 E328.28543
G1 X158.889 Y119.1 E328.29829
G1 X159.211 Y119.552 E328.31619
G1 X159.359 Y120.034 E328.33246
G1 X159.4 Y120.619 E328.35138
G1 X159.347 Y120.741 E328.35567
G1 X159.193 Y121.272 E328.37351
G1 X158.968 Y121.608 E328.38655
G1 X158.563 Y122.024 E328.40528
G1 X158.13 Y122.256 E328.42113
G1 X157.788 Y122.334 E328.43245
G1 X157.413 Y122.351 E328.44456
G1 X157.147 Y122.35 E328.45314
G1 X156.84 Y122.302 E328.46317
G1 X156.6 Y122.206 E328.47151
G1 F2700 E321.47151
G0 F7500 X156.502 Y122.451
G0 X155.245 Y121.338
G0 X155.243 Y119.454
G0 X156.154 Y118.442
G0 X156.03 Y117.873
G0 X155.269 Y116.285
G0 X154.147 Y114.492
G0 X153.009 Y113.161
G0 X152.274 Y112.54
G0 X151.949 Y112.327
G0 X150.969 Y111.878
G0 X149.972 Y111.774
G0 X149.208 Y111.926
G0 X147.988 Y112.371
G0 X147.378 Y112.735
G0 X146.407 Y113.585
G0 X145.576 Y114.651
G0 X144.77 Y116.098
G0 X144.285 Y117.401
G0 X143.858 Y119.215
G0 X143.456 Y122.645
G0 X143.347 Y125.571
G0 X143.638 Y125.848
G0 X141.541 Y125.898
G0 X141.925 Y125.564
G1 F2700 E328.47151
G1 F1350 X142.103 Y125.231 E328.48369
G1 X142.103 Y123.785 E328.53034
G1 X142.076 Y122.818 E328.56155
G1 X142.002 Y121.787 E328.5949
G1 X141.893 Y120.777 E328.62767
G1 X141.705 Y119.6 E328.66613
G1 X141.497 Y118.555 E328.7005
G1 X141.252 Y117.569 E328.73328
G1 X140.985 Y116.729 E328.76172
G1 X140.667 Y115.938 E328.78922
G1 X140.255 Y115.107 E328.81914
G1 X140.053 Y114.748 E328.83243
G1 X139.789 Y114.318 E328.84871
G1 X139.574 Y114.005 E328.86096
G1 X139.285 Y113.633 E328.87616
G1 X138.983 Y113.3 E328.89067
G1 X138.686 Y113.024 E328.90375
G1 X138.332 Y112.724 E328.91872
G1 X137.983 Y112.472 E328.9326
G1 X137.615 Y112.232 E328.94678
G1 X137.172 Y111.98 E328.96322
G1 X136.694 Y111.756 E328.98025
G1 X136.193 Y111.568 E328.99752
G1 X135.659 Y111.443 E329.01521
G1 X135.052 Y111.395 E329.03485
G1 X134.317 Y111.459 E329.05866
G1 X133.654 Y111.642 E329.08085
G1 X133.076 Y111.904 E329.10132
G1 X132.563 Y112.224 E329.12083
G1 X132.115 Y112.572 E329.13913
G1 X131.683 Y112.975 E329.15819
G1 X131.313 Y113.37 E329.17565
G1 X130.997 Y113.736 E329.19125
G1 X130.758 Y114.041 E329.20375
G1 X130.466 Y114.458 E329.22018
G1 X129.813 Y115.472 E329.25909
G1 X129.49 Y116.019 E329.27958
G1 X129.208 Y116.547 E329.29889
G1 F927.8 X128.861 Y116.857 E329.32074
G1 X128.789 Y116.397 E329.34259
G1 F1350 X129.075 Y115.057 E329.3868
G1 X129.184 Y114.413 E329.40787
G1 X129.255 Y113.861 E329.42582
G1 X129.281 Y113.482 E329.43808
G1 X129.283 Y111.964 E329.48705
G1 X129.202 Y111.081 E329.51566
G1 X128.975 Y110.258 E329.54321
G1 X128.598 Y109.454 E329.57185
G1 X128.095 Y108.738 E329.60008
G1 X127.486 Y108.153 E329.62733
G1 X126.749 Y107.671 E329.65574
G1 X125.946 Y107.367 E329.68344
G1 X125.14 Y107.264 E329.70966
G1 X124.299 Y107.261 E329.73679
G1 X123.292 Y107.429 E329.76973
G1 X122.128 Y107.913 E329.8104
G1 X121.08 Y108.53 E329.84963
G1 X119.962 Y109.34 E329.89417
G1 X119.017 Y110.146 E329.93424
G1 X118.153 Y110.994 E329.9733
G1 X117.454 Y111.801 E330.00775
G1 F1323.5 X117.001 Y112.446 E330.03368
G1 F1282.7 X116.825 Y112.593 E330.04147
G1 F1307.5 X116.906 Y112.09 E330.05844
G1 F1350 X124.83 Y91.179 E330.77989
G1 X126.04 Y91.455 E330.81993
G1 X126.749 Y91.559 E330.84305
G1 X127.834 Y91.761 E330.87866
G1 X128.235 Y91.814 E330.89171
G1 X128.988 Y91.89 E330.91612
G1 X131.173 Y92.182 E330.98724
G1 X131.75 Y92.248 E331.00598
G1 X132.329 Y92.291 E331.02471
G1 X133.501 Y92.319 E331.06253
G1 X134.048 Y92.347 E331.0802
G1 X136.306 Y92.519 E331.15326
G1 X136.893 Y92.553 E331.17223
G1 X138.112 Y92.583 E331.21157
G1 X140.383 Y92.669 E331.28489
G1 X141.578 Y92.702 E331.32346
G1 X142.883 Y92.706 E331.36556
G1 X145.828 Y92.65 E331.46059
G1 X147.174 Y92.641 E331.50402
G1 X147.833 Y92.626 E331.52529
G1 X148.412 Y92.591 E331.544
G1 X150.73 Y92.371 E331.61912
G1 X151.395 Y92.322 E331.64063
G1 X152.514 Y92.283 E331.67676
G1 X153.13 Y92.236 E331.69669
G1 X153.629 Y92.186 E331.71287
G1 X155.966 Y91.882 E331.7889
G1 X156.811 Y91.812 E331.81625
G1 X157.379 Y91.739 E331.83473
G1 X158.762 Y91.511 E331.87995
G1 X159.323 Y91.397 E331.89842
G1 X160.226 Y91.179 E331.92839
G1 X160.727 Y92.382 E331.97043
G1 X161.028 Y93.241 E331.9998
G1 X161.378 Y94.077 E332.02904
G1 X161.771 Y95.119 E332.06497
G1 X162.598 Y97.502 E332.14635
G1 X163.4 Y99.604 E332.21893
G1 X164.477 Y102.298 E332.31253
G1 X164.991 Y103.663 E332.35959
G1 X166.021 Y106.466 E332.45593
G1 X167.337 Y109.921 E332.57521
G1 X167.846 Y111.367 E332.62467
G1 F1205.4 X168.05 Y111.88 E332.64462
G1 F992.6 X168.122 Y112.281 E332.66249
G1 F1088.7 X167.773 Y111.997 E332.68049
G1 F1350 X167.444 Y111.619 E332.69666
G1 X166.93 Y111.066 E332.72102
G1 X165.886 Y110.005 E332.76904
G1 X165.461 Y109.601 E332.78796
G1 X165.177 Y109.354 E332.8001
G1 X164.725 Y108.998 E332.81866
G1 X164.229 Y108.634 E332.83851
G1 X163.734 Y108.307 E332.85765
G1 X163.127 Y107.966 E332.88012
G1 X162.547 Y107.7 E332.9007
G1 X161.821 Y107.458 E332.92539
G1 X161.146 Y107.321 E332.94761
G1 X160.179 Y107.251 E332.97889
G1 X159.353 Y107.336 E333.00568
G1 X158.706 Y107.524 E333.02742
G1 X158.114 Y107.809 E333.04862
G1 X157.544 Y108.206 E333.07103
G1 X157.079 Y108.636 E333.09146
G1 X156.665 Y109.159 E333.11298
G1 X156.347 Y109.73 E333.13406
G1 X156.158 Y110.268 E333.15246
G1 X155.733 Y112.166 E333.21521
G1 X155.798 Y113.601 E333.26156
G1 X155.86 Y114.191 E333.2807
G1 F1307.5 X156.092 Y115.573 E333.32737
G1 F1208.1 X156.125 Y115.902 E333.3393
G1 F1200 X156.316 Y116.438 E333.35995
G1 F878 X156.255 Y116.872 E333.38169
G1 X155.919 Y116.602 E333.40307
G1 F1153.8 X155.659 Y116.043 E333.42634
G1 F1163.8 X155.473 Y115.809 E333.43753
G1 F1307.5 X154.961 Y114.98 E333.46998
G1 F1350 X154.484 Y114.266 E333.49769
G1 X154.159 Y113.835 E333.5151
G1 X153.819 Y113.428 E333.53221
G1 X153.288 Y112.863 E333.55723
G1 X153.086 Y112.672 E333.5662
G1 X152.775 Y112.406 E333.5794
G1 X152.542 Y112.23 E333.58882
G1 X152.144 Y111.971 E333.60414
G1 X151.01 Y111.48 E333.64401
G1 X149.956 Y111.371 E333.67819
G1 X149.46 Y111.447 E333.69438
G1 X149.131 Y111.526 E333.7053
G1 X148.48 Y111.736 E333.72737
G1 X147.792 Y112.016 E333.75133
G1 X147.157 Y112.394 E333.77517
G1 X146.574 Y112.86 E333.79925
G1 X146.131 Y113.288 E333.81912
G1 X145.87 Y113.574 E333.83162
G1 X145.568 Y113.958 E333.84738
G1 X145.251 Y114.412 E333.86524
G1 X144.947 Y114.883 E333.88333
G1 X144.651 Y115.408 E333.90277
G1 X144.401 Y115.93 E333.92144
G1 X144.2 Y116.479 E333.94031
G1 X144.131 Y116.813 E333.95131
G1 X143.913 Y117.234 E333.9666
G1 X143.655 Y118.149 E333.99728
G1 X143.462 Y119.114 E334.02903
G1 X143.281 Y120.354 E334.06945
G1 X143.159 Y121.419 E334.10404
G1 X143.052 Y122.604 E334.14242
G1 X142.988 Y123.62 E334.17527
G1 X142.965 Y124.437 E334.20164
G1 X142.963 Y125.247 E334.22777
G1 X143.111 Y125.551 E334.23868
G1 X142.714 Y125.51 E334.25155
G1 X142.21 Y125.513 E334.26781
G1 X141.925 Y125.564 E334.27716
G0 F7500 X141.541 Y125.898
G0 X143.723 Y125.946
G0 X143.578 Y125.68
G0 X143.508 Y125.77
G1 F1588.2 X143.655 Y125.863 E334.28193
G1 F2700 E327.28193
G0 F7500 X143.712 Y125.775
G0 X143.376 Y125.325
G0 X143.456 Y122.645
G0 X143.858 Y119.215
G0 X144.285 Y117.401
G0 X145 Y115.615
G0 X145.875 Y114.225
G0 X146.852 Y113.152
G0 X147.378 Y112.735
G0 X147.988 Y112.371
G0 X149.539 Y111.843
G0 X149.972 Y111.774
G0 X150.969 Y111.878
G0 X151.949 Y112.327
G0 X152.802 Y112.962
G0 X153.828 Y114.069
G0 X154.948 Y115.734
G0 X155.832 Y117.379
G0 X156.03 Y117.873
G0 X156.154 Y118.442
G0 X155.055 Y120.128
G0 X155.494 Y121.37
G0 X155.878 Y121.904
G0 X156.505 Y122.387
G0 X157.126 Y122.553
G0 X157.814 Y122.537
G0 X158.201 Y122.448
G0 X158.686 Y122.189
G0 X159.126 Y121.738
G0 X159.382 Y121.355
G0 X159.606 Y120.654
G0 X159.495 Y119.251
G0 X157.882 Y118.079
G0 X157.191 Y118.069
G0 X156.503 Y115.503
G0 X156.204 Y113.602
G0 X156.141 Y112.2
G0 X156.539 Y110.414
G0 X156.716 Y109.897
G0 X156.991 Y109.398
G0 X157.361 Y108.93
G0 X157.8 Y108.517
G0 X158.306 Y108.167
G0 X158.862 Y107.899
G0 X159.464 Y107.724
G0 X160.171 Y107.657
G0 X161.036 Y107.713
G0 X161.723 Y107.851
G0 X162.953 Y108.331
G0 X164.002 Y108.973
G0 X165.176 Y109.892
G0 X167.148 Y111.897
G0 X167.921 Y112.841
G0 X168.103 Y113.236
G0 X167.66 Y115.288
G0 X168.378 Y116.553
G0 X169.506 Y116.959
G0 X170.004 Y117.015
G0 X170.435 Y116.948
G0 X171.2 Y116.595
G0 X171.552 Y116.341
G0 X171.702 Y116.127
G0 X172.179 Y115.133
G0 X171.715 Y115.086
G1 F2700 E334.28193
G1 F1350 X170.231 Y116.57 E334.34963
G0 F7500 X169.666 Y116.57
G1 F1350 X171.729 Y114.507 E334.44376
G0 F7500 X171.576 Y114.094
G1 F1350 X169.243 Y116.427 E334.55021
G0 F7500 X168.906 Y116.198
G1 F1350 X171.349 Y113.755 E334.66167
G0 F7500 X171.076 Y113.463
G1 F1350 X168.624 Y115.915 E334.77354
G0 F7500 X168.402 Y115.571
G1 F1350 X170.752 Y113.221 E334.88076
G0 F7500 X170.33 Y113.078
G1 F1350 X168.256 Y115.152 E334.97539
G0 F7500 X168.208 Y114.634
G1 F1350 X169.767 Y113.074 E335.04655
G0 F7500 X169.079 Y113.197
G1 F1350 X168.548 Y113.728 E335.07077
G0 F7500 X168.125 Y113.541
G0 X168.103 Y113.236
G0 X167.158 Y111.7
G0 X167.498 Y111.384
G1 F1350 X167.602 Y111.28 E335.07552
G0 F7500 X167.226 Y111.09
G1 F1350 X167.454 Y110.862 E335.08592
G0 F7500 X167.307 Y110.443
G1 F1350 X166.95 Y110.801 E335.10223
G0 F7500 X166.669 Y110.516
G1 F1350 X167.16 Y110.025 E335.12463
G0 F7500 X167.005 Y109.614
G1 F1350 X166.388 Y110.231 E335.15279
G0 F7500 X166.108 Y109.945
G1 F1350 X166.848 Y109.205 E335.18655
G0 F7500 X166.692 Y108.796
G1 F1350 X165.82 Y109.668 E335.22633
G0 F7500 X165.528 Y109.395
G1 F1350 X166.537 Y108.386 E335.27237
G0 F7500 X166.38 Y107.976
G1 F1350 X165.221 Y109.135 E335.32525
G0 F7500 X164.905 Y108.886
G1 F1350 X166.225 Y107.566 E335.38548
G0 F7500 X166.068 Y107.157
G1 F1350 X164.58 Y108.645 E335.45337
G0 F7500 X164.25 Y108.41
G1 F1350 X165.913 Y106.746 E335.52927
G0 F7500 X165.759 Y106.335
G1 F1350 X163.909 Y108.185 E335.61368
G0 F7500 X163.553 Y107.975
G1 F1350 X165.607 Y105.921 E335.70739
G0 F7500 X165.455 Y105.508
G1 F1350 X163.188 Y107.775 E335.81082
G0 F7500 X162.8 Y107.596
G1 F1350 X165.303 Y105.094 E335.925
G0 F7500 X165.151 Y104.68
G1 F1350 X162.392 Y107.439 E336.05088
G0 F7500 X161.969 Y107.297
G1 F1350 X164.999 Y104.267 E336.18913
G0 F7500 X164.847 Y103.853
G1 F1350 X161.507 Y107.193 E336.34152
G0 F7500 X161.023 Y107.111
G1 F1350 X164.692 Y103.441 E336.50895
G0 F7500 X164.538 Y103.031
G1 F1350 X160.492 Y107.077 E336.69355
G0 F7500 X159.929 Y107.074
G1 F1350 X164.383 Y102.62 E336.89676
G0 F7500 X164.226 Y102.211
G1 F1350 X159.292 Y107.145 E337.12188
G0 F7500 X158.443 Y107.428
G1 F1350 X164.064 Y101.807 E337.37835
G0 F7500 X163.903 Y101.403
G1 F1350 X152.983 Y112.322 E337.87656
G0 F7500 X153.285 Y112.586
G1 F1350 X156.125 Y109.746 E338.00613
G0 F7500 X155.888 Y110.549
G1 F1350 X153.568 Y112.869 E338.11199
G0 F7500 X153.843 Y113.16
G1 F1350 X155.725 Y111.278 E338.19785
G0 F7500 X155.562 Y112.007
G1 F1350 X154.107 Y113.461 E338.26422
G0 F7500 X154.362 Y113.772
G1 F1350 X155.55 Y112.584 E338.31842
G0 F7500 X155.574 Y113.126
G1 F1350 X154.605 Y114.095 E338.36263
G0 F7500 X154.835 Y114.431
G1 F1350 X155.602 Y113.663 E338.39765
G0 F7500 X155.656 Y114.175
G1 F1350 X155.061 Y114.77 E338.4248
G0 F7500 X155.277 Y115.119
G1 F1350 X155.731 Y114.665 E338.44551
G0 F7500 X155.808 Y115.155
G1 F1350 X155.502 Y115.46 E338.45945
G0 F7500 X155.742 Y115.786
G1 F1350 X155.879 Y115.649 E338.4657
G0 F7500 X156.366 Y115.533
G0 X157.186 Y118.111
G0 X156.967 Y118.521
G1 F1350 X155.814 Y119.674 E338.51831
G0 F7500 X155.66 Y120.394
G1 F1350 X157.372 Y118.681 E338.59644
G0 F7500 X157.931 Y118.688
G1 F1350 X155.728 Y120.891 E338.69695
G0 F7500 X155.907 Y121.278
G1 F1350 X158.297 Y118.888 E338.806
G0 F7500 X158.618 Y119.132
G1 F1350 X156.151 Y121.599 E338.91856
G0 F7500 X156.445 Y121.871
G1 F1350 X158.881 Y119.435 E339.0297
G0 F7500 X159.077 Y119.805
G1 F1350 X156.791 Y122.091 E339.134
G0 F7500 X157.292 Y122.156
G1 F1350 X159.173 Y120.274 E339.21985
G0 F7500 X159.083 Y120.93
G1 F1350 X157.914 Y122.099 E339.27319
G0 F7500 X158.017 Y122.552
G0 X156.793 Y122.502
G0 X156.159 Y122.165
G0 X155.621 Y121.587
G0 X155.3 Y120.886
G0 X155.258 Y120.021
G0 X155.364 Y119.655
G0 X156.154 Y118.442
G0 X156.03 Y117.873
G0 X155.269 Y116.285
G0 X154.147 Y114.492
G0 X153.502 Y113.737
G0 X152.384 Y112.443
G0 X152.665 Y112.075
G1 F1350 X163.741 Y100.999 E339.77854
G0 F7500 X163.579 Y100.595
G1 F1350 X152.324 Y111.85 E340.29206
G0 F7500 X151.943 Y111.666
G1 F1350 X163.418 Y100.191 E340.81561
G0 F7500 X163.256 Y99.786
G1 F1350 X151.549 Y111.494 E341.34978
G0 F7500 X151.156 Y111.321
G1 F1350 X163.099 Y99.378 E341.89469
G0 F7500 X162.942 Y98.969
G1 F1350 X150.666 Y111.245 E342.45479
G0 F7500 X150.154 Y111.192
G1 F1350 X162.786 Y98.56 E343.03113
G0 F7500 X162.63 Y98.15
G1 F1350 X149.55 Y111.23 E343.62792
G0 F7500 X148.788 Y111.426
G1 F1350 X162.474 Y97.741 E344.25233
G0 F7500 X162.324 Y97.325
G1 F1350 X147.887 Y111.761 E344.91101
G0 F7500 X148.061 Y112.191
G0 X146.852 Y113.152
G0 X146.061 Y114.021
G0 X145.059 Y115.224
G0 X144.654 Y114.995
G1 F1350 X141.581 Y118.068 E345.05122
G0 F7500 X141.693 Y118.521
G1 F1350 X144.13 Y116.085 E345.16238
G0 F7500 X143.836 Y116.944
G1 F1350 X141.787 Y118.993 E345.25587
G0 F7500 X141.881 Y119.464
G1 F1350 X143.542 Y117.803 E345.33166
G0 F7500 X143.372 Y118.54
G1 F1350 X141.963 Y119.949 E345.39594
G0 F7500 X142.04 Y120.437
G1 F1350 X143.241 Y119.236 E345.45074
G0 F7500 X143.144 Y119.899
G1 F1350 X142.11 Y120.932 E345.49789
G0 F7500 X142.165 Y121.443
G1 F1350 X143.055 Y120.553 E345.5385
G0 F7500 X142.981 Y121.193
G1 F1350 X142.215 Y121.959 E345.57345
G0 F7500 X142.253 Y122.487
G1 F1350 X142.92 Y121.82 E345.60388
G0 F7500 X142.864 Y122.441
G1 F1350 X142.281 Y123.024 E345.63048
G0 F7500 X142.822 Y123.05
G1 F1350 X142.296 Y123.575 E345.65446
G0 F7500 X142.786 Y123.651
G1 F1350 X142.302 Y124.135 E345.67654
G0 F7500 X142.769 Y124.233
G1 F1350 X142.302 Y124.701 E345.69787
G0 F7500 X142.763 Y124.805
G1 F1350 X142.279 Y125.29 E345.71998
G0 F7500 X141.842 Y125.163
G0 X141.511 Y121.181
G0 X141.017 Y117.727
G0 X141.468 Y117.615
G1 F1350 X162.178 Y96.905 E346.66489
G0 F7500 X162.032 Y96.485
G1 F1350 X141.337 Y117.18 E347.60912
G0 F7500 X141.201 Y116.751
G1 F1350 X161.887 Y96.065 E348.55293
G0 F7500 X161.741 Y95.645
G1 F1350 X141.045 Y116.341 E349.4972
G0 F7500 X140.881 Y115.939
G1 F1350 X161.595 Y95.225 E350.4423
G0 F7500 X161.441 Y94.813
G1 F1350 X140.7 Y115.555 E351.38864
G0 F7500 X140.512 Y115.177
G1 F1350 X161.286 Y94.403 E352.33648
G0 F7500 X161.126 Y93.997
G1 F1350 X140.315 Y114.808 E353.28599
G0 F7500 X140.106 Y114.452
G1 F1350 X160.959 Y93.599 E354.23743
G0 F7500 X160.798 Y93.193
G1 F1350 X139.886 Y114.106 E355.19158
G0 F7500 X139.65 Y113.777
G1 F1350 X160.651 Y92.775 E356.14979
G0 F7500 X160.5 Y92.36
G1 F1350 X139.399 Y113.461 E357.11254
G0 F7500 X139.13 Y113.165
G1 F1350 X160.334 Y91.961 E358.07999
G0 F7500 X160.168 Y91.561
G1 F1350 X138.836 Y112.893 E359.05328
G0 F7500 X138.531 Y112.632
G1 F1350 X159.638 Y91.525 E360.01631
G0 F7500 X158.915 Y91.683
G1 F1350 X138.208 Y112.389 E360.96106
G0 F7500 X137.87 Y112.161
G1 F1350 X158.232 Y91.8 E361.89007
G0 F7500 X157.555 Y91.911
G1 F1350 X137.518 Y111.949 E362.8043
G0 F7500 X137.151 Y111.75
G1 F1350 X156.9 Y92 E363.70538
G0 F7500 X156.279 Y92.056
G1 F1350 X136.765 Y111.57 E364.59572
G0 F7500 X136.353 Y111.416
G1 F1350 X155.645 Y92.124 E365.47594
G0 F7500 X154.994 Y92.209
G1 F1350 X135.908 Y111.296 E366.34678
G0 F7500 X135.413 Y111.225
G1 F1350 X154.344 Y92.294 E367.21052
G0 F7500 X153.694 Y92.378
G1 F1350 X134.865 Y111.208 E368.06963
G0 F7500 X134.226 Y111.28
G1 F1350 X153.066 Y92.44 E368.92922
G0 F7500 X152.457 Y92.484
G1 F1350 X133.403 Y111.538 E369.79857
G0 F7500 X133.594 Y111.96
G0 X131.882 Y113.152
G0 X131.564 Y112.811
G1 F1350 X151.87 Y92.505 E370.72505
G0 F7500 X151.279 Y92.53
G1 F1350 X129.382 Y114.427 E371.72412
G0 F7500 X129.46 Y113.784
G1 F1350 X150.666 Y92.577 E372.69169
G0 F7500 X150.041 Y92.637
G1 F1350 X129.481 Y113.197 E373.62975
G0 F7500 X129.482 Y112.63
G1 F1350 X149.417 Y92.696 E374.53928
G0 F7500 X148.792 Y92.755
G1 F1350 X129.483 Y112.064 E375.42027
G0 F7500 X129.441 Y111.54
G1 F1350 X148.176 Y92.805 E376.27507
G0 F7500 X147.584 Y92.831
G1 F1350 X129.392 Y111.024 E377.10512
G0 F7500 X129.271 Y110.579
G1 F1350 X147.008 Y92.841 E377.91441
G0 F7500 X146.438 Y92.845
G1 F1350 X129.141 Y110.143 E378.70362
G0 F7500 X128.961 Y109.757
G1 F1350 X145.869 Y92.849 E379.47506
G0 F7500 X145.293 Y92.86
G1 F1350 X128.78 Y109.373 E380.22848
G0 F7500 X128.549 Y109.038
G1 F1350 X144.717 Y92.87 E380.96616
G0 F7500 X144.14 Y92.882
G1 F1350 X128.315 Y108.707 E381.68819
G0 F7500 X128.043 Y108.412
G1 F1350 X143.563 Y92.892 E382.3963
G0 F7500 X142.986 Y92.903
G1 F1350 X127.755 Y108.135 E383.09125
G0 F7500 X127.44 Y107.884
G1 F1350 X142.42 Y92.904 E383.77472
G0 F7500 X141.856 Y92.903
G1 F1350 X127.097 Y107.661 E384.44809
G0 F7500 X126.738 Y107.455
G1 F1350 X141.299 Y92.894 E385.11245
G0 F7500 X140.748 Y92.879
G1 F1350 X126.328 Y107.299 E385.77037
G0 F7500 X125.906 Y107.155
G1 F1350 X140.2 Y92.862 E386.42253
G0 F7500 X139.655 Y92.841
G1 F1350 X125.401 Y107.094 E387.07285
G0 F7500 X124.865 Y107.065
G1 F1350 X139.109 Y92.821 E387.72275
G0 F7500 X138.565 Y92.799
G1 F1350 X124.3 Y107.065 E388.37362
G0 F7500 X123.628 Y107.171
G1 F1350 X138.018 Y92.78 E389.0302
G0 F7500 X137.466 Y92.767
G1 F1350 X122.835 Y107.398 E389.69775
G0 F7500 X123.014 Y107.827
G0 X122.016 Y108.284
G0 X121.782 Y107.885
G1 F1350 X136.914 Y92.754 E390.38814
G0 F7500 X136.379 Y92.722
G1 F1350 X120.133 Y108.968 E391.12938
G0 F7500 X120.406 Y109.345
G0 X116.954 Y112.784
G0 X116.805 Y113.456
G0 X117.189 Y114.218
G0 X117.257 Y114.499
G0 X117.255 Y115.096
G0 X117.154 Y115.528
G0 X116.611 Y116.36
G0 X116.099 Y116.764
G0 X115.438 Y116.979
G0 X114.67 Y116.964
G0 X113.989 Y116.665
G0 X113.369 Y116.09
G0 X113.031 Y115.419
G0 X112.988 Y114.343
G0 X113.073 Y114.001
G0 X113.7 Y113.15
G0 X114.22 Y112.855
G0 X114.662 Y112.69
G0 X116.381 Y112.719
G0 X118.132 Y108.111
G0 X118.564 Y108.275
G1 F1350 X134.275 Y92.564 E391.84621
G0 F7500 X134.8 Y92.604
G1 F1350 X118.219 Y109.185 E392.60273
G0 F7500 X117.873 Y110.097
G1 F1350 X135.326 Y92.644 E393.39903
G0 F7500 X135.852 Y92.684
G1 F1350 X117.528 Y111.007 E394.23506
G0 F7500 X117.097 Y110.843
G0 X116.381 Y112.719
G0 X114.662 Y112.69
G0 X114.22 Y112.855
G0 X113.7 Y113.15
G0 X113.073 Y114.001
G0 X112.988 Y114.343
G0 X113.031 Y115.419
G0 X113.369 Y116.09
G0 X113.989 Y116.665
G0 X114.67 Y116.964
G0 X115.438 Y116.979
G0 X116.099 Y116.764
G0 X116.611 Y116.36
G0 X117.154 Y115.528
G0 X117.255 Y115.096
G0 X117.257 Y114.559
G0 X116.88 Y113.29
G0 X116.416 Y113.251
G1 F1350 X113.755 Y115.912 E394.35647
G0 F7500 X114.042 Y116.191
G1 F1350 X116.5 Y113.733 E394.46862
G0 F7500 X116.7 Y114.098
G1 F1350 X114.382 Y116.417 E394.5744
G0 F7500 X114.794 Y116.57
G1 F1350 X116.852 Y114.513 E394.66828
G0 F7500 X116.84 Y115.09
G1 F1350 X115.351 Y116.579 E394.73621
G0 F7500 X115.385 Y117.043
G0 X114.67 Y116.964
G0 X113.989 Y116.665
G0 X113.638 Y116.339
G0 X113.09 Y115.742
G0 X113.525 Y115.576
G1 F1350 X115.911 Y113.191 E394.84505
G0 F7500 X115.443 Y113.093
G1 F1350 X113.401 Y115.135 E394.93822
G0 F7500 X113.391 Y114.579
G1 F1350 X114.897 Y113.074 E395.00691
G0 F7500 X114.87 Y112.616
G0 X116.384 Y112.668
G0 X118.477 Y107.2
G0 X118.909 Y107.364
G1 F1350 X133.742 Y92.531 E395.68368
G0 F7500 X133.196 Y92.511
G1 F1350 X119.254 Y106.453 E396.31979
G0 F7500 X119.6 Y105.542
G1 F1350 X132.644 Y92.498 E396.91494
G0 F7500 X132.103 Y92.474
G1 F1350 X119.945 Y104.632 E397.46966
G0 F7500 X120.29 Y103.721
G1 F1350 X131.581 Y92.429 E397.98484
G0 F7500 X131.075 Y92.37
G1 F1350 X120.635 Y102.809 E398.46115
G0 F7500 X120.981 Y101.899
G1 F1350 X130.576 Y92.303 E398.89895
G0 F7500 X130.077 Y92.237
G1 F1350 X121.326 Y100.988 E399.29823
G0 F7500 X121.671 Y100.077
G1 F1350 X129.578 Y92.169 E399.65901
G0 F7500 X129.079 Y92.103
G1 F1350 X122.016 Y99.166 E399.98127
G0 F7500 X122.361 Y98.256
G1 F1350 X128.568 Y92.048 E400.26449
G0 F7500 X128.059 Y91.991
G1 F1350 X122.706 Y97.345 E400.50875
G0 F7500 X123.052 Y96.433
G1 F1350 X127.569 Y91.916 E400.71484
G0 F7500 X127.093 Y91.826
G1 F1350 X123.397 Y95.523 E400.8835
G0 F7500 X123.742 Y94.612
G1 F1350 X126.613 Y91.74 E401.01451
G0 F7500 X126.12 Y91.667
G1 F1350 X124.087 Y93.701 E401.10729
G0 F7500 X124.432 Y92.79
G1 F1350 X125.652 Y91.571 E401.16293
G0 F7500 X125.191 Y91.466
G1 F1350 X124.777 Y91.88 E401.18182
G1 F2700 E394.18182
G0 F7500 X124.345 Y91.716
G0 X116.381 Y112.719
G0 X114.662 Y112.69
G0 X114.22 Y112.855
G0 X113.7 Y113.15
G0 X113.073 Y114.001
G0 X112.988 Y114.343
G0 X113.031 Y115.419
G0 X113.369 Y116.09
G0 X113.989 Y116.665
G0 X114.67 Y116.964
G0 X115.438 Y116.979
G0 X116.099 Y116.764
G0 X116.611 Y116.36
G0 X117.154 Y115.528
G0 X117.255 Y115.096
G0 X117.257 Y114.499
G0 X116.836 Y113.087
G0 X120.086 Y109.504
G0 X123.328 Y107.63
G0 X125.88 Y107.559
G0 X127.94 Y108.873
G0 X128.998 Y111.1
G0 X128.767 Y115.564
G0 X127.97 Y118.119
G0 X126.902 Y118.379
G0 X126.185 Y118.823
G0 X125.684 Y119.518
G0 X125.541 Y119.86
G0 X125.539 Y120.861
G0 X125.733 Y121.41
G0 X126.106 Y121.907
G0 X126.956 Y122.49
G0 X128.114 Y122.514
G0 X128.402 Y122.452
G0 X129.117 Y122.042
G0 X129.321 Y121.849
G0 X129.807 Y120.793
G0 X129.693 Y119.78
G0 X129.483 Y119.178
G0 X128.761 Y118.379
G0 X130.511 Y114.965
G0 X131.867 Y113.165
G0 X131.522 Y112.853
G1 F2700 E401.18182
G1 F1350 X129.267 Y115.108 E401.28471
G0 F7500 X129.763 Y115.177
G1 F1350 X129.118 Y115.823 E401.31416
G0 F7500 X128.671 Y115.725
G0 X127.97 Y118.119
G0 X126.902 Y118.379
G0 X126.185 Y118.823
G0 X125.684 Y119.518
G0 X125.541 Y119.86
G0 X125.539 Y120.861
G0 X125.733 Y121.41
G0 X126.106 Y121.907
G0 X126.956 Y122.49
G0 X128.114 Y122.514
G0 X128.402 Y122.452
G0 X129.117 Y122.042
G0 X129.321 Y121.849
G0 X129.807 Y120.793
G0 X129.693 Y119.78
G0 X129.483 Y119.178
G0 X128.898 Y118.531
G0 X128.822 Y118.284
G0 X128.358 Y118.28
G1 F1350 X128.209 Y118.429 E401.32096
G1 X128.171 Y118.467
G1 X125.942 Y120.696 E401.42266
G0 F7500 X126.056 Y121.147
G1 F1350 X128.477 Y118.727 E401.53309
G0 F7500 X128.734 Y119.035
G1 F1350 X126.275 Y121.494 E401.64529
G0 F7500 X126.566 Y121.769
G1 F1350 X129.049 Y119.286 E401.75858
G0 F7500 X129.24 Y119.66
G1 F1350 X126.9 Y122 E401.86534
G0 F7500 X127.32 Y122.147
G1 F1350 X129.341 Y120.125 E401.95757
G0 F7500 X129.404 Y120.628
G1 F1350 X127.898 Y122.134 E402.02629
G0 F7500 X127.955 Y122.595
G0 X128.444 Y122.403
G0 X129.206 Y122.04
G0 X128.891 Y121.707
G1 F1350 X128.998 Y121.6 E402.03117
G0 F7500 X129.316 Y121.936
G0 X128.402 Y122.452
G0 X127.778 Y122.556
G0 X127.165 Y122.549
G0 X126.641 Y122.318
G0 X125.938 Y121.714
G0 X125.59 Y121.11
G0 X125.539 Y120.861
G0 X125.541 Y119.86
G0 X125.897 Y119.196
G0 X126.185 Y118.823
G0 X126.765 Y118.463
G0 X127.351 Y118.226
G0 X127.383 Y118.689
G1 F1350 X125.944 Y120.128 E402.09682
G1 F2700 E395.09682
;MESH:NONMESH
G0 F300 X125.944 Y120.128 Z0.6
G0 F7500 X125.48 Y120.127
G0 X125.733 Y119.079
G0 X127.224 Y118.092
G0 X127.876 Y118.046
G0 X128.432 Y116.145
G0 X128.85 Y113.834
G0 X128.877 Y111.962
G0 X128.804 Y111.154
G0 X128.586 Y110.378
G0 X128.245 Y109.657
G0 X127.785 Y109.006
G0 X127.221 Y108.456
G0 X126.571 Y108.035
G0 X125.833 Y107.758
G0 X125.058 Y107.664
G0 X124.349 Y107.664
G0 X123.383 Y107.827
G0 X122.344 Y108.256
G0 X121.281 Y108.882
G0 X120.234 Y109.645
G0 X119.266 Y110.47
G0 X118.425 Y111.299
G0 X117.123 Y112.889
G0 X116.968 Y113.332
G0 X117.458 Y115.113
G0 X116.611 Y116.36
G0 X116.099 Y116.764
G0 X115.438 Y116.979
G0 X114.67 Y116.964
G0 X113.989 Y116.665
G0 X113.369 Y116.09
G0 X113.031 Y115.419
G0 X112.923 Y113.814
G0 X112.029 Y113.277
G0 X96.141 Y89.161
G0 X53.638 Y81.122
;TIME_ELAPSED:771.875486
;LAYER:2
M106 S170
;TYPE:SKIRT
G1 F2700 E402.09682
G1 F1200 X54.416 Y80.665 E402.12593
G1 X55.233 Y80.278 E402.1551
G1 X56.08 Y79.966 E402.18422
G1 X56.952 Y79.729 E402.21337
G1 X57.841 Y79.571 E402.2425
G1 X58.74 Y79.492 E402.27162
G1 X59.643 Y79.492 E402.30075
G1 X60.804 Y79.611 E402.33841
G1 X63.698 Y80.077 E402.43298
G1 X66.214 Y80.415 E402.51488
G1 X68.723 Y80.679 E402.59627
G1 X71.269 Y80.876 E402.67866
G1 X73.673 Y80.995 E402.75631
G1 X74.302 Y81.018 E402.77662
G1 X76.878 Y81.077 E402.85974
G1 X79.447 Y81.064 E402.94263
G1 X81.962 Y80.979 E403.02381
G1 X85.049 Y80.778 E403.12362
G1 X87.701 Y80.524 E403.20957
G1 X90.211 Y80.21 E403.29118
G1 X93.208 Y79.742 E403.38904
G1 X93.817 Y79.638 E403.40897
G1 X94.713 Y79.525 E403.43811
G1 X95.615 Y79.492 E403.46723
G1 X96.517 Y79.539 E403.49637
G1 X97.078 Y79.609 E403.51461
G1 X99.502 Y79.98 E403.59372
G1 X102.042 Y80.3 E403.67632
G1 X104.557 Y80.545 E403.75784
G1 X107.082 Y80.718 E403.8395
G1 X109.649 Y80.822 E403.92238
G1 X112.15 Y80.853 E404.00307
G1 X114.723 Y80.811 E404.0861
G1 X117.243 Y80.7 E404.16748
G1 X119.749 Y80.517 E404.24854
G1 X123.307 Y80.141 E404.36397
G1 X124.209 Y80.086 E404.39312
G1 X125.111 Y80.111 E404.42224
G1 X126.019 Y80.218 E404.45173
G1 X128.822 Y80.675 E404.54336
G1 X131.35 Y81.015 E404.62565
G1 X133.859 Y81.279 E404.70705
G1 X136.432 Y81.478 E404.7903
G1 X138.588 Y81.586 E404.85995
G1 X139.333 Y81.615 E404.884
G1 X141.907 Y81.677 E404.96707
G1 X144.441 Y81.667 E405.04882
G1 X146.965 Y81.585 E405.1303
G1 X150.88 Y81.318 E405.2569
G1 X153.416 Y81.058 E405.33914
G1 X155.904 Y80.731 E405.4201
G1 X158.321 Y80.346 E405.49906
G1 X159.016 Y80.226 E405.52182
G1 X159.912 Y80.112 E405.55096
G1 X160.814 Y80.078 E405.58008
G1 X161.716 Y80.124 E405.60922
G1 X162.61 Y80.249 E405.63834
G1 X163.49 Y80.454 E405.66749
G1 X164.348 Y80.735 E405.69662
G1 X165.179 Y81.09 E405.72577
G1 X165.974 Y81.518 E405.7549
G1 X166.728 Y82.015 E405.78404
G1 X167.436 Y82.576 E405.81318
G1 X168.091 Y83.198 E405.84232
G1 X168.688 Y83.875 E405.87144
G1 X169.223 Y84.603 E405.90059
G1 X169.692 Y85.375 E405.92973
G1 X170.235 Y86.531 E405.97094
G1 X171.217 Y89.02 E406.05726
G1 X171.912 Y90.83 E406.11981
G1 X172.893 Y93.196 E406.20245
G1 X173.925 Y95.499 E406.28387
G1 X175.035 Y97.801 E406.36632
G1 X176.203 Y100.058 E406.44831
G1 X177.424 Y102.26 E406.52954
G1 X178.734 Y104.474 E406.61253
G1 X180.199 Y106.791 E406.70097
G1 X180.876 Y107.827 E406.7409
G1 X181.346 Y108.624 E406.77075
G1 X181.578 Y109.061 E406.78672
G1 X181.966 Y109.877 E406.81587
G1 X182.333 Y110.895 E406.85078
G1 X182.497 Y111.438 E406.86908
G1 X182.72 Y112.313 E406.89821
G1 X182.864 Y113.205 E406.92736
G1 X182.931 Y114.162 E406.95831
G1 X182.94 Y114.57 E406.97148
G1 X182.899 Y115.735 E407.00909
G1 X182.832 Y116.459 E407.03254
G1 X182.709 Y117.354 E407.06169
G1 X182.507 Y118.234 E407.09082
G1 X182.228 Y119.093 E407.11996
G1 X181.927 Y119.812 E407.14511
G1 X181.682 Y120.34 E407.16388
G1 X181.37 Y120.958 E407.18622
G1 X181.192 Y121.282 E407.19815
G1 X180.599 Y122.233 E407.2343
G1 X180.323 Y122.626 E407.2498
G1 X179.772 Y123.341 E407.27892
G1 X179.16 Y124.005 E407.30805
G1 X178.491 Y124.612 E407.3372
G1 X177.949 Y125.032 E407.35932
G1 X177.488 Y125.365 E407.37767
G1 X176.551 Y125.967 E407.4136
G1 X176.197 Y126.168 E407.42673
G1 X175.393 Y126.579 E407.45586
G1 X174.858 Y126.804 E407.47459
G1 X172.105 Y127.874 E407.56988
G1 X169.734 Y128.869 E407.65283
G1 X167.432 Y129.912 E407.73437
G1 X164.428 Y131.391 E407.8424
G1 X163.327 Y131.958 E407.88235
G1 X162.802 Y132.214 E407.90119
G1 X162.041 Y132.541 E407.92792
G1 X161.57 Y132.721 E407.94418
G1 X159.183 Y133.685 E408.02724
G1 X156.856 Y134.703 E408.10918
G1 X154.549 Y135.789 E408.19144
G1 X152.275 Y136.94 E408.27367
G1 X150.034 Y138.154 E408.3559
G1 X148.939 Y138.776 E408.39653
G1 X148.234 Y139.14 E408.42213
G1 X147.769 Y139.358 E408.43869
G1 X146.935 Y139.705 E408.46784
G1 X146.163 Y139.953 E408.494
G1 X145.73 Y140.073 E408.50849
G1 X144.85 Y140.275 E408.53762
G1 X144.125 Y140.381 E408.56126
G1 X143.808 Y140.416 E408.57155
G1 X142.856 Y140.477 E408.60233
G1 X142.308 Y140.486 E408.62001
G1 X141.406 Y140.46 E408.64912
G1 X139.98 Y140.262 E408.69557
G1 X138.761 Y139.938 E408.73626
G1 X137.858 Y139.642 E408.76692
G1 X137.176 Y139.407 E408.79019
G1 X134.754 Y138.646 E408.8721
G1 X132.286 Y137.947 E408.95485
G1 X129.865 Y137.335 E409.03542
G1 X127.32 Y136.767 E409.11955
G1 X124.873 Y136.294 E409.19995
G1 X122.34 Y135.877 E409.28277
G1 X119.876 Y135.543 E409.363
G1 X117.309 Y135.269 E409.44628
G1 X114.8 Y135.072 E409.52748
G1 X112.247 Y134.946 E409.60994
G1 X109.706 Y134.891 E409.69194
G1 X107.173 Y134.908 E409.77366
G1 X104.641 Y134.997 E409.8554
G1 X102.079 Y135.159 E409.93822
G1 X99.578 Y135.389 E410.01925
G1 X97.061 Y135.692 E410.10104
G1 X94.507 Y136.073 E410.18435
G1 X92.051 Y136.511 E410.26484
G1 X89.558 Y137.029 E410.34699
G1 X87.089 Y137.613 E410.42884
G1 X84.619 Y138.275 E410.51134
G1 X82.381 Y138.938 E410.58665
G1 X81.182 Y139.31 E410.62715
G1 X80.427 Y139.517 E410.65241
G1 X79.544 Y139.705 E410.68153
G1 X78.682 Y139.816 E410.70957
G1 X77.725 Y139.877 E410.74051
G1 X77.171 Y139.886 E410.75838
G1 X76.268 Y139.86 E410.78753
G1 X74.866 Y139.666 E410.83319
G1 X73.872 Y139.415 E410.86627
G1 X73.086 Y139.143 E410.8931
G1 X72.3 Y138.815 E410.92058
G1 X72.026 Y138.688 E410.93032
G1 X71.288 Y138.309 E410.95709
G1 X70.5 Y137.862 E410.98632
G1 X68.181 Y136.592 E411.07162
G1 X65.937 Y135.443 E411.15295
G1 X63.66 Y134.36 E411.2343
G1 X61.331 Y133.33 E411.31646
G1 X57.867 Y131.935 E411.43694
G1 X56.951 Y131.512 E411.46949
G1 X56.352 Y131.199 E411.49129
G1 X53.987 Y130.004 E411.57678
G1 X51.66 Y128.911 E411.65972
G1 X49.368 Y127.912 E411.74039
G1 X46.968 Y126.947 E411.82384
G1 X46.106 Y126.627 E411.85351
G1 X45.308 Y126.318 E411.88111
G1 X44.154 Y125.785 E411.92212
G1 X43.643 Y125.509 E411.94086
G1 X42.868 Y125.045 E411.97
G1 X42.199 Y124.563 E411.99661
G1 X41.82 Y124.266 E412.01214
G1 X41.134 Y123.678 E412.04129
G1 X40.579 Y123.115 E412.0668
G1 X40.232 Y122.735 E412.0834
G1 X39.653 Y122.042 E412.11253
G1 X39.173 Y121.355 E412.13957
G1 X38.917 Y120.955 E412.15489
G1 X38.464 Y120.174 E412.18402
G1 X38.009 Y119.172 E412.21952
G1 X37.833 Y118.722 E412.23511
G1 X37.541 Y117.867 E412.26426
G1 X37.327 Y116.99 E412.29339
G1 X37.174 Y116.048 E412.32418
G1 X37.068 Y114.925 E412.36057
G1 X37.055 Y114.09 E412.38751
G1 X37.071 Y113.391 E412.41007
G1 X37.131 Y112.49 E412.4392
G1 X37.271 Y111.597 E412.46836
G1 X37.486 Y110.713 E412.49771
G1 X37.752 Y109.85 E412.52685
G1 X38.078 Y109.038 E412.55508
G1 X38.468 Y108.223 E412.58423
G1 X38.748 Y107.733 E412.60243
G1 X39.121 Y107.135 E412.62517
G1 X39.446 Y106.644 E412.64417
G1 X40.865 Y104.434 E412.7289
G1 X42.185 Y102.243 E412.81142
G1 X43.439 Y100.022 E412.89371
G1 X44.604 Y97.817 E412.97417
G1 X45.744 Y95.5 E413.05748
G1 X46.785 Y93.227 E413.13814
G1 X47.791 Y90.854 E413.22129
G1 X48.642 Y88.69 E413.29631
G1 X49.43 Y86.612 E413.36801
G1 X49.696 Y85.938 E413.39139
G1 X50.065 Y85.113 E413.42054
G1 X50.504 Y84.324 E413.44967
G1 X51.012 Y83.578 E413.47879
G1 X51.584 Y82.879 E413.50793
G1 X52.216 Y82.233 E413.53709
G1 X52.902 Y81.646 E413.56622
G1 X53.638 Y81.122 E413.59536
G1 F2700 E406.59536
;MESH:baby_shower.stl
G0 F9000 X69.713 Y92.735
G0 X69.613 Y95.78
;TYPE:WALL-INNER
G1 F2700 E413.59536
G1 F983.6 X69.518 Y96.17 E413.61116
G1 F1134.8 X69.339 Y96.643 E413.62842
G1 F1263.2 X69.019 Y97.399 E413.65358
G1 F1259.8 X68.917 Y97.811 E413.66662
G1 F1116.3 X68.844 Y97.994 E413.67346
G1 X68.853 Y98.294 E413.68387
G1 F1159.4 X68.905 Y98.556 E413.69278
G1 F1113.7 X69.091 Y98.824 E413.70412
G1 F2700 E406.70412
G0 F9000 X69.354 Y98.891
G0 X71.19 Y98.287
G0 X71.465 Y98.692
G1 F2700 E413.70412
G1 F1209.1 X71.268 Y97.953 E413.72861
G1 F1081.1 X71.172 Y97.343 E413.75073
G1 F1036.7 X71.113 Y96.754 E413.77283
G1 F919.5 X71.118 Y96.41 E413.78732
G1 F888.9 X71.067 Y96.062 E413.80264
G1 F898.9 X71.034 Y95.736 E413.81675
G1 X71.051 Y95.547 E413.82492
G1 F1032.3 X71.283 Y95.219 E413.83999
G1 F1159.4 X71.466 Y95.124 E413.84688
G1 X71.329 Y94.59 E413.86528
G1 X71.141 Y93.916 E413.88865
G1 X71.088 Y94.154 E413.89679
G1 X71.035 Y94.607 E413.91202
G1 X71.011 Y95.09 E413.92817
G1 F1032.3 X71.051 Y95.547 E413.94537
G0 F9000 X70.848 Y95.734
G0 X69.874 Y95.624
G0 X69.613 Y95.78
G1 F1095.9 X69.784 Y95.619 E413.95367
G1 F1337 X69.771 Y95.459 E413.95832
G1 F1363.6 X69.828 Y95.038 E413.97038
G1 F1383.3 X69.748 Y94.547 E413.9843
G1 F1379.3 X69.553 Y94.126 E413.99733
G1 F1403.5 X69.423 Y93.948 E414.00341
G1 F1428.6 X69.21 Y93.774 E414.01086
G1 X68.914 Y93.643 E414.01963
G1 X68.755 Y93.634 E414.02395
G1 X68.981 Y93.88 E414.033
G1 F1420.1 X69.235 Y94.263 E414.04553
G1 F1371.4 X69.366 Y94.575 E414.05508
G1 F1363.6 X69.481 Y94.898 E414.06482
G1 X69.445 Y95.229 E414.07427
G1 F1337 X69.364 Y95.324 E414.07788
G1 X69.456 Y95.409 E414.08151
G1 F1095.9 X69.613 Y95.78 E414.09574
G1 F2700 E407.09574
G0 F9000 X69.874 Y95.624
G0 X72.827 Y96.586
G0 X73.084 Y96.067
G1 F2700 E414.09574
G1 F1297.3 X73.089 Y95.751 E414.10517
G1 F1140.1 X73.016 Y94.449 E414.14945
G1 F1073.8 X73.025 Y94.313 E414.15437
G1 F2700 E407.15437
G0 F9000 X73.215 Y94.954
G0 X74.497 Y94.762
G0 X74.764 Y94.895
G1 F2700 E414.15437
G1 F1045.8 X74.816 Y95.284 E414.1689
G1 F1203 X74.843 Y95.645 E414.18055
G1 F1215.2 X74.935 Y96.035 E414.19331
G1 F1290.3 X75.046 Y96.282 E414.20144
G1 F2700 E407.20144
G0 F9000 X75.435 Y96.709
G0 X77.769 Y96.479
G0 X77.994 Y96.508
G1 F2700 E414.20144
G1 F939.3 X77.96 Y96.255 E414.21196
G1 F941.2 X77.916 Y95.701 E414.23482
G1 F897.2 X77.909 Y95.154 E414.25843
G1 F805.4 X77.873 Y94.858 E414.27276
G1 F842.1 X77.948 Y94.553 E414.2872
G1 F960 X78.015 Y94.197 E414.30181
G1 F926.6 X78.136 Y94.01 E414.31111
G1 F882.4 X78.327 Y93.893 E414.32094
G0 F9000 X78.326 Y93.879
G0 X78.611 Y93.932
G0 X78.995 Y94.522
G0 X79.313 Y94.569
G1 F848.1 X79.245 Y94.569 E414.32405
G1 X79.209 Y94.629 E414.32724
G1 X79.244 Y94.689 E414.33041
G1 X79.313 Y94.689 E414.33356
G1 X79.349 Y94.629 E414.33675
G1 F2700 E407.33675
G0 F9000 X80.01 Y93.638
G0 X80.236 Y92.541
G0 X83.607 Y92.6
G0 X83.925 Y92.697
G0 X84.507 Y92.957
G0 X85.18 Y96.2
G1 F2700 E414.33675
G1 F809.4 X85.211 Y96.446 E414.34861
G0 F9000 X85.18 Y96.2
G1 F879.1 X85.477 Y95.695 E414.37441
G1 F989.7 X85.616 Y95.63 E414.38042
G1 F1023.5 X85.508 Y95.073 E414.40188
G1 F1021.3 X85.427 Y94.78 E414.4134
G1 F1002.1 X85.349 Y94.386 E414.42892
G1 X85.291 Y93.996 E414.44415
G1 X85.197 Y94.425 E414.46112
G1 X85.079 Y94.665 E414.47145
G1 X84.905 Y94.791 E414.47975
G1 F1021.3 X85.059 Y95.182 E414.49568
G1 F1006.3 X85.091 Y95.505 E414.50817
G1 F879.1 X85.18 Y96.2 E414.53903
G0 F9000 X85.461 Y96.562
G0 X86.311 Y96.307
G0 X86.534 Y96.489
G1 F1273.2 X86.671 Y96.369 E414.54456
G1 X86.757 Y96.024 E414.55538
G1 X86.751 Y95.741 E414.56398
G1 X86.733 Y95.514 E414.57091
G1 X86.642 Y95.713 E414.57756
G1 X86.491 Y95.868 E414.58414
G1 X86.326 Y95.932 E414.58952
G1 X86.435 Y96.27 E414.60032
G1 X86.534 Y96.489 E414.60763
G0 F9000 X85.909 Y95.918
;TYPE:WALL-OUTER
G1 F1269.8 X86.025 Y96.005 E414.61205
G1 F1411.8 X86.145 Y96.375 E414.62272
G1 F1500 X86.316 Y96.755 E414.63347
G1 X86.436 Y96.817 E414.63696
G1 X86.58 Y96.813 E414.64068
G1 X86.821 Y96.684 E414.64773
G1 X86.945 Y96.516 E414.65312
G1 X87.026 Y96.295 E414.6592
G1 X87.065 Y96.045 E414.66573
G1 X87.058 Y95.72 E414.67412
G1 X87.03 Y95.336 E414.68405
G1 F1340.8 X87.055 Y95.093 E414.69111
G1 F1078.7 X87.175 Y94.955 E414.69767
G1 X86.96 Y94.964 E414.70539
G1 F1340.8 X86.7 Y95.071 E414.71351
G1 F1500 X86.464 Y95.355 E414.72304
G1 X86.383 Y95.549 E414.72847
G1 F1411.8 X86.197 Y95.661 E414.73442
G1 F1337 X86.003 Y95.63 E414.74011
G1 F1420.1 X85.774 Y94.686 E414.76659
G1 F1500 X85.7 Y94.308 E414.77653
G1 X85.587 Y93.536 E414.79667
G1 X85.483 Y93.456 E414.80006
G1 X85.364 Y93.449 E414.80314
G1 X85.093 Y93.586 E414.81097
G1 X84.959 Y93.839 E414.81836
G1 X84.847 Y94.348 E414.83181
G1 X84.79 Y94.449 E414.83481
G1 F1454.5 X84.644 Y94.513 E414.83905
G1 F1185.2 X84.491 Y94.52 E414.84405
G1 F958.1 X84.396 Y94.457 E414.84866
G1 F1124.1 X84.515 Y94.81 E414.86149
G1 F1500 X84.718 Y95.265 E414.87435
G1 X84.721 Y95.475 E414.87977
G1 X84.766 Y96.261 E414.90009
G1 X84.823 Y96.66 E414.91049
G1 X84.888 Y96.804 E414.91457
G1 X85.004 Y96.891 E414.91831
G1 X85.323 Y96.849 E414.92662
G1 X85.605 Y96.705 E414.93479
G1 X85.645 Y96.598 E414.93774
G1 X85.598 Y96.176 E414.9487
G1 X85.684 Y95.998 E414.9538
G1 F1344.5 X85.909 Y95.918 E414.96067
G1 F2700 E407.96067
G0 F9000 X86.238 Y95.943
G0 X86.834 Y95.232
G0 X87.175 Y94.955
G1 F2700 E414.96067
G1 F989.7 X87.315 Y94.959 E414.96615
G1 X87.619 Y95.151 E414.98022
G1 F995.9 X87.863 Y95.417 E414.99425
G1 F2700 E407.99425
G0 F9000 X85.756 Y95.345
G0 X84.396 Y94.457
G1 F2700 E414.99425
G1 F914.3 X84.207 Y94.16 E415.00916
G1 F893.9 X84.005 Y93.897 E415.02352
G1 F851.1 X83.684 Y93.614 E415.04299
G1 F890.5 X83.246 Y93.513 E415.06253
G0 F9000 X82.716 Y93.82
G0 X82.396 Y94.546
G0 X82.393 Y95.115
G0 X82.8 Y94.926
G1 F1121.5 X83.166 Y95.005 E415.07545
G1 F991.7 X83.356 Y95.111 E415.08395
G1 F887.2 X83.673 Y95.388 E415.10232
G1 F820.5 X83.91 Y95.818 E415.12548
G1 F796 X84.008 Y96.256 E415.14731
G1 F812.2 X83.949 Y96.569 E415.16249
G1 F869.6 X83.808 Y96.749 E415.17267
G1 F956.2 X83.658 Y96.833 E415.17964
G1 F1045.8 X83.493 Y96.846 E415.18576
G1 F1083.5 X83.192 Y96.667 E415.19828
G1 F1081.1 X82.92 Y96.31 E415.21435
G1 F1043.5 X82.774 Y96.052 E415.22535
G1 F991.7 X82.659 Y95.738 E415.2384
G1 F935.7 X82.568 Y95.399 E415.25292
G1 F907.4 X82.534 Y95.026 E415.2689
G1 F1041.2 X82.8 Y94.926 E415.27947
G1 F1048 X82.549 Y94.849 E415.28917
G1 F963.9 X82.536 Y94.702 E415.2951
G1 F1025.6 X82.68 Y94.151 E415.31659
G1 F1106 X82.92 Y93.759 E415.33268
G1 F1108.5 X83.194 Y93.52 E415.34538
G1 F1073.8 X82.963 Y93.55 E415.35378
G1 F1134.8 X82.64 Y93.696 E415.36587
G1 F1173.6 X82.508 Y93.805 E415.37152
G1 F1103.4 X82.302 Y94.106 E415.38432
G1 F1010.5 X82.157 Y94.532 E415.40156
G1 F960 X82.119 Y94.881 E415.41572
G1 F921.3 X82.13 Y95.365 E415.43606
G1 F932 X82.019 Y95.479 E415.44267
G1 F1021.3 X81.781 Y95.484 E415.45169
G1 X82.026 Y95.513 E415.46104
G1 F932 X82.171 Y95.578 E415.46765
G1 F935.7 X82.305 Y95.992 E415.48565
G1 F995.9 X82.508 Y96.383 E415.50278
G1 F1061.9 X82.742 Y96.654 E415.51583
G1 F1100.9 X83.014 Y96.823 E415.52709
G1 F1098.4 X83.3 Y96.875 E415.53734
G1 F1054.9 X83.658 Y96.833 E415.55057
G1 F2700 E408.55057
G0 F9000 X83.033 Y96.685
G0 X82.286 Y95.427
G0 X81.781 Y95.484
G1 F2700 E415.55057
G1 F1083.5 X81.657 Y95.447 E415.55519
G1 F2700 E408.55519
G0 F9000 X81.169 Y95.483
G0 X81.129 Y96.332
G0 X80.999 Y96.899
G0 X80.687 Y96.916
G1 F2700 E415.55519
G1 F1273.2 X80.544 Y96.922 E415.55954
G1 F1240.3 X80.406 Y96.831 E415.5647
G1 F1256.5 X80.305 Y96.533 E415.57439
G1 F1227.6 X80.27 Y96.263 E415.58298
G1 F1311.5 X80.304 Y96.023 E415.59014
G1 F1391.3 X80.454 Y95.684 E415.60045
G1 F1153.8 X80.597 Y95.536 E415.60736
G1 F1081.1 X80.469 Y95.572 E415.61212
G1 F1276.6 X80.247 Y95.7 E415.61989
G1 F1463.4 X80.118 Y95.84 E415.62493
G1 F1340.8 X79.991 Y96.173 E415.63522
G1 F1233.9 X79.573 Y96.088 E415.6486
G1 F1227.6 X79.538 Y95.67 E415.66183
G1 F1297.3 X79.579 Y95.409 E415.66971
G1 F1445.8 X79.653 Y94.796 E415.68625
G1 F1424.3 X79.738 Y94.429 E415.69649
G1 F1197 X79.768 Y94.175 E415.70476
G1 F1103.4 X80.039 Y93.819 E415.72046
G1 F1188.1 X80.288 Y93.774 E415.7287
G1 F1276.6 X80.524 Y94.017 E415.73897
G1 F1293.8 X80.709 Y94.363 E415.75071
G1 F1240.3 X80.831 Y94.698 E415.76184
G1 F1134.8 X80.985 Y95.359 E415.785
G1 F1036.7 X80.843 Y95.477 E415.79189
G1 F1019.1 X80.635 Y95.522 E415.79998
G1 F1027.8 X80.783 Y95.498 E415.80563
G1 F1016.9 X81.012 Y95.615 E415.81542
G1 F1048 X81.021 Y96.172 E415.83599
G1 F1083.5 X80.984 Y96.495 E415.84761
G1 F1129.4 X80.856 Y96.837 E415.86013
G1 F1233.9 X80.687 Y96.916 E415.86598
G0 F9000 X80.519 Y97.227
G1 F1273.2 X80.825 Y97.182 E415.87539
G1 F1280 X81.007 Y97.087 E415.8816
G1 F1203 X81.194 Y96.887 E415.89041
G1 F1113.7 X81.326 Y96.637 E415.90023
G1 F1048 X81.398 Y96.184 E415.91718
G1 F991.7 X81.367 Y95.568 E415.94126
G1 F1000 X81.507 Y95.457 E415.94817
G1 F1057.3 X81.657 Y95.447 E415.95368
G1 F1066.7 X81.35 Y95.377 E415.96511
G1 F1100.9 X81.199 Y94.784 E415.98663
G1 F1191.1 X81.059 Y94.413 E415.99951
G1 F1250 X80.822 Y93.943 E416.01582
G1 F1221.4 X80.564 Y93.576 E416.03004
G1 F1176.5 X80.383 Y93.47 E416.03694
G1 F1179.4 X80.273 Y93.458 E416.04057
G1 F1162.2 X79.884 Y93.536 E416.05379
G1 F1113.7 X79.574 Y93.822 E416.06845
G1 F1081.1 X79.456 Y93.986 E416.07569
G1 F1197 X79.252 Y94.19 E416.08502
G1 F1041.2 X78.916 Y94.306 E416.09823
G1 F800 X78.843 Y94.275 E416.10207
G1 F1008.4 X78.898 Y94.759 E416.12077
G1 F1340.8 X79.226 Y95.699 E416.14952
G1 F1227.6 X79.354 Y96.35 E416.17044
G1 F1486.1 X79.755 Y96.31 E416.18094
G1 F1445.8 X79.97 Y96.361 E416.18686
G1 F1209.1 X80.068 Y96.821 E416.20192
G1 F1218.3 X80.209 Y97.102 E416.21191
G1 F1200 X80.29 Y97.165 E416.21522
G1 F1224.5 X80.519 Y97.227 E416.22272
G1 F2700 E409.22272
G0 F9000 X80.308 Y97.001
G0 X80.106 Y96.3
G0 X78.233 Y96.611
G0 X78.124 Y96.876
G1 F2700 E416.22272
G1 F1500 X78.33 Y96.787 E416.22851
G1 X78.409 Y96.705 E416.23145
G1 X78.329 Y96.21 E416.24439
G1 X78.294 Y95.729 E416.25684
G1 X78.324 Y94.421 E416.29061
G1 X78.39 Y94.304 E416.29408
G1 F991.7 X78.779 Y94.192 E416.30988
G1 X78.744 Y93.808 E416.32493
G1 F1500 X78.672 Y93.644 E416.32955
G1 X78.569 Y93.538 E416.33337
G1 X78.459 Y93.495 E416.33642
G1 X78.263 Y93.498 E416.34148
G1 X78.065 Y93.561 E416.34684
G1 X77.81 Y93.795 E416.35577
G1 X77.648 Y94.111 E416.36494
G1 X77.57 Y94.556 E416.3766
G1 F1307.9 X77.346 Y94.677 E416.38413
G1 F1083.5 X77.217 Y94.655 E416.38881
G1 X77.314 Y94.76 E416.39392
G1 F1307.9 X77.511 Y95.109 E416.40578
G1 F1500 X77.518 Y95.412 E416.4136
G1 X77.551 Y95.904 E416.42633
G1 X77.637 Y96.727 E416.44769
G1 X77.716 Y96.863 E416.45175
G1 X77.818 Y96.905 E416.45459
G1 X78.124 Y96.876 E416.46253
G1 F2700 E409.46253
G0 F9000 X78.06 Y96.623
G0 X77.772 Y96.508
G0 X76.213 Y96.662
G1 F2700 E416.46253
G1 F1162.2 X76.406 Y96.559 E416.46981
G1 F1276.6 X76.606 Y96.367 E416.47822
G1 F1363.6 X76.753 Y96.07 E416.48763
G1 F1344.5 X76.799 Y95.584 E416.50169
G1 F1348.3 X76.795 Y95.293 E416.51004
G1 F1151.1 X76.74 Y95.279 E416.51195
G1 F997.9 X76.688 Y94.828 E416.52956
G1 F1030 X76.737 Y94.671 E416.53575
G1 F1059.6 X76.918 Y94.543 E416.54385
G1 F1050.3 X77.067 Y94.546 E416.54934
G1 F1036.7 X77.169 Y94.61 E416.55383
G1 X77.072 Y94.53 E416.55853
G1 F1052.6 X76.679 Y94.423 E416.57351
G1 F1167.9 X76.481 Y93.968 E416.58996
G1 F1326 X76.315 Y93.737 E416.59827
G1 F1375.4 X76.062 Y93.572 E416.60677
G1 F1391.3 X75.957 Y93.771 E416.61303
G1 F1286.9 X76.183 Y93.997 E416.62264
G1 F1126.8 X76.395 Y94.544 E416.6428
G1 F1030 X76.265 Y94.826 E416.65447
G1 F997.9 X76.286 Y95.004 E416.66143
G1 X76.421 Y95.033 E416.66678
G1 X76.57 Y95.194 E416.67529
G1 X76.588 Y95.28 E416.6787
G1 F1151.1 X76.522 Y95.294 E416.68097
G1 F1387.3 X76.507 Y95.901 E416.69792
G1 F1391.3 X76.41 Y96.276 E416.70869
G1 F1240.3 X76.213 Y96.662 E416.72222
G0 F9000 X76.174 Y96.683
G1 F995.9 X75.941 Y96.806 E416.73246
G1 F1048 X75.854 Y96.822 E416.73573
G1 F1159.4 X75.682 Y96.743 E416.74205
G1 F1375.4 X75.45 Y96.48 E416.75192
G1 F1500 X75.238 Y95.954 E416.76656
G1 X75.163 Y95.618 E416.77545
G1 X75.126 Y95.165 E416.78718
G1 X75.144 Y94.924 E416.79341
G1 F1243.5 X75.097 Y94.654 E416.80195
G1 F1045.8 X75.248 Y94.115 E416.82267
G1 F989.7 X75.471 Y93.744 E416.8396
G1 F916 X75.581 Y93.639 E416.84603
G1 F924.9 X75.372 Y93.701 E416.85515
G1 F1012.7 X75.125 Y93.849 E416.86616
G1 F1059.6 X74.865 Y94.133 E416.88023
G1 F1032.3 X74.742 Y94.453 E416.89309
G1 F1076.2 X74.653 Y94.523 E416.89716
G1 F1185.2 X74.439 Y94.564 E416.90428
G1 F1052.6 X74.232 Y94.495 E416.9123
G1 F1012.7 X74.405 Y94.955 E416.93109
G1 F1280 X74.403 Y95.018 E416.933
G1 F1500 X74.489 Y95.265 E416.93975
G1 X74.524 Y95.695 E416.95089
G1 X74.64 Y96.148 E416.96295
G1 X74.793 Y96.441 E416.97149
G1 X74.965 Y96.672 E416.97892
G1 X75.177 Y96.825 E416.98567
G1 X75.43 Y96.876 E416.99233
G1 F1246.8 X75.854 Y96.822 E417.0056
G1 F2700 E410.0056
G0 F9000 X75.36 Y96.68
G0 X74.562 Y94.809
G0 X74.232 Y94.495
G1 F2700 E417.0056
G1 F926.6 X74.15 Y94.325 E417.01349
G1 F874.3 X73.872 Y93.851 E417.03782
G1 F2700 E410.03782
G0 F9000 X74.957 Y94.199
G0 X75.581 Y93.639
G1 F2700 E417.03782
G1 F860.2 X75.781 Y93.605 E417.04695
G1 F784.3 X76.001 Y93.669 E417.05826
G1 F2700 E410.05826
G0 F9000 X76.366 Y94.068
G0 X76.361 Y94.857
G0 X77.093 Y93.335
G0 X76.648 Y92.871
G0 X76.251 Y92.7
G0 X75.659 Y92.634
G0 X73.43 Y92.623
G0 X72.026 Y93.032
G0 X71.891 Y95.514
G1 F2700 E417.05826
G1 F985.6 X71.996 Y95.765 E417.06895
G1 F961.9 X72.213 Y96.218 E417.08916
G1 F930.2 X72.353 Y96.436 E417.09994
G0 F9000 X72.74 Y96.81
G1 F1500 X72.906 Y96.77 E417.10435
G1 X73.125 Y96.633 E417.11102
G1 X73.276 Y96.431 E417.11753
G1 X73.375 Y96.125 E417.12583
G1 X73.406 Y95.758 E417.13533
G1 X73.359 Y94.53 E417.16705
G1 X73.385 Y93.982 E417.18121
G1 F1450.2 X73.424 Y93.892 E417.18383
G1 F1237.1 X73.657 Y93.769 E417.19208
G1 F1021.3 X73.894 Y93.859 E417.20169
G1 X73.719 Y93.577 E417.21427
G1 F1197 X73.494 Y93.522 E417.22176
G1 F1352.1 X73.203 Y93.567 E417.23019
G1 F1450.2 X72.948 Y93.709 E417.23798
G1 F1500 X72.808 Y93.889 E417.24387
G1 X72.689 Y94.24 E417.25343
G1 X72.669 Y94.446 E417.25878
G1 X72.782 Y95.868 E417.29559
G1 X72.793 Y96.275 E417.3061
G1 X72.709 Y96.41 E417.3102
G1 F1266.5 X72.482 Y96.487 E417.31753
G1 F1006.3 X72.353 Y96.436 E417.32287
G1 F1118.9 X72.568 Y96.766 E417.3365
G1 F1450.2 X72.74 Y96.81 E417.34124
G0 F9000 X71.882 Y96.702
G1 F1269.8 X72.077 Y96.968 E417.35129
G1 F1162.2 X72.271 Y97.296 E417.36399
G1 F1083.5 X72.465 Y97.721 E417.38068
G1 F1004.2 X72.614 Y98.205 E417.4002
G1 F960 X72.675 Y98.538 E417.41386
G1 F919.5 X72.708 Y98.903 E417.42929
G1 F855.6 X72.686 Y99.2 E417.44276
G1 F833.3 X72.617 Y99.371 E417.45133
G1 F882.4 X72.466 Y99.518 E417.46057
G0 F9000 X72.25 Y99.615
G1 F956.2 X72.466 Y99.518 E417.47016
G1 X72.255 Y99.535 E417.47873
G1 F1008.4 X72.084 Y99.431 E417.48642
G1 F1014.8 X71.817 Y98.979 E417.50644
G1 F1203 X71.637 Y98.115 E417.53485
G1 F1500 X71.513 Y97.311 E417.55584
G1 X71.47 Y96.797 E417.56916
G1 X71.541 Y96.666 E417.573
G1 X71.769 Y96.606 E417.57909
G1 X71.523 Y96.356 E417.58814
G1 X71.449 Y96.071 E417.59574
G1 X71.426 Y95.595 E417.60804
G1 X71.495 Y95.468 E417.61177
G1 X71.627 Y95.416 E417.61543
G1 F1263.2 X71.814 Y95.433 E417.62119
G1 F1030 X71.891 Y95.514 E417.62539
G1 F1182.3 X71.804 Y95.118 E417.63866
G1 F1500 X71.623 Y94.422 E417.65722
G1 X71.398 Y93.627 E417.67855
G1 X71.323 Y93.543 E417.68145
G1 X71.123 Y93.537 E417.68662
G1 X70.984 Y93.599 E417.69055
G1 X70.842 Y93.749 E417.69588
G1 X70.764 Y94.099 E417.70513
G1 X70.71 Y94.558 E417.71706
G1 F1459 X70.668 Y95.631 E417.74556
G1 F1243.5 X70.512 Y95.748 E417.75163
G1 X70.677 Y95.86 E417.75784
G1 F1459 X70.708 Y96.327 E417.77026
G1 F1500 X70.756 Y96.799 E417.7825
G1 X70.871 Y97.679 E417.80541
G1 X70.938 Y98.038 E417.81483
G1 X71.196 Y98.814 E417.83594
G1 F1250 X71.404 Y99.103 E417.84697
G1 F1036.7 X71.473 Y99.171 E417.85058
G1 F1025.6 X71.647 Y99.426 E417.86224
G1 F1045.8 X71.863 Y99.59 E417.87228
G1 X72.032 Y99.631 E417.87872
G1 F1019.1 X72.25 Y99.615 E417.88702
G1 F2700 E410.88702
G0 F9000 X71.984 Y99.508
G0 X71.485 Y99.017
G0 X69.358 Y98.921
G0 X69.384 Y99.122
G1 F2700 E417.88702
G1 F1500 X69.496 Y99.036 E417.89066
G1 X69.546 Y98.937 E417.89353
G1 X69.477 Y98.746 E417.89877
G1 X69.259 Y98.519 E417.90689
G1 X69.161 Y98.247 E417.91435
G1 X69.224 Y97.878 E417.92401
G1 X69.323 Y97.443 E417.93553
G1 X69.527 Y96.964 E417.94897
G1 X69.702 Y96.622 E417.95888
G1 X69.845 Y96.294 E417.96812
G1 F1467.9 X70.011 Y95.782 E417.98231
G1 F1269.8 X70.204 Y95.713 E417.98856
G1 X70.059 Y95.57 E417.99477
G1 F1467.9 X70.097 Y95.219 E418.00408
G1 F1500 X70.1 Y94.941 E418.01126
G1 X70.058 Y94.606 E418.01997
G1 X69.983 Y94.34 E418.02711
G1 X69.805 Y93.97 E418.0377
G1 X69.631 Y93.746 E418.04502
G1 X69.363 Y93.526 E418.05397
G1 X68.984 Y93.359 E418.06466
G1 X68.599 Y93.334 E418.07462
G1 F1197 X68.222 Y93.467 E418.08755
G1 F887.2 X68.09 Y93.577 E418.09505
G1 X68.245 Y93.589 E418.10183
G1 F1197 X68.54 Y93.825 E418.11405
G1 F1500 X68.739 Y94.039 E418.12159
G1 X68.977 Y94.4 E418.13275
G1 X69.198 Y94.978 E418.14872
G1 X69.177 Y95.094 E418.15177
G1 F1375.4 X69.075 Y95.219 E418.15631
G1 F1041.2 X68.869 Y95.305 E418.16461
G1 F983.6 X69.195 Y95.543 E418.18049
G1 F1276.6 X69.245 Y95.674 E418.18475
G1 F1500 X69.177 Y96.095 E418.19575
G1 X69.047 Y96.529 E418.20745
G1 X68.705 Y97.4 E418.2316
G1 X68.624 Y97.692 E418.23942
G1 F1280 X68.492 Y97.845 E418.24553
G1 F983.6 X68.321 Y97.863 E418.2523
G1 X68.462 Y98.005 E418.26017
G1 F1280 X68.527 Y98.178 E418.26576
G1 F1500 X68.575 Y98.662 E418.27832
G1 X68.721 Y98.914 E418.28583
G1 X68.898 Y99.102 E418.2925
G1 X69.091 Y99.184 E418.29791
G1 X69.384 Y99.122 E418.30564
G1 F2700 E411.30564
G0 F9000 X69.259 Y98.894
G0 X68.803 Y98.002
G0 X68.321 Y97.863
G1 F2700 E418.30564
G1 F880.7 X68.022 Y97.655 E418.32165
G1 F872.7 X67.678 Y97.374 E418.34136
G1 F842.1 X67.445 Y97.163 E418.35581
G1 F820.5 X67.13 Y96.775 E418.37939
G1 F813.6 X67.026 Y96.519 E418.39254
G1 F820.5 X66.987 Y96.211 E418.40719
G1 F884 X67.026 Y95.901 E418.42087
G1 F995.9 X67.161 Y95.624 E418.43285
G1 F2700 E411.43285
G0 F9000 X69.228 Y95.368
G0 X68.869 Y95.305
G1 F2700 E418.43285
G1 F882.4 X68.624 Y95.162 E418.4453
G1 F863.3 X68.304 Y94.925 E418.46315
G1 F792.1 X68.023 Y94.599 E418.48419
G1 F733.9 X67.865 Y94.308 E418.50166
G1 F736.2 X67.835 Y94.057 E418.51495
G1 F755.9 X67.924 Y93.744 E418.53162
G1 F780.5 X68.09 Y93.577 E418.5433
G1 F2700 E411.5433
G0 F9000 X68.502 Y93.554
G0 X68.884 Y93.9
G0 X69.314 Y94.711
G0 X69.545 Y95.227
G0 X69.796 Y95.608
G0 X70.204 Y95.713
G1 F2700 E418.5433
G1 F1121.5 X70.512 Y95.748 E418.554
G1 F2700 E411.554
G0 F9000 X70.928 Y95.732
G0 X71.539 Y98.621
G0 X71.788 Y99.122
G0 X72.022 Y99.517
G0 X72.121 Y100.561
G0 X72.347 Y103.046
G0 X72.515 Y104.398
;TYPE:WALL-INNER
G1 F2700 E418.554
G1 F904 X72.81 Y104.612 E418.56961
G1 F845.1 X73.127 Y104.935 E418.59034
G1 F855.6 X73.418 Y105.345 E418.61309
G1 F861.8 X73.484 Y105.502 E418.62074
G1 F789.5 X73.521 Y105.758 E418.63342
G1 F848.1 X73.672 Y106.046 E418.64827
G1 F1004.2 X73.702 Y106.129 E418.65167
G1 F2700 E411.65167
G0 F9000 X73.12 Y105.302
G0 X71.294 Y105.234
G0 X71.079 Y105.382
G1 F2700 E418.65167
G1 F763.1 X70.96 Y105.674 E418.66767
G0 F9000 X70.957 Y107.086
G0 X71.006 Y108.971
G0 X71.014 Y108.968
G1 F1027.8 X71.203 Y108.645 E418.68176
G1 X71.381 Y108.538 E418.68959
G1 F1008.4 X71.222 Y108.132 E418.70633
G1 F1064.3 X71.181 Y107.82 E418.71777
G1 F1173.6 X71.088 Y107.256 E418.73663
G1 F1151.1 X71.142 Y106.909 E418.74844
G1 F1073.8 X71.324 Y106.746 E418.75725
G1 F1039 X71.151 Y106.603 E418.76561
G1 F1179.4 X71.075 Y106.293 E418.77609
G1 F1387.3 X71.086 Y106.078 E418.7821
G1 F1280 X70.948 Y105.674 E418.79501
G1 X70.748 Y106.05 E418.80789
G1 F1387.3 X70.723 Y106.298 E418.81485
G1 F1179.4 X70.747 Y106.738 E418.82931
G1 F1069 X70.725 Y106.85 E418.83345
G1 F1145.6 X70.701 Y107.301 E418.84871
G1 F1173.6 X70.769 Y107.881 E418.86798
G1 F1064.3 X70.764 Y108.119 E418.87663
G1 F989.7 X70.696 Y108.227 E418.88163
G1 F1004.2 X70.861 Y108.455 E418.89248
G1 F1023.5 X71.014 Y108.968 E418.91273
G1 F2700 E411.91273
G0 F9000 X71.006 Y108.971
G0 X71.169 Y109.289
G0 X71.612 Y110.254
G0 X72.379 Y110.473
G0 X72.891 Y110.404
G0 X73.383 Y110.226
G0 X76.377 Y108.029
G0 X76.858 Y106.77
G1 F2700 E418.91273
G1 F1030 X76.877 Y106.449 E418.92481
G1 F1233.9 X76.859 Y106.078 E418.93647
G1 F1073.8 X76.781 Y105.449 E418.95932
G1 F2700 E411.95932
G0 F9000 X76.826 Y105.46
G0 X77.002 Y106.03
G0 X78.506 Y106.03
G0 X78.7 Y105.985
G1 F2700 E418.95932
G1 F971.7 X78.781 Y105.712 E418.97067
G1 F1002.1 X78.906 Y105.562 E418.97821
G1 F1008.4 X79.124 Y105.451 E418.9876
G1 F997.9 X79.007 Y105.056 E419.00358
G1 F987.7 X79.019 Y104.806 E419.01339
G1 X79.054 Y104.733 E419.01657
G1 X78.915 Y104.582 E419.02461
G1 X78.858 Y104.44 E419.03061
G1 X78.778 Y104.714 E419.0418
G1 X78.619 Y104.906 E419.05157
G1 X78.462 Y104.964 E419.05813
G1 F983.6 X78.684 Y105.589 E419.08424
G1 F963.9 X78.7 Y105.985 E419.10016
G1 F944.9 X78.7 Y106.537 E419.12277
G1 F848.1 X78.775 Y106.835 E419.1368
G1 F854.1 X78.734 Y107.211 E419.15395
G1 F950.5 X78.756 Y107.631 E419.17108
G1 F937.5 X78.816 Y108.134 E419.192
G1 F961.9 X78.907 Y108.71 E419.21547
G1 F1059.6 X79.006 Y109.154 E419.23209
G1 F1165 X79.09 Y109.389 E419.24038
G1 F2700 E412.24038
G0 F9000 X78.949 Y107.601
G0 X81.082 Y106.937
G0 X81.251 Y105.979
G1 F2700 E419.24038
G1 F1061.9 X81.24 Y105.716 E419.24998
G1 F946.7 X81.206 Y105.382 E419.26371
G1 F845.1 X81.116 Y104.975 E419.2828
G1 F805.4 X80.943 Y104.568 E419.30406
G1 F895.5 X80.802 Y104.4 E419.31354
G0 F9000 X80.021 Y104.156
;TYPE:WALL-OUTER
G1 F928.4 X79.814 Y104.268 E419.32336
G1 F961.9 X79.615 Y104.48 E419.33506
G0 F9000 X79.213 Y104.732
G0 X79.25 Y105.415
G0 X79.571 Y105.859
G1 F884 X79.825 Y106.413 E419.36175
G1 X80.03 Y106.74 E419.37865
G1 F895.5 X80.319 Y107.093 E419.39838
G1 F928.4 X80.519 Y107.244 E419.40883
G1 F1000 X80.689 Y107.274 E419.41551
G0 F9000 X80.957 Y107.232
G1 F1395.3 X81.228 Y107.035 E419.4248
G1 F1500 X81.396 Y106.752 E419.4333
G1 X81.531 Y106.324 E419.44488
G1 X81.581 Y106.015 E419.45296
G1 X81.6 Y105.723 E419.46051
G1 X81.591 Y105.33 E419.47066
G1 X81.527 Y104.881 E419.48237
G1 X81.438 Y104.605 E419.48985
G1 X81.26 Y104.284 E419.49932
G1 X80.952 Y104.065 E419.50908
G1 X80.619 Y103.989 E419.51789
G1 X80.379 Y103.998 E419.52409
G1 F1243.5 X80.117 Y104.098 E419.53282
G1 F1002.1 X80.021 Y104.156 E419.53716
G1 X80.128 Y104.147 E419.5413
G1 F1243.5 X80.286 Y104.261 E419.54737
G1 F1500 X80.501 Y104.597 E419.55767
G1 X80.705 Y105.067 E419.57089
G1 X80.837 Y105.496 E419.58247
G1 X80.911 Y105.918 E419.59353
G1 X80.944 Y106.219 E419.60135
G1 X80.959 Y106.648 E419.61243
G1 F1463.4 X80.892 Y107.065 E419.6236
G1 F1240.3 X80.751 Y107.253 E419.63094
G1 F1064.3 X80.689 Y107.274 E419.63332
G1 F1153.8 X80.957 Y107.232 E419.64242
G0 F9000 X81.121 Y106.867
G0 X79.056 Y106.764
G0 X79.514 Y107.046
G1 F1124.1 X79.756 Y107.446 E419.65852
G1 F973.6 X79.959 Y107.958 E419.68042
G1 F921.3 X80.052 Y108.262 E419.69378
G1 F887.2 X80.124 Y108.575 E419.70779
G1 F823.3 X80.193 Y109.041 E419.72995
G1 F769.2 X80.192 Y109.259 E419.74092
G0 F9000 X79.667 Y109.773
G1 F1500 X79.436 Y109.427 E419.75165
G1 X79.306 Y108.995 E419.7633
G1 X79.127 Y107.581 E419.80008
G1 X79.105 Y107.191 E419.81017
G1 X79.143 Y107.061 E419.81366
G1 F1459 X79.308 Y106.974 E419.81861
G1 F1329.6 X79.514 Y107.046 E419.82497
G1 F1337 X79.332 Y106.817 E419.83344
G1 F1454.5 X79.078 Y106.529 E419.84366
G1 F1476.9 X79.072 Y105.914 E419.85978
G1 F1495.3 X79.163 Y105.816 E419.86324
G1 F1500 X79.304 Y105.773 E419.86705
G1 F1124.1 X79.571 Y105.859 E419.87671
G1 X79.499 Y105.458 E419.89074
G1 F1500 X79.348 Y104.939 E419.90469
G1 F1215.2 X79.615 Y104.48 E419.92161
G1 F1156.6 X79.401 Y104.516 E419.92887
G1 F1411.8 X79.23 Y104.423 E419.93421
G1 F1500 X79.112 Y104.013 E419.94522
G1 X78.707 Y104.038 E419.95569
G1 X78.545 Y104.191 E419.96144
G1 X78.453 Y104.552 E419.97106
G1 X78.396 Y104.62 E419.97335
G1 F1432.8 X78.229 Y104.673 E419.97808
G1 F1246.8 X78.012 Y104.615 E419.98506
G1 F1297.3 X78.076 Y104.964 E419.99565
G1 F1500 X78.327 Y105.652 E420.01455
G1 X78.326 Y106.469 E420.03563
G1 X78.382 Y107.641 E420.06592
G1 X78.444 Y108.203 E420.08051
G1 X78.556 Y108.794 E420.09604
G1 X78.693 Y109.262 E420.10862
G1 X78.851 Y109.652 E420.11948
G1 X79.117 Y109.928 E420.12938
G1 X79.4 Y110.066 E420.1375
G1 X79.63 Y110.096 E420.14349
G1 F1495.3 X79.841 Y110.064 E420.14901
G1 F1467.9 X80.192 Y109.885 E420.15941
G1 F1315.1 X80.276 Y109.59 E420.16844
G1 F926.6 X80.192 Y109.259 E420.1827
G1 F904 X80.091 Y109.524 E420.19485
G1 F1259.8 X79.954 Y109.729 E420.20243
G1 F1454.5 X79.844 Y109.793 E420.20581
G1 F1495.3 X79.667 Y109.773 E420.21043
G1 F2700 E413.21043
G0 F9000 X79.466 Y109.866
G0 X78.589 Y107.932
G0 X77.109 Y107.073
G0 X77.062 Y107.283
G1 F2700 E420.21043
G1 F1500 X77.264 Y107.181 E420.21627
G1 X77.296 Y107.067 E420.21932
G1 X77.244 Y106.782 E420.2268
G1 X77.166 Y106.155 E420.24311
G1 X77.152 Y105.627 E420.25674
G1 X77.162 Y105.475 E420.26067
G1 F1233.9 X77.122 Y105.094 E420.27269
G1 F1073.8 X77.17 Y104.766 E420.28464
G1 F1173.6 X77.288 Y104.335 E420.29938
G1 F1081.1 X77.307 Y104.185 E420.3048
G1 F840.6 X77.431 Y104.053 E420.31314
G1 X77.22 Y104.088 E420.32299
G1 F1052.6 X77.025 Y104.197 E420.33121
G1 F1159.4 X76.884 Y104.506 E420.34255
G1 F1111.1 X76.806 Y104.75 E420.35147
G1 F1098.4 X76.745 Y105.052 E420.36233
G1 F1230.8 X76.45 Y105.151 E420.37212
G1 F1300.8 X76.342 Y105.134 E420.37537
G1 F1256.5 X76.267 Y105.069 E420.37843
G1 F1387.3 X76.477 Y105.746 E420.39821
G1 F1500 X76.547 Y106.045 E420.40614
G1 X76.552 Y106.435 E420.41621
G1 X76.471 Y106.738 E420.4243
G1 F1300.8 X76.236 Y107.117 E420.43757
G1 X76.315 Y107.143 E420.44005
G1 F1500 X76.409 Y107.08 E420.44297
G1 X76.573 Y107.052 E420.44726
G1 X76.664 Y107.103 E420.44995
G1 X76.795 Y107.265 E420.45533
G1 X77.062 Y107.283 E420.46224
G0 F9000 X76.246 Y107.12
G1 F952.4 X76.1 Y107.167 E420.46847
G0 F9000 X75.96 Y107.191
G1 F991.7 X76.1 Y107.167 E420.47402
G1 F1004.2 X75.927 Y107.166 E420.48069
G1 F1045.8 X75.645 Y106.935 E420.49418
G1 F1036.7 X75.448 Y106.629 E420.50777
G1 F973.6 X75.291 Y106.267 E420.52346
G1 F900.6 X75.198 Y105.985 E420.53623
G1 F898.9 X75.125 Y105.456 E420.55923
G1 F933.9 X75.111 Y105.092 E420.57433
G1 F930.2 X75.142 Y104.747 E420.58875
G1 F909.1 X75.262 Y104.195 E420.6128
G1 F829 X75.382 Y104.031 E420.62229
G1 F813.6 X75.674 Y104.035 E420.63619
G1 X75.382 Y104.031 E420.65009
G1 F829 X75.143 Y104.09 E420.66158
G1 F952.4 X74.924 Y104.267 E420.67303
G1 F1012.7 X74.816 Y104.435 E420.68067
G1 F991.7 X74.676 Y104.869 E420.69847
G1 F948.6 X74.693 Y105.525 E420.72525
G1 F897.2 X74.74 Y105.992 E420.7455
G1 F885.6 X74.64 Y106.113 E420.75236
G1 X74.781 Y106.184 E420.75927
G1 F914.3 X75.007 Y106.674 E420.78212
G1 F1008.4 X75.266 Y107.02 E420.79871
G1 F1057.3 X75.516 Y107.136 E420.8088
G1 F1032.3 X75.96 Y107.191 E420.82558
G1 F2700 E413.82558
G0 F9000 X75.564 Y107.023
G0 X74.912 Y106.099
G0 X74.433 Y106.147
G1 F2700 E420.82558
G1 F1071.4 X74.207 Y106.146 E420.83375
G0 F9000 X73.805 Y106.146
G0 X73.603 Y106.747
G0 X73.437 Y107.107
G1 F1215.2 X73.729 Y106.887 E420.84539
G1 F1500 X73.896 Y106.605 E420.85385
G1 F1399.4 X74.051 Y106.227 E420.86515
G1 F1182.3 X74.207 Y106.146 E420.87091
G1 F1218.3 X74.041 Y106.044 E420.8771
G1 F1450.2 X73.923 Y105.516 E420.89155
G1 F1500 X73.724 Y105.083 E420.90385
G1 X73.44 Y104.673 E420.91672
G1 X73.058 Y104.294 E420.93061
G1 X72.588 Y104.011 E420.94477
G1 X72.216 Y103.902 E420.95477
G1 X71.863 Y103.843 E420.96401
G1 X71.515 Y103.847 E420.97299
G1 F1472.4 X71.161 Y103.964 E420.98279
G1 F1129.4 X70.886 Y104.228 E420.99586
G1 F1010.5 X71.034 Y104.181 E421.00181
G1 F1276.6 X71.324 Y104.231 E421.01074
G1 F1500 X71.748 Y104.36 E421.02217
G1 X72.153 Y104.58 E421.03407
G1 X72.464 Y104.829 E421.04435
G1 X72.799 Y105.175 E421.05678
G1 X73.068 Y105.529 E421.06826
G1 X73.086 Y105.665 E421.0718
G1 F1407.6 X73.006 Y105.816 E421.0765
G1 F1106 X72.812 Y105.931 E421.08439
G1 F1045.8 X73.296 Y106.149 E421.10405
G1 F1311.5 X73.359 Y106.219 E421.10683
G1 F1415.9 X73.434 Y106.625 E421.11811
G1 F1243.5 X73.387 Y107.033 E421.1309
G1 F997.9 X73.302 Y107.146 E421.13639
G1 F943 X73.437 Y107.107 E421.14215
G0 F9000 X73.603 Y106.747
G0 X73.276 Y105.898
G0 X72.812 Y105.931
G1 F941.2 X72.34 Y105.781 E421.16253
G1 F939.3 X72.07 Y105.675 E421.17448
G1 F917.8 X71.693 Y105.504 E421.19194
G0 F9000 X71.146 Y105.478
G0 X70.977 Y105.092
G0 X70.784 Y104.675
G1 F746.5 X70.749 Y104.543 E421.19903
G1 F802.7 X70.794 Y104.353 E421.20844
G1 F890.5 X70.886 Y104.228 E421.21519
G1 F2700 E414.21519
G0 F9000 X71.438 Y104.069
G0 X70.463 Y103.356
G0 X70.213 Y103.599
G0 X68.788 Y105.393
G0 X69.172 Y106.244
G1 F2700 E421.21519
G1 F1027.8 X69.069 Y106.467 E421.22444
G1 F930.2 X69.004 Y106.778 E421.23767
G1 F892.2 X69.039 Y107.035 E421.24892
G1 F863.3 X69.183 Y107.316 E421.26308
G1 X69.408 Y107.614 E421.27983
G1 F923.1 X69.798 Y107.942 E421.3012
G1 F969.7 X70.092 Y108.16 E421.31581
G1 F2700 E414.31581
G0 F9000 X70.545 Y108.277
G0 X71.2 Y109.181
G0 X71.876 Y108.9
G1 F2700 E421.31581
G1 F774.2 X72.11 Y109.249 E421.33682
G1 F740.7 X72.251 Y109.365 E421.34637
G1 F755.9 X72.476 Y109.471 E421.35911
G1 F801.3 X72.721 Y109.459 E421.37096
G0 F9000 X72.992 Y109.382
G1 F1069 X73.196 Y109.195 E421.38098
G1 F1124.1 X73.266 Y109.072 E421.38585
G1 F1093.4 X73.284 Y108.789 E421.39589
G1 F1061.9 X73.21 Y108.477 E421.40758
G1 F1100.9 X73.013 Y108.104 E421.42242
G1 F1159.4 X72.68 Y107.646 E421.44133
G1 F1036.7 X72.645 Y107.431 E421.44946
G1 F926.6 X72.84 Y107.279 E421.45979
G1 F910.8 X73.114 Y107.229 E421.47163
G1 F882.4 X73.259 Y107.165 E421.47858
G1 F895.5 X72.907 Y107.201 E421.49388
G1 F924.9 X72.647 Y107.161 E421.50489
G1 F948.6 X72.211 Y107.014 E421.52367
G1 F1111.1 X71.979 Y106.799 E421.53469
G1 F1348.3 X71.775 Y106.654 E421.54188
G1 F1450.2 X71.417 Y106.373 E421.55403
G1 F1500 X71.369 Y106.263 E421.55712
G1 X71.392 Y105.728 E421.57095
G1 F1395.3 X71.482 Y105.568 E421.57604
G1 F1126.8 X71.599 Y105.503 E421.58064
G1 F939.3 X71.693 Y105.504 E421.58451
G1 F993.8 X71.47 Y105.236 E421.59809
G1 F1283.4 X71.444 Y104.857 E421.60955
G1 F1500 X71.357 Y104.816 E421.61204
G1 F1256.5 X70.968 Y104.818 E421.62402
G1 F877.5 X70.784 Y104.675 E421.6343
G1 F930.2 X70.795 Y104.999 E421.6478
G1 F1367.5 X70.593 Y105.369 E421.65973
G1 F1500 X70.494 Y105.732 E421.66944
G1 X70.428 Y106.276 E421.68358
G1 X70.387 Y106.84 E421.69818
G1 X70.395 Y107.401 E421.71266
G1 X70.447 Y107.975 E421.72754
G1 F1391.3 X70.302 Y108.124 E421.73332
G1 F1111.1 X70.092 Y108.16 E421.74074
G1 F1066.7 X70.438 Y108.465 E421.75749
G1 F1322.3 X70.547 Y108.643 E421.7636
G1 F1500 X70.681 Y109.088 E421.77559
G1 X70.865 Y109.382 E421.78454
G1 X71.092 Y109.509 E421.79126
G1 X71.309 Y109.435 E421.79717
G1 X71.389 Y109.307 E421.80107
G1 X71.376 Y109.014 E421.80864
G1 X71.438 Y108.908 E421.81181
G1 X71.598 Y108.838 E421.81632
G1 X71.795 Y108.934 E421.82197
G1 X71.947 Y108.843 E421.82654
G1 X71.739 Y108.488 E421.83716
G1 X71.567 Y108.021 E421.85001
G1 X71.472 Y107.627 E421.86047
G1 X71.406 Y107.224 E421.87101
G1 X71.476 Y107.067 E421.87545
G1 F1454.5 X71.652 Y106.985 E421.88061
G1 F1359.8 X71.771 Y107.006 E421.88405
G1 F1086 X72.142 Y107.28 E421.9005
G1 F926.6 X72.274 Y107.458 E421.90976
G1 F993.8 X72.422 Y107.793 E421.92402
G1 F1132.1 X72.649 Y108.141 E421.93823
G1 F1159.4 X72.788 Y108.416 E421.94852
G1 F1095.9 X72.894 Y108.722 E421.95996
G1 F1098.4 X72.919 Y109.072 E421.97233
G1 F1069 X72.87 Y109.282 E421.98014
G1 F926.6 X72.721 Y109.459 E421.9898
G1 X72.992 Y109.382 E422.00157
G1 F2700 E415.00157
G0 F9000 X73.025 Y109.177
G0 X72.908 Y108.179
G0 X73.924 Y107.875
G0 X75.674 Y108.112
G0 X76.377 Y108.029
G0 X76.256 Y105.06
G1 F2700 E422.00157
G1 F1121.5 X76.146 Y104.776 E422.01209
G1 F1069 X75.995 Y104.458 E422.02484
G1 F961.9 X75.821 Y104.171 E422.03835
G1 F884 X75.674 Y104.035 E422.04712
G1 F830.4 X75.509 Y104.006 E422.05493
G1 F784.3 X75.382 Y104.031 E422.06132
G1 F2700 E415.06132
G0 F9000 X75.152 Y104.206
G0 X77.006 Y104.542
G0 X77.431 Y104.053
G1 F2700 E422.06132
G1 F757.1 X77.583 Y104.034 E422.06915
G1 F776.7 X77.714 Y104.079 E422.07605
G1 F839.2 X77.852 Y104.23 E422.08549
G1 F905.7 X78.002 Y104.607 E422.10283
G1 F2700 E415.10283
G0 F9000 X78.311 Y104.972
G0 X79.287 Y104.703
G0 X79.63 Y103.337
G0 X80.283 Y103.133
G0 X80.707 Y103.122
G0 X81.253 Y103.247
G0 X81.81 Y103.624
G0 X82.745 Y104.396
;TYPE:WALL-INNER
G1 F2700 E422.10283
G1 F1064.3 X82.646 Y104.722 E422.11523
G1 F971.7 X82.582 Y105.243 E422.13614
G1 F914.3 X82.573 Y105.606 E422.15152
G1 F875.9 X82.581 Y106.075 E422.17225
G1 F874.3 X82.61 Y106.548 E422.19323
G1 F902.3 X82.652 Y106.938 E422.21007
G1 F2700 E415.21007
G0 F9000 X82.816 Y106.045
G0 X84.297 Y105.954
G0 X84.587 Y105.994
G1 F2700 E422.21007
G1 F948.6 X84.761 Y105.594 E422.22787
G1 F1073.8 X84.845 Y105.237 E422.24109
G1 F1027.8 X84.798 Y105.003 E422.25008
G1 F1137.4 X84.804 Y104.562 E422.26509
G1 F1045.8 X84.777 Y104.276 E422.27573
G1 F863.3 X84.709 Y104.039 E422.28678
G1 F866.4 X84.77 Y103.707 E422.30187
G1 F971.7 X84.703 Y103.097 E422.32632
G1 F977.6 X84.594 Y102.609 E422.34612
G1 F1050.3 X84.447 Y102.231 E422.36107
G1 F1176.5 X84.346 Y102.057 E422.36769
G0 F9000 X83.686 Y101.432
G0 X83.217 Y101.296
;TYPE:WALL-OUTER
G1 F921.3 X82.942 Y101.308 E422.37926
G1 F875.9 X82.722 Y101.503 E422.39225
G1 F784.3 X82.622 Y101.802 E422.40781
G1 F747.7 X82.637 Y102.082 E422.42233
G1 F772.9 X82.707 Y102.338 E422.43563
G1 F837.7 X82.829 Y102.562 E422.44741
G1 F888.9 X83.083 Y102.928 E422.46682
G1 F921.3 X83.483 Y103.376 E422.49206
G1 F944.9 X84.017 Y103.899 E422.52268
G0 F9000 X83.527 Y104.495
G1 F932 X83.884 Y105.275 E422.55831
G1 F1021.3 X83.995 Y105.541 E422.56924
G0 F9000 X84.366 Y105.994
G0 X84.643 Y105.912
G0 X84.896 Y105.306
G0 X85.493 Y105.478
G1 F1076.2 X85.767 Y105.842 E422.58563
G1 F1098.4 X85.889 Y106.03 E422.59353
G1 F2700 E415.59353
G0 F9000 X84.858 Y105.904
G0 X84.577 Y107.127
G1 F2700 E422.59353
G1 F1500 X84.783 Y107.01 E422.59964
G1 X84.906 Y106.75 E422.60707
G1 X84.98 Y106.372 E422.61701
G1 X85.084 Y105.554 E422.63829
G1 X85.138 Y105.473 E422.6408
G1 F1420.1 X85.285 Y105.405 E422.64522
G1 F1206 X85.493 Y105.478 E422.65229
G1 X85.342 Y105.257 E422.66089
G1 F1383.3 X85.123 Y104.986 E422.67064
G1 F1459 X85.146 Y104.302 E422.6888
G1 F1500 X85.122 Y103.601 E422.7069
G1 X85.067 Y103.037 E422.72153
G1 X84.938 Y102.489 E422.73606
G1 X84.735 Y102.062 E422.74826
G1 F1407.6 X84.505 Y101.78 E422.75827
G1 F1142.9 X84.247 Y101.6 E422.76893
G1 F1010.5 X84.172 Y101.518 E422.77318
G1 F1014.8 X83.884 Y101.369 E422.78555
G1 X83.618 Y101.303 E422.79601
G1 F954.3 X83.217 Y101.296 E422.81228
G1 F946.7 X83.509 Y101.416 E422.82519
G1 F1000 X83.907 Y101.779 E422.84605
G1 F1076.2 X84.027 Y102.016 E422.8556
G1 F1307.9 X84.246 Y102.711 E422.87717
G1 F1500 X84.31 Y102.979 E422.88428
G1 X84.36 Y103.267 E422.89183
G1 X84.4 Y103.697 E422.90297
G1 X84.353 Y103.801 E422.90592
G1 F1424.3 X84.248 Y103.88 E422.90949
G1 F1121.5 X84.017 Y103.899 E422.91749
G1 F1156.6 X84.237 Y104.172 E422.92923
G1 F1481.5 X84.388 Y104.321 E422.93477
G1 F1500 X84.473 Y104.561 E422.94134
G1 X84.469 Y105.494 E422.96542
G1 X84.369 Y105.618 E422.96953
G1 X84.244 Y105.652 E422.97288
G1 F1297.3 X84.07 Y105.628 E422.97812
G1 F1083.5 X83.995 Y105.541 E422.98222
G1 F1221.4 X84.095 Y105.902 E422.9941
G1 F1500 X84.271 Y106.438 E423.00866
G1 X84.308 Y106.606 E423.0131
G1 X84.45 Y107.11 E423.02661
G1 X84.577 Y107.127 E423.02992
G1 F2700 E416.02992
G0 F9000 X84.607 Y106.855
G0 X84.48 Y106.557
G0 X82.852 Y106.681
G0 X82.757 Y107.329
G1 F2700 E423.02992
G1 F1500 X83.012 Y107.247 E423.03683
G1 X83.05 Y107.168 E423.0391
G1 X82.984 Y106.294 E423.06172
G1 X82.955 Y105.266 E423.08826
G1 X83.021 Y104.599 E423.10556
G1 X83.074 Y104.499 E423.10848
G1 F1467.9 X83.271 Y104.422 E423.11406
G1 F1078.7 X83.527 Y104.495 E423.12361
G1 F960 X83.424 Y104.116 E423.13945
G1 F1256.5 X83.283 Y104.001 E423.14506
G1 F1500 X83.02 Y103.95 E423.15197
G1 X82.689 Y104.013 E423.16067
G1 X82.468 Y104.195 E423.16806
G1 X82.281 Y104.67 E423.18124
G1 X82.21 Y105.215 E423.19542
G1 X82.182 Y105.593 E423.2052
G1 X82.186 Y106.101 E423.21832
G1 X82.22 Y106.588 E423.23092
G1 X82.31 Y107.233 E423.24772
G1 X82.436 Y107.298 E423.25138
G1 X82.757 Y107.329 E423.25971
G1 F2700 E416.25971
G0 F9000 X82.73 Y107.069
G0 X82.805 Y106.309
G0 X83.782 Y107.598
G0 X84.022 Y107.923
G0 X84.676 Y108.01
G0 X127.831 Y96.867
G0 X129.061 Y96.594
;TYPE:WALL-INNER
G1 F2700 E423.25971
G1 F852.6 X129.214 Y97.01 E423.27983
G1 F849.6 X129.316 Y97.179 E423.28883
G1 F2700 E416.28883
G0 F9000 X129.88 Y97.575
G0 X130.903 Y97.818
G0 X131.264 Y99.125
G1 F2700 E423.28883
G1 F1428.6 X131.193 Y98.836 E423.29689
G1 F1415.9 X131.226 Y98.337 E423.31057
G1 F1391.3 X131.387 Y97.874 E423.32421
G1 F1348.3 X131.63 Y97.49 E423.33726
G1 F1307.9 X131.784 Y97.283 E423.34489
G1 F1318.7 X131.948 Y97.019 E423.35402
G1 F1407.6 X132.048 Y96.67 E423.364
G1 F1486.1 X132.054 Y96.375 E423.37169
G1 X131.925 Y96 E423.38202
G1 X131.861 Y95.912 E423.38486
G1 X131.855 Y96.24 E423.3934
G1 F1445.8 X131.678 Y96.78 E423.40862
G1 F1359.8 X131.237 Y97.426 E423.43089
G1 F1326 X131.044 Y97.751 E423.44193
G1 F1379.3 X130.939 Y98.156 E423.45367
G1 F1428.6 X130.973 Y98.508 E423.46325
G1 X131.094 Y98.86 E423.47334
G1 X131.264 Y99.125 E423.48187
G1 F2700 E416.48187
G0 F9000 X131.335 Y98.38
G0 X132.485 Y98.192
G0 X132.949 Y98.507
G1 F2700 E423.48187
G1 F1036.7 X133.09 Y98.82 E423.49469
G1 F2700 E416.49469
G0 F9000 X133.915 Y98.941
G0 X135.398 Y99.116
G1 F2700 E423.49469
G1 F843.6 X135.326 Y98.805 E423.50934
G1 F921.3 X135.114 Y98.4 E423.52855
G1 F895.5 X134.609 Y97.347 E423.57904
G1 F806.7 X134.506 Y97.017 E423.59563
G1 F790.8 X134.315 Y96.738 E423.61218
G1 F760.7 X134.135 Y96.502 E423.62729
G1 F757.1 X134.067 Y96.218 E423.64222
G1 F834.8 X133.65 Y95.332 E423.68763
G1 F2700 E416.68763
G0 F9000 X134.266 Y96.108
G0 X135.833 Y95.481
G0 X136.041 Y95.276
G1 F2700 E423.68763
G1 F788.2 X136.071 Y95.397 E423.69376
G1 F796 X136.173 Y95.648 E423.70694
G1 F813.6 X136.52 Y96.391 E423.74596
G1 F768 X136.571 Y96.577 E423.75568
G1 F772.9 X136.731 Y96.829 E423.77063
G1 F840.6 X137.848 Y99.174 E423.89026
G0 F9000 X138.506 Y99.633
;TYPE:WALL-OUTER
G1 F1500 X136.547 Y95.472 E424.00896
G1 X136.423 Y95.09 E424.01932
G1 X136.437 Y94.901 E424.02421
G1 X136.151 Y94.846 E424.03173
G1 X135.838 Y94.872 E424.03984
G1 X135.64 Y95.043 E424.04659
G1 X135.599 Y95.185 E424.0504
G1 X135.658 Y95.527 E424.05936
G1 X136.117 Y96.502 E424.08718
G1 F1297.3 X136.103 Y96.702 E424.09316
G1 F995.9 X135.968 Y96.825 E424.10026
G1 X136.179 Y96.863 E424.10859
G1 F1297.3 X136.36 Y97.008 E424.11551
G1 F1500 X137.593 Y99.562 E424.18871
G1 X138.244 Y99.594 E424.20554
G1 X138.506 Y99.633 E424.21237
G1 F2700 E417.21237
G0 F9000 X138.154 Y99.379
G0 X137.163 Y98.308
G0 X135.653 Y99.019
G0 X134.798 Y99.283
G1 F2700 E424.21237
G1 F1137.4 X134.507 Y99.224 E424.22248
G1 F1337 X134.311 Y98.952 E424.23219
G1 F1399.4 X134.095 Y98.766 E424.24007
G1 F1307.9 X133.915 Y98.579 E424.24775
G1 F1036.7 X133.612 Y98.898 E424.26418
G1 X133.744 Y99.051 E424.27173
G1 F1399.4 X133.839 Y99.327 E424.27981
G1 F1266.5 X134.1 Y99.53 E424.28991
G1 F1050.3 X134.394 Y99.6 E424.30105
G1 F1041.2 X134.679 Y99.652 E424.31183
G1 F1142.9 X135.008 Y99.662 E424.32298
G1 F1344.5 X135.419 Y99.585 E424.33502
G1 F1500 X135.774 Y99.415 E424.34517
G1 X135.952 Y99.279 E424.35096
G1 X134.963 Y97.181 E424.41082
G1 F1379.3 X134.968 Y96.964 E424.41691
G1 F989.7 X135.145 Y96.798 E424.42641
G1 X134.846 Y96.7 E424.43871
G1 F1379.3 X134.698 Y96.598 E424.44376
G1 F1500 X133.914 Y94.935 E424.49121
G1 X133.453 Y94.913 E424.50312
G1 X132.979 Y94.843 E424.51549
G1 X133.192 Y95.32 E424.52897
G1 X133.673 Y96.325 E424.55773
G1 F1476.9 X133.641 Y96.506 E424.56255
G1 F1391.3 X133.517 Y96.596 E424.56681
G1 F1333.3 X133.299 Y96.588 E424.57315
G1 X133.087 Y96.874 E424.58348
G1 X133.541 Y96.875 E424.59666
G1 F1371.4 X133.893 Y96.893 E424.60661
G1 F1454.5 X133.99 Y96.976 E424.61001
G1 F1500 X134.781 Y98.591 E424.65643
G1 X134.973 Y98.934 E424.66657
G1 F1441.4 X134.927 Y99.141 E424.67227
G1 F1209.1 X134.798 Y99.283 E424.67841
G1 F2700 E417.67841
G0 F9000 X134.659 Y99.513
G0 X133.946 Y99.144
G0 X133.197 Y98.893
G0 X132.631 Y99.579
G1 F2700 E424.67841
G1 F960 X132.365 Y99.68 E424.68988
G1 F969.7 X132.095 Y99.667 E424.70068
G0 F9000 X131.678 Y99.668
G1 F1315.1 X132.059 Y99.671 E424.71189
G1 F1240.3 X131.625 Y99.307 E424.72957
G1 F1403.5 X131.479 Y98.848 E424.74286
G1 F1500 X131.512 Y98.387 E424.75479
G1 X131.654 Y98.019 E424.76497
G1 X131.885 Y97.653 E424.77614
G1 X132.031 Y97.462 E424.78235
G1 X132.229 Y97.134 E424.79223
G1 X132.329 Y96.705 E424.8036
G1 X132.337 Y96.33 E424.81328
G1 X132.176 Y95.868 E424.82591
G1 X131.91 Y95.505 E424.83753
G1 F1315.1 X131.648 Y95.29 E424.8475
G1 F943 X131.385 Y95.192 E424.85903
G1 X131.476 Y95.456 E424.87049
G1 F1315.1 X131.583 Y95.702 E424.87839
G1 F1500 X131.574 Y96.194 E424.89109
G1 X131.44 Y96.592 E424.90193
G1 X130.985 Y97.258 E424.92275
G1 X130.827 Y97.53 E424.93086
G1 X130.733 Y97.762 E424.93733
G1 X130.647 Y98.137 E424.94725
G1 X130.69 Y98.57 E424.95849
G1 X130.833 Y98.987 E424.96986
G1 X131.019 Y99.277 E424.97876
G1 X131.291 Y99.503 E424.98788
G1 X131.678 Y99.668 E424.99874
G0 F9000 X132.631 Y99.579
G1 F1023.5 X132.801 Y99.544 E425.00531
G1 F1283.4 X133.097 Y99.408 E425.01513
G1 F1500 X133.377 Y99.029 E425.0273
G1 F1276.6 X133.415 Y98.954 E425.02984
G1 F973.6 X133.572 Y98.893 E425.03654
G1 X133.441 Y98.787 E425.04324
G1 F1276.6 X133.428 Y98.705 E425.04576
G1 F1500 X133.237 Y98.304 E425.05722
G1 X132.98 Y98.045 E425.06664
G1 X132.759 Y97.958 E425.07277
G1 X132.464 Y97.997 E425.08045
G1 X132.297 Y98.117 E425.08576
G1 X132.248 Y98.232 E425.08899
G1 X132.442 Y98.371 E425.09515
G1 X132.73 Y98.81 E425.1087
G1 X132.776 Y99.256 E425.12027
G1 F1283.4 X132.724 Y99.461 E425.12665
G1 F1023.5 X132.631 Y99.579 E425.13233
G1 F2700 E418.13233
G0 F9000 X132.988 Y99.223
G0 X133.456 Y100.199
G0 X133.154 Y100.373
G0 X132.525 Y100.587
G0 X131.779 Y100.578
G0 X131.374 Y100.484
G0 X130.835 Y100.248
G0 X130.339 Y99.829
G0 X130.076 Y99.41
G0 X129.836 Y98.617
G0 X129.907 Y97.749
G1 F2700 E425.13233
G1 F1500 X130.064 Y97.68 E425.13676
G1 X130.157 Y97.588 E425.14013
G1 X129.994 Y97.451 E425.14563
G1 X129.798 Y97.213 E425.15359
G1 X129.584 Y96.845 E425.16458
G1 X129.442 Y96.484 E425.17459
G1 X129.37 Y96.16 E425.18315
G1 X129.38 Y95.809 E425.19222
G1 F1233.9 X129.549 Y95.189 E425.21238
G1 F1132.1 X129.235 Y95.297 E425.22373
G1 F1352.1 X128.946 Y95.571 E425.23514
G1 F1500 X128.728 Y95.936 E425.24611
G1 X128.657 Y96.337 E425.25662
G1 X128.665 Y96.65 E425.2647
G1 X128.745 Y96.952 E425.27277
G1 X128.856 Y97.204 E425.27987
G1 X129.069 Y97.529 E425.2899
G1 X129.46 Y97.747 E425.30146
G1 X129.668 Y97.778 E425.30688
G1 X129.907 Y97.749 E425.3131
G1 F2700 E418.3131
G0 F9000 X129.789 Y97.534
G0 X129.414 Y96.951
G0 X129.166 Y96.152
G0 X129.214 Y95.784
G0 X129.289 Y95.484
G0 X129.575 Y95.18
G1 F2700 E425.3131
G1 F912.5 X129.986 Y94.941 E425.33327
G1 F1103.4 X130.41 Y94.874 E425.34833
G1 F1118.9 X130.912 Y94.933 E425.36582
G1 F914.3 X131.328 Y95.151 E425.38571
G1 F789.5 X131.385 Y95.192 E425.38915
G1 F2700 E418.38915
G0 F9000 X131.673 Y95.504
G0 X132.158 Y96.367
G0 X133.567 Y95.689
G0 X135.145 Y96.798
G1 F2700 E425.38915
G1 F843.6 X135.968 Y96.825 E425.42694
G1 F2700 E418.42694
G0 F9000 X136.45 Y96.598
G0 X136.997 Y96.801
G0 X137.885 Y96.6
G0 X138.074 Y96.295
;TYPE:WALL-INNER
G1 F2700 E425.42694
G1 F792.1 X138.203 Y96.755 E425.45029
G1 F746.5 X138.324 Y97.089 E425.46871
G1 F745.3 X138.588 Y97.674 E425.50205
G1 F790.8 X138.886 Y98.192 E425.53131
G1 F890.5 X139.097 Y98.498 E425.54747
G1 F2700 E418.54747
G0 F9000 X139.535 Y98.834
G0 X141.286 Y98.31
G0 X141.502 Y98.064
G1 F2700 E425.54747
G1 F764.3 X141.543 Y98.227 E425.55598
G1 F813.6 X141.597 Y98.534 E425.57081
G0 F9000 X141.521 Y98.063
G1 F1297.3 X141.534 Y97.619 E425.58407
G1 F1445.8 X141.262 Y96.981 E425.60264
G1 F993.8 X140.917 Y96.689 E425.62025
G1 X140.952 Y97.111 E425.63675
G1 F1454.5 X141.164 Y97.578 E425.6504
G1 F1450.2 X141.225 Y97.742 E425.65507
G1 F1297.3 X141.521 Y98.063 E425.6681
G0 F9000 X140.917 Y96.689
G1 F776.7 X140.777 Y96.446 E425.68208
G1 F866.4 X140.504 Y96.045 E425.70375
G1 F2700 E418.70375
G0 F9000 X139.726 Y95.276
G0 X139.129 Y94.978
;TYPE:WALL-OUTER
G1 F2700 E425.70375
G1 F997.9 X139.041 Y94.956 E425.70727
G1 F1030 X138.676 Y94.94 E425.72101
G1 F1043.5 X138.617 Y94.947 E425.72321
G1 F2700 E418.72321
G0 F9000 X138.166 Y95.298
G0 X138.331 Y96.415
G0 X138.978 Y97.925
G0 X139.655 Y98.995
G0 X139.878 Y99.284
G0 X140.277 Y99.619
G1 F2700 E425.72321
G1 F1273.2 X140.526 Y99.614 E425.73078
G1 F1337 X140.194 Y99.343 E425.74319
G1 F1500 X139.949 Y99.099 E425.75212
G1 X139.676 Y98.726 E425.76405
G1 X139.387 Y98.267 E425.77805
G1 X138.97 Y97.461 E425.80147
G1 X138.669 Y96.763 E425.82109
G1 X138.517 Y96.345 E425.83257
G1 X138.422 Y96.032 E425.84101
G1 X138.322 Y95.539 E425.85399
G1 X138.372 Y95.233 E425.86199
G1 F1300.8 X138.526 Y95.013 E425.86999
G1 F1090.9 X138.617 Y94.947 E425.87398
G1 F1188.1 X138.292 Y94.994 E425.88468
G1 F1441.4 X138.137 Y95.064 E425.88924
G1 F1500 X137.905 Y95.276 E425.89736
G1 X137.749 Y95.56 E425.90572
G1 X137.669 Y95.924 E425.91534
G1 X137.664 Y96.337 E425.926
G1 X137.783 Y96.87 E425.94009
G1 X137.914 Y97.265 E425.95083
G1 X138.056 Y97.592 E425.96004
G1 X138.232 Y97.933 E425.96994
G1 X138.557 Y98.439 E425.98546
G1 X138.83 Y98.752 E425.99618
G1 X139.093 Y99.006 E426.00562
G1 X139.488 Y99.289 E426.01816
G1 X139.788 Y99.442 E426.02685
G1 F1424.3 X140.277 Y99.619 E426.04099
G0 F9000 X140.55 Y99.613
G1 F1014.8 X140.973 Y99.626 E426.05713
G1 F1129.4 X141.199 Y99.606 E426.06491
G1 F1367.5 X141.496 Y99.499 E426.07385
G1 F1500 X141.736 Y99.295 E426.08198
G1 X141.924 Y98.989 E426.09125
G1 X142 Y98.552 E426.10269
G1 X141.969 Y98.167 E426.11266
G1 F1504.7 X141.896 Y97.799 E426.12232
G1 X141.813 Y97.546 E426.12917
G1 X141.57 Y96.97 E426.14525
G1 F1500 X141.456 Y96.745 E426.15176
G1 X141.275 Y96.434 E426.16105
G1 X141.11 Y96.19 E426.16865
G1 X140.951 Y95.982 E426.17541
G1 X140.775 Y95.787 E426.18219
G1 X140.577 Y95.592 E426.18936
G1 X140.3 Y95.371 E426.19851
G1 X140.006 Y95.201 E426.20727
G1 F1459 X139.491 Y94.987 E426.22207
G1 F1162.2 X139.129 Y94.978 E426.23413
G1 F1116.3 X139.346 Y95.136 E426.24344
G1 F1387.3 X139.706 Y95.516 E426.25805
G1 F1500 X140.003 Y95.94 E426.27141
G1 X140.22 Y96.297 E426.28219
G1 X140.374 Y96.576 E426.29042
G1 X140.648 Y97.132 E426.30642
G1 X140.901 Y97.695 E426.32235
G1 F1504.7 X141.05 Y98.084 E426.33307
G1 X141.197 Y98.571 E426.34615
G1 F1500 X141.284 Y98.992 E426.35725
G1 X141.233 Y99.316 E426.36572
G1 F1307.9 X141.083 Y99.551 E426.37397
G1 F1088.4 X140.973 Y99.626 E426.3787
G1 F2700 E419.3787
G0 F9000 X141.446 Y99.294
G0 X141.753 Y98.928
G0 X143.86 Y99.521
G0 X143.818 Y99.396
;TYPE:WALL-INNER
G1 F2700 E426.3787
G1 F1486.1 X144.029 Y99.386 E426.38421
G1 F1509.4 X144.45 Y99.228 E426.39574
G1 F1445.8 X144.005 Y98.734 E426.41354
G1 F1411.8 X144.045 Y98.869 E426.4174
G1 F1472.4 X144.024 Y99.115 E426.4239
G1 F1486.1 X143.935 Y99.302 E426.42929
G1 F1463.4 X143.818 Y99.396 E426.43326
G0 F9000 X144.005 Y98.734
G1 F1399.4 X143.955 Y98.665 E426.43562
G1 F1318.7 X143.642 Y98.304 E426.44965
G1 F1156.6 X143.326 Y97.896 E426.46692
G1 F1032.3 X143.087 Y97.547 E426.48279
G1 F973.6 X142.929 Y97.297 E426.49455
G1 F924.9 X142.682 Y96.834 E426.51651
G1 F875.9 X142.519 Y96.463 E426.53442
G1 F860.2 X142.37 Y96.024 E426.55529
G1 F866.4 X142.308 Y95.658 E426.57187
G1 F892.2 X142.334 Y95.39 E426.58356
G1 F2700 E419.58356
G0 F9000 X142.597 Y96.01
G0 X144.095 Y95.908
G0 X144.641 Y96.312
G1 F2700 E426.58356
G1 F989.7 X144.603 Y95.877 E426.60064
G1 F1437.1 X144.457 Y95.57 E426.6098
G1 X144.331 Y95.834 E426.61768
G1 X144.23 Y95.905 E426.621
G1 X144.308 Y96.031 E426.625
G1 F989.7 X144.641 Y96.312 E426.64204
G1 F778 X145.293 Y97.652 E426.7162
G1 F827.6 X145.946 Y98.993 E426.78597
G1 F2700 E419.78597
G0 F9000 X146.267 Y99.108
G0 X147.558 Y98.665
G0 X147.762 Y98.404
G1 F2700 E426.78597
G1 F785.6 X147.6 Y98.055 E426.80494
G1 F879.1 X147.311 Y97.501 E426.83245
G1 F1081.1 X146.917 Y96.86 E426.8594
G0 F9000 X147.913 Y99.376
G1 F1403.5 X148.143 Y99.35 E426.86578
G1 F1269.8 X148.208 Y99.147 E426.87228
G1 F1066.7 X148.054 Y98.685 E426.88996
G1 F855.6 X147.762 Y98.404 E426.90829
G1 F987.7 X147.747 Y98.826 E426.92485
G1 F1415.9 X147.913 Y99.376 E426.94055
G0 F9000 X147.852 Y99.668
;TYPE:WALL-OUTER
G1 F1500 X148.16 Y99.663 E426.9485
G1 X148.397 Y99.512 E426.95576
G1 X148.49 Y99.217 E426.96374
G1 X148.475 Y99.029 E426.96861
G1 X148.287 Y98.481 E426.98356
G1 X148.083 Y98.066 E426.9955
G1 X147.765 Y97.515 E427.01192
G1 X147.538 Y97.169 E427.0226
G1 X147.196 Y96.697 E427.03764
G1 F1206 X146.835 Y96.395 E427.05275
G1 F1045.8 X146.57 Y96.074 E427.06816
G1 F1088.4 X146.365 Y95.872 E427.0784
G1 X146.008 Y95.561 E427.09524
G1 X145.62 Y95.274 E427.1124
G1 X145.413 Y95.164 E427.12074
G1 F1108.5 X145.195 Y95.018 E427.1299
G1 F1124.1 X145.134 Y94.994 E427.13216
G1 F1106 X145.413 Y95.164 E427.1436
G1 F1088.4 X145.72 Y95.503 E427.15987
G1 X146.026 Y95.906 E427.17786
G1 F1045.8 X146.514 Y96.626 E427.21006
G1 F1206 X146.644 Y97.013 E427.22317
G1 F1500 X146.97 Y97.652 E427.24168
G1 X147.215 Y98.204 E427.25727
G1 X147.354 Y98.562 E427.26718
G1 X147.519 Y99.047 E427.28041
G1 X147.631 Y99.448 E427.29115
G1 X147.638 Y99.605 E427.29521
G1 X147.852 Y99.668 E427.30097
G0 F9000 X147.884 Y99.409
G0 X147.69 Y98.991
G0 X146.322 Y99.247
G0 X146.599 Y99.44
G1 F1500 X144.862 Y95.755 E427.40611
G1 F1230.8 X144.627 Y95.397 E427.41958
G1 F1041.2 X144.603 Y95.096 E427.43081
G1 F1021.3 X144.823 Y94.946 E427.4409
G1 F1019.1 X144.548 Y94.969 E427.45139
G1 F1048 X144.296 Y95.145 E427.46274
G1 F1106 X144.223 Y95.53 E427.47646
G1 F1311.5 X144.11 Y95.649 E427.4813
G1 F1359.8 X143.926 Y95.728 E427.487
G1 F1126.8 X143.758 Y95.672 E427.49309
G1 F1224.5 X144.225 Y96.46 E427.52205
G1 F1504.7 X144.586 Y97.159 E427.54229
G1 F1500 X145.696 Y99.392 E427.60665
G1 X146.07 Y99.397 E427.61631
G1 X146.599 Y99.44 E427.63001
G1 F2700 E420.63001
G0 F9000 X146.256 Y99.201
G0 X145.449 Y98.535
G0 X143.794 Y99.533
G0 X143.583 Y99.281
G1 F2700 E427.63001
G1 F1057.3 X143.442 Y99.276 E427.63517
G1 F1012.7 X143.28 Y99.208 E427.64189
G1 F960 X142.946 Y98.918 E427.65973
G1 F950.5 X142.733 Y98.695 E427.67229
G1 X142.668 Y98.828 E427.67832
G1 X142.645 Y99.016 E427.68603
G1 X142.747 Y99.305 E427.69851
G1 F946.7 X142.911 Y99.457 E427.70766
G1 F961.9 X143.124 Y99.573 E427.71742
G1 F1021.3 X143.365 Y99.641 E427.72691
G1 F1057.3 X143.649 Y99.65 E427.73732
G1 F1140.1 X144.034 Y99.681 E427.75043
G1 F1359.8 X144.43 Y99.534 E427.76246
G1 F1500 X144.753 Y99.354 E427.772
G1 X144.864 Y99.257 E427.77581
G1 X144.536 Y98.912 E427.78809
G1 X144.31 Y98.648 E427.79706
G1 X143.899 Y98.124 E427.81425
G1 X143.617 Y97.719 E427.82699
G1 X143.244 Y97.106 E427.84551
G1 X143.042 Y96.684 E427.85758
G1 X142.888 Y96.313 E427.86795
G1 X142.769 Y95.957 E427.87764
G1 X142.692 Y95.571 E427.8878
G1 X142.769 Y95.25 E427.89632
G1 X142.859 Y95.179 E427.89928
G1 X143.125 Y95.166 E427.90615
G1 X143.245 Y95.202 E427.90938
G1 X143.275 Y95.161 E427.9107
G1 X143.102 Y95.033 E427.91625
G1 X142.842 Y94.93 E427.92347
G1 X142.58 Y94.9 E427.93027
G1 X142.238 Y94.966 E427.93926
G1 X142.067 Y95.092 E427.94475
G1 X141.977 Y95.236 E427.94913
G1 X141.923 Y95.437 E427.9545
G1 X141.916 Y95.704 E427.96139
G1 X141.966 Y96.049 E427.97039
G1 X142.069 Y96.395 E427.97971
G1 X142.17 Y96.659 E427.98701
G1 X142.347 Y97.037 E427.99778
G1 X142.524 Y97.351 E428.00708
G1 X142.798 Y97.768 E428.01996
G1 X143.068 Y98.12 E428.03141
G1 X143.434 Y98.543 E428.04585
G1 X143.726 Y98.845 E428.05669
G1 X143.758 Y99.031 E428.06156
G1 F1240.3 X143.583 Y99.281 E428.07108
G1 F2700 E421.07108
G0 F9000 X143.488 Y99.508
G0 X143.279 Y100.572
G0 X145.841 Y100.257
G0 X143.758 Y95.672
G1 F2700 E428.07108
G1 F1059.6 X143.584 Y95.462 E428.08105
G1 F1071.4 X143.271 Y95.191 E428.09601
G1 F2700 E421.09601
G0 F9000 X144.362 Y95.312
G0 X144.823 Y94.946
G1 F2700 E428.09601
G1 F1071.4 X145.037 Y94.956 E428.10375
G1 F2700 E421.10375
G0 F9000 X144.443 Y95.192
G0 X146.322 Y99.247
G0 X146.241 Y100.28
G0 X144.686 Y101.681
G0 X144.517 Y103.572
;TYPE:WALL-INNER
G1 F2700 E428.10375
G1 F813.6 X145.373 Y105.332 E428.19688
G1 F781.8 X145.451 Y105.446 E428.20372
G1 F792.1 X145.539 Y105.687 E428.21626
G1 F826.2 X145.814 Y106.253 E428.24575
G1 F2700 E421.24575
G0 F9000 X145.372 Y105.913
G0 X144.408 Y106.535
G0 X144.195 Y106.483
G1 F2700 E428.24575
G1 F1173.6 X144.057 Y106.288 E428.25363
G1 F1027.8 X143.888 Y105.869 E428.27065
G1 F2700 E421.27065
G0 F9000 X143.952 Y105.375
G0 X143.63 Y104.619
G0 X143.167 Y104.177
G1 F2700 E428.27065
G1 F890.5 X143.158 Y103.86 E428.28444
G1 F885.6 X143.124 Y103.918 E428.28738
G1 X143.058 Y103.918 E428.29026
G1 X143.024 Y103.86 E428.2932
G1 X143.058 Y103.802 E428.29614
G1 X143.124 Y103.802 E428.29903
G1 F866.4 X143.102 Y104.014 E428.30855
G1 F871.1 X143.167 Y104.177 E428.31635
G1 F2700 E421.31635
G0 F9000 X143.305 Y103.431
G0 X143.482 Y103.103
G0 X146.543 Y105.019
G0 X146.86 Y104.652
G1 F2700 E428.31635
G1 F1352.1 X147.156 Y104.372 E428.32801
G1 F1355.9 X147.237 Y104.173 E428.33415
G1 F1322.3 X147.204 Y103.851 E428.34363
G1 F1344.5 X147.084 Y103.589 E428.35192
G1 F1399.4 X146.862 Y103.305 E428.3619
G1 X146.499 Y103.061 E428.374
G1 F1403.5 X146.303 Y102.98 E428.37985
G1 X146.62 Y103.407 E428.39452
G1 F1391.3 X146.817 Y103.82 E428.40725
G1 F1363.6 X146.891 Y104.208 E428.41846
G1 F1348.3 X146.86 Y104.652 E428.43124
G0 F9000 X146.568 Y105.102
G0 X147.713 Y105.971
G1 F812.2 X147.809 Y106.321 E428.44854
G0 F9000 X147.512 Y106.991
G0 X147.189 Y107.22
;TYPE:WALL-OUTER
G1 F948.6 X146.808 Y107.351 E428.46498
G1 F1073.8 X146.376 Y107.405 E428.48068
G1 F1076.2 X145.905 Y107.398 E428.49763
G1 F939.3 X145.425 Y107.289 E428.51791
G1 F785.6 X145.111 Y107.173 E428.53441
G1 F932 X144.919 Y106.891 E428.54858
G1 F1379.3 X144.696 Y106.68 E428.5572
G1 F1500 X144.399 Y106.227 E428.57118
G1 X144.194 Y105.616 E428.58781
G1 F1495.3 X144.183 Y105.18 E428.5991
G1 F1490.7 X144.012 Y105.165 E428.60356
G1 F1450.2 X143.903 Y105.017 E428.60847
G1 X143.879 Y105.202 E428.61345
G1 F1495.3 X143.663 Y105.356 E428.62032
G1 F1500 X143.521 Y105.648 E428.6287
G1 X143.519 Y105.928 E428.63592
G1 X143.62 Y106.226 E428.64405
G1 X143.786 Y106.492 E428.65214
G1 X143.98 Y106.708 E428.65963
G1 X144.18 Y106.873 E428.66632
G1 X144.423 Y107.03 E428.67379
G1 F1379.3 X144.767 Y107.166 E428.68417
G1 F932 X145.111 Y107.173 E428.69847
G0 F9000 X144.847 Y107.031
G0 X145.666 Y106.484
G0 X146.515 Y106.754
G1 F1500 X145.907 Y105.507 E428.73427
G1 F1441.4 X145.884 Y105.374 E428.7379
G1 F1151.1 X145.995 Y105.193 E428.74504
G1 X145.78 Y105.156 E428.75238
G1 F1441.4 X145.712 Y105.088 E428.75496
G1 F1500 X144.781 Y103.175 E428.80987
G1 F1379.3 X144.302 Y103.147 E428.82334
G1 F1116.3 X144.2 Y102.986 E428.82995
G1 F987.7 X144.208 Y102.85 E428.83529
G1 F977.6 X144.385 Y102.662 E428.84551
G1 F979.6 X143.941 Y102.811 E428.86402
G1 F1023.5 X143.74 Y102.854 E428.8718
G1 F1140.1 X143.47 Y102.953 E428.88156
G1 F1333.3 X143.077 Y103.18 E428.89474
G1 F1472.4 X142.807 Y103.482 E428.90539
G1 F1500 X142.706 Y103.751 E428.91281
G1 X142.695 Y104.1 E428.92182
G1 X142.84 Y104.392 E428.93024
G1 X142.978 Y104.556 E428.93577
G1 X143.159 Y104.685 E428.9415
G1 X143.404 Y104.776 E428.94825
G1 F1486.1 X143.794 Y104.819 E428.95847
G1 F1441.4 X143.89 Y104.954 E428.96292
G1 X143.899 Y104.788 E428.96739
G1 F1472.4 X144.009 Y104.734 E428.97061
G1 F1486.1 X143.72 Y104.478 E428.98067
G1 X143.47 Y103.881 E428.99753
G1 F1459 X143.509 Y103.408 E429.01012
G1 F1326 X143.572 Y103.245 E429.01522
G1 F1165 X143.714 Y103.18 E429.02041
G1 F1048 X143.903 Y103.185 E429.0274
G1 X144.001 Y103.323 E429.03365
G1 F1276.6 X144.115 Y103.687 E429.04522
G1 F1500 X145.551 Y106.652 E429.13025
G1 X146.132 Y106.683 E429.14526
G1 X146.515 Y106.754 E429.15532
G0 F9000 X147.189 Y107.22
G1 F1041.2 X147.5 Y107.188 E429.16694
G1 F1399.4 X147.746 Y107.075 E429.17443
G1 F1500 X148.029 Y106.833 E429.18404
G1 X148.169 Y106.605 E429.19095
G1 X148.226 Y106.345 E429.19782
G1 X148.199 Y106.071 E429.20492
G1 X148.076 Y105.752 E429.21375
G1 X147.844 Y105.487 E429.22284
G1 F1371.4 X147.49 Y105.246 E429.23493
G1 F1170.7 X147.119 Y105.167 E429.24747
G1 F1057.3 X147.016 Y105.056 E429.25301
G1 F1043.5 X147.004 Y104.982 E429.2558
G1 F1243.5 X147.131 Y104.81 E429.26245
G1 F1500 X147.407 Y104.543 E429.27236
G1 X147.539 Y104.22 E429.28137
G1 X147.504 Y103.765 E429.29315
G1 X147.33 Y103.431 E429.30287
G1 X147.063 Y103.089 E429.31407
G1 X146.637 Y102.803 E429.32731
G1 X146.21 Y102.626 E429.33924
G1 X145.908 Y102.549 E429.34728
G1 F1286.9 X145.608 Y102.561 E429.35632
G1 F909.1 X145.345 Y102.622 E429.36781
G1 X145.548 Y102.797 E429.37923
G1 F1286.9 X146.095 Y103.186 E429.39942
G1 F1500 X146.359 Y103.545 E429.41092
G1 X146.503 Y103.835 E429.41928
G1 X146.588 Y104.206 E429.4291
G1 X146.569 Y104.525 E429.43735
G1 F1243.5 X146.485 Y104.886 E429.44889
G1 F1059.6 X146.401 Y104.982 E429.45355
G1 F1043.5 X146.083 Y105.18 E429.46745
G1 F1041.2 X146.368 Y105.176 E429.47805
G1 F1132.1 X146.796 Y105.317 E429.49346
G1 F1348.3 X147.16 Y105.809 E429.51103
G1 F1500 X147.372 Y106.219 E429.52294
G1 F1355.9 X147.444 Y106.688 E429.53649
G1 F1137.4 X147.275 Y107.1 E429.55165
G1 F948.6 X147.189 Y107.22 E429.55767
G1 F2700 E422.55767
G0 F9000 X147.512 Y106.991
G0 X147.636 Y106.631
G0 X147.568 Y106.168
G0 X147.306 Y105.664
G0 X146.848 Y105.204
G0 X146.568 Y105.102
G0 X146.762 Y104.616
G0 X146.792 Y104.202
G0 X146.689 Y103.761
G0 X146.239 Y103.048
G0 X145.914 Y102.846
G0 X145.673 Y102.706
G0 X145.345 Y102.622
G1 F2700 E429.55767
G1 F831.9 X144.807 Y102.601 E429.58273
G1 F941.2 X144.385 Y102.662 E429.60027
G1 F2700 E422.60027
G0 F9000 X143.869 Y102.98
G0 X143.862 Y101.845
G0 X145.001 Y101.651
G0 X146.119 Y101.708
G0 X147.049 Y102.037
G0 X147.601 Y102.407
G0 X148.009 Y102.952
G0 X149.435 Y103.06
;TYPE:WALL-INNER
G1 F2700 E429.60027
G1 F839.2 X149.943 Y104.131 E429.65496
G1 F871.1 X150.042 Y104.309 E429.66401
G0 F9000 X149.762 Y104.8
G0 X149.726 Y105.452
G1 F930.2 X149.793 Y105.68 E429.6739
G1 F868 X149.916 Y105.97 E429.68795
G1 F887.2 X150.247 Y106.553 E429.7172
G1 F872.7 X150.317 Y106.85 E429.73074
G1 F2700 E422.73074
G0 F9000 X150.326 Y106.85
G0 X150.164 Y105.929
G0 X151.099 Y105.138
G0 X151.419 Y105.344
G1 F2700 E429.73074
G1 F1300.8 X151.594 Y105.529 E429.73832
G1 F1090.9 X151.774 Y105.751 E429.74846
G1 F923.1 X151.991 Y106.06 E429.7643
G1 F812.2 X152.158 Y106.37 E429.78108
G0 F9000 X152.186 Y107.069
G1 F1391.3 X152.282 Y107.092 E429.78383
G1 X152.484 Y107.046 E429.78959
G1 X152.517 Y106.947 E429.7925
G1 F1407.6 X152.42 Y106.563 E429.80339
G1 F1420.1 X152.282 Y106.307 E429.81132
G1 X152.038 Y106.434 E429.81882
G1 F1407.6 X152.154 Y106.849 E429.83067
G1 F1391.3 X152.186 Y107.069 E429.83686
G1 F2700 E422.83686
G0 F9000 X151.958 Y106.629
G0 X149.84 Y107.254
G0 X149.722 Y107.034
;TYPE:WALL-OUTER
G1 F2700 E429.83686
G1 F1086 X149.527 Y107.006 E429.84388
G1 F1000 X149.207 Y106.822 E429.85817
G1 F954.3 X148.801 Y106.415 E429.88149
G1 F956.2 X148.723 Y106.617 E429.89026
G1 X148.751 Y106.899 E429.90173
G1 F975.6 X148.893 Y107.132 E429.91256
G1 F1016.9 X149.244 Y107.328 E429.92787
G1 F1076.2 X149.698 Y107.391 E429.94435
G1 F1118.9 X149.782 Y107.377 E429.9473
G1 F1276.6 X150.2 Y107.355 E429.95999
G1 F1490.7 X150.629 Y107.157 E429.97227
G1 F1500 X150.84 Y107.001 E429.97904
G1 X150.096 Y105.405 E430.02449
G1 X149.941 Y104.974 E430.03631
G1 X149.945 Y104.85 E430.03951
G1 X150.142 Y104.683 E430.04618
G1 F1504.7 X150.304 Y104.71 E430.0504
G1 X150.616 Y104.912 E430.05996
G1 F1500 X150.956 Y105.245 E430.07225
G1 X151.207 Y105.537 E430.08219
G1 X151.376 Y105.779 E430.0898
G1 X151.578 Y106.123 E430.1001
G1 X151.77 Y106.547 E430.11211
G1 X151.869 Y106.916 E430.12197
G1 X151.926 Y107.308 E430.1322
G1 X152.261 Y107.387 E430.14108
G1 X152.603 Y107.323 E430.15006
G1 X152.734 Y107.224 E430.1543
G1 X152.816 Y106.972 E430.16114
G1 X152.775 Y106.695 E430.16837
G1 X152.645 Y106.335 E430.17825
G1 X152.312 Y105.817 E430.19414
G1 X152.021 Y105.493 E430.20538
G1 X151.806 Y105.287 E430.21306
G1 X151.588 Y105.112 E430.22028
G1 X151.245 Y104.886 E430.23088
G1 X150.914 Y104.747 E430.24015
G1 F1504.7 X150.673 Y104.67 E430.24666
G1 X150.602 Y104.586 E430.24949
G1 X149.69 Y102.643 E430.30471
G1 F1500 X149.437 Y102.651 E430.31124
G1 X149.008 Y102.609 E430.32237
G1 X148.743 Y102.56 E430.32933
G1 X149.614 Y104.375 E430.38129
G1 X149.686 Y104.462 E430.3842
G1 X149.664 Y104.659 E430.38932
G1 X149.44 Y104.912 E430.39804
G1 X149.373 Y105.117 E430.4036
G1 X149.361 Y105.477 E430.4129
G1 X149.414 Y105.785 E430.42097
G1 X149.559 Y106.158 E430.4313
G1 X149.911 Y106.672 E430.44737
G1 F1463.4 X149.865 Y106.887 E430.45319
G1 F1256.5 X149.722 Y107.034 E430.45951
G1 F2700 E423.45951
G0 F9000 X149.622 Y107.261
G0 X149.336 Y107.05
G0 X148.827 Y106.552
G0 X150.418 Y99.436
G0 X150.242 Y99.223
;TYPE:WALL-INNER
G1 F2700 E430.45951
G1 F1486.1 X150.433 Y99.326 E430.46516
G1 X150.29 Y98.964 E430.4753
G1 F1454.5 X150.245 Y98.491 E430.48795
G1 F1395.3 X150.3 Y98.178 E430.49677
G1 F1415.9 X150.046 Y98.406 E430.5061
G1 F1476.9 X149.985 Y98.515 E430.50937
G1 F1486.1 X149.944 Y98.786 E430.51651
G1 X150.056 Y99.052 E430.52403
G1 X150.242 Y99.223 E430.53062
G0 F9000 X150.303 Y98.16
G1 F1185.2 X150.401 Y97.924 E430.53896
G0 F9000 X150.411 Y97.922
G0 X150.235 Y97.708
G0 X149.699 Y97.495
G0 X149.122 Y97.206
G1 F1463.4 X148.899 Y96.928 E430.54839
G1 F1420.1 X148.615 Y96.342 E430.56614
G1 F1359.8 X148.599 Y95.871 E430.57956
G1 F1355.9 X148.744 Y95.473 E430.59166
G1 F1371.4 X148.855 Y95.296 E430.59755
G1 X148.632 Y95.376 E430.60424
G1 X148.409 Y95.55 E430.61223
G1 X148.292 Y95.71 E430.61782
G1 F1340.8 X148.235 Y95.907 E430.62374
G1 F1318.7 X148.257 Y96.312 E430.63565
G1 F1395.3 X148.432 Y96.701 E430.64749
G1 F1463.4 X148.687 Y96.952 E430.65695
G1 X149.009 Y97.159 E430.66708
G1 X149.122 Y97.206 E430.67032
G1 F2700 E423.67032
G0 F9000 X149.699 Y97.495
G0 X151.579 Y98.259
G0 X152.181 Y99.03
G1 F2700 E430.67032
G1 F1153.8 X152.381 Y98.902 E430.67828
G1 F1145.6 X152.617 Y98.881 E430.68629
G1 F1126.8 X152.379 Y98.361 E430.70594
G1 F1116.3 X152.266 Y97.953 E430.72062
G1 X152.073 Y98.239 E430.73259
G1 F1126.8 X151.882 Y98.33 E430.73986
G1 F1145.6 X152.124 Y98.798 E430.75766
G1 F1153.8 X152.181 Y99.03 E430.76568
G1 F2700 E423.76568
G0 F9000 X152.448 Y98.897
G0 X153.237 Y99.339
G0 X154.016 Y98.764
G0 X154.162 Y98.528
G1 F2700 E430.76568
G1 F827.6 X153.816 Y97.813 E430.80284
G1 F786.9 X153.725 Y97.556 E430.81625
G1 F781.8 X153.625 Y97.415 E430.82481
G1 F821.9 X152.617 Y95.334 E430.93373
G1 F2700 E423.93373
G0 F9000 X153.878 Y97.375
G0 X154.627 Y97.184
G0 X154.885 Y96.914
G1 F2700 E430.93373
G1 F1472.4 X154.95 Y96.731 E430.93883
G1 X155.162 Y96.471 E430.94766
G1 F1407.6 X155.149 Y96.124 E430.95721
G1 F1315.1 X155.036 Y95.639 E430.97187
G1 F1322.3 X154.994 Y95.31 E430.98158
G1 F1359.8 X155.033 Y95.106 E430.98749
G1 X154.761 Y95.186 E430.99556
G1 F1340.8 X154.651 Y95.363 E431.00158
G1 F1304.3 X154.668 Y95.705 E431.01174
G1 F1344.5 X154.823 Y96.311 E431.02975
G1 F1441.4 X154.859 Y96.709 E431.04049
G1 F1472.4 X154.83 Y96.901 E431.04559
G1 X154.885 Y96.914 E431.04708
G0 F9000 X154.777 Y96.943
G0 X154.984 Y97.344
G0 X155.803 Y97.865
G1 F829 X155.945 Y98.076 E431.05896
G1 F784.3 X156.032 Y98.272 E431.06954
G0 F9000 X155.753 Y98.304
G0 X154.564 Y98.808
G0 X154.858 Y99.028
;TYPE:WALL-OUTER
G1 F1500 X154.185 Y97.635 E431.10947
G1 F1233.9 X154.175 Y97.396 E431.11698
G1 F973.6 X154.246 Y97.292 E431.12198
G1 X154.128 Y97.299 E431.12668
G1 F1233.9 X153.961 Y97.173 E431.13325
G1 F1500 X152.878 Y94.935 E431.19742
G1 X152.416 Y94.913 E431.20936
G1 X151.927 Y94.849 E431.22208
G1 X153.91 Y98.945 E431.33954
G1 X154.149 Y98.937 E431.34571
G1 X154.592 Y98.979 E431.3572
G1 X154.858 Y99.028 E431.36418
G0 F9000 X155.096 Y99.608
G1 F1021.3 X154.875 Y99.652 E431.37272
G1 F1059.6 X154.573 Y99.684 E431.38382
G1 F1039 X154.141 Y99.664 E431.39993
G0 F9000 X155.096 Y99.608
G1 F1126.8 X155.343 Y99.589 E431.40844
G1 F1375.4 X155.678 Y99.489 E431.41828
G1 F1500 X155.975 Y99.324 E431.42705
G1 X156.17 Y99.163 E431.43358
G1 X156.397 Y98.875 E431.44304
G1 X156.477 Y98.516 E431.45254
G1 X156.459 Y98.158 E431.46179
G1 X156.299 Y97.846 E431.47084
G1 X156.069 Y97.56 E431.48031
G1 X155.658 Y97.314 E431.49267
G1 F1315.1 X155.263 Y97.251 E431.50445
G1 F1012.7 X155.06 Y97.04 E431.51564
G1 F1118.9 X155.165 Y96.954 E431.52034
G1 F1500 X155.192 Y96.879 E431.5224
G1 X155.389 Y96.643 E431.53033
G1 X155.444 Y96.483 E431.5347
G1 X155.447 Y96.094 E431.54474
G1 X155.29 Y95.352 E431.56431
G1 X155.342 Y95.089 E431.57123
G1 X155.404 Y94.986 E431.57433
G1 X155.556 Y94.93 E431.57852
G1 X155.556 Y94.898 E431.57934
G1 X155.365 Y94.841 E431.58449
G1 X154.949 Y94.8 E431.59527
G1 X154.606 Y94.928 E431.60472
G1 X154.514 Y95.009 E431.60789
G1 X154.355 Y95.285 E431.61611
G1 X154.362 Y95.751 E431.62814
G1 X154.552 Y96.43 E431.64634
G1 X154.576 Y96.732 E431.65415
G1 F1118.9 X154.616 Y97.011 E431.66391
G1 F890.5 X154.578 Y97.111 E431.66856
G1 F898.9 X154.269 Y97.278 E431.68369
G1 F904 X154.44 Y97.232 E431.69127
G1 F895.5 X154.734 Y97.288 E431.70421
G1 F1004.2 X155.043 Y97.514 E431.71897
G1 F1300.8 X155.286 Y97.836 E431.73097
G1 F1500 X155.404 Y97.967 E431.73552
G1 X155.573 Y98.272 E431.74452
G1 X155.668 Y98.542 E431.75191
G1 X155.68 Y98.911 E431.76144
G1 X155.592 Y99.171 E431.76852
G1 F1472.4 X155.397 Y99.403 E431.77649
G1 F1191.1 X155.096 Y99.608 E431.78833
G1 F2700 E424.78833
G0 F9000 X153.237 Y99.339
G0 X151.653 Y99.647
G1 F2700 E431.78833
G1 F1043.5 X151.389 Y99.705 E431.79836
G0 F9000 X151.126 Y99.742
G1 F1286.9 X151.352 Y99.71 E431.80523
G1 F1297.3 X151.014 Y99.584 E431.81599
G1 F1428.6 X150.735 Y99.306 E431.82666
G1 F1500 X150.572 Y98.964 E431.83644
G1 X150.533 Y98.518 E431.848
G1 X150.592 Y98.262 E431.85478
G1 X150.826 Y97.887 E431.86619
G1 X151.126 Y97.683 E431.87555
G1 X150.711 Y97.641 E431.88632
G1 X150.364 Y97.572 E431.89545
G1 F1403.5 X150.337 Y97.582 E431.89624
G1 F956.2 X149.996 Y97.581 E431.91005
G1 F900.6 X150.072 Y97.784 E431.91937
G1 F1286.9 X150.031 Y98.027 E431.92678
G1 F1500 X149.817 Y98.233 E431.93445
G1 X149.714 Y98.425 E431.94007
G1 X149.654 Y98.823 E431.95046
G1 X149.82 Y99.218 E431.96152
G1 X150.078 Y99.454 E431.97054
G1 X150.349 Y99.6 E431.97849
G1 X150.769 Y99.715 E431.98973
G1 F1411.8 X151.126 Y99.742 E431.99955
G0 F9000 X151.653 Y99.647
G1 F1098.4 X151.864 Y99.629 E432.00701
G1 F1344.5 X152.2 Y99.504 E432.01733
G1 F1500 X152.494 Y99.21 E432.02806
G1 X152.614 Y99.193 E432.03119
G1 F1495.3 X152.968 Y99.415 E432.04201
G1 F1472.4 X153.409 Y99.571 E432.05431
G1 F1450.2 X153.703 Y99.645 E432.0624
G1 F1179.4 X154.141 Y99.664 E432.07679
G1 F1145.6 X153.834 Y99.526 E432.08817
G1 F1407.6 X153.4 Y99.284 E432.10184
G1 F1481.5 X153.097 Y98.955 E432.11352
G1 F1500 X152.88 Y98.659 E432.123
G1 X152.693 Y98.246 E432.1347
G1 X152.585 Y97.85 E432.14529
G1 X152.567 Y97.464 E432.15527
G1 X152.417 Y97.452 E432.15915
G1 X152.162 Y97.539 E432.1661
G1 X151.957 Y97.785 E432.17437
G1 X151.862 Y97.977 E432.1799
G1 X151.607 Y98.046 E432.18672
G1 X151.355 Y98.188 E432.19418
G1 X151.312 Y98.255 E432.19624
G1 X151.435 Y98.356 E432.20034
G1 X151.635 Y98.591 E432.20831
G1 X151.85 Y98.979 E432.21976
G1 X151.849 Y99.323 E432.22864
G1 F1340.8 X151.772 Y99.523 E432.23482
G1 F1095.9 X151.653 Y99.647 E432.2409
G1 F2700 E425.2409
G0 F9000 X152.063 Y99.353
G0 X151.799 Y98.509
G0 X149.699 Y97.495
G0 X149.707 Y97.587
G1 F2700 E432.2409
G1 F826.2 X149.868 Y97.544 E432.24871
G1 F991.7 X149.473 Y97.144 E432.27065
G1 F1500 X149.371 Y97.063 E432.27401
G1 X149.13 Y96.753 E432.28415
G1 X148.912 Y96.297 E432.29719
G1 X148.908 Y95.891 E432.30767
G1 X149.033 Y95.54 E432.31729
G1 X149.271 Y95.304 E432.32594
G1 F1224.5 X149.635 Y95.016 E432.34061
G1 X149.24 Y94.916 E432.3535
G1 F1500 X148.853 Y94.977 E432.36361
G1 X148.486 Y95.116 E432.37374
G1 X148.195 Y95.343 E432.38326
G1 X148.027 Y95.573 E432.39061
G1 X147.933 Y95.851 E432.39819
G1 X147.921 Y96.145 E432.40578
G1 X147.967 Y96.396 E432.41237
G1 X148.134 Y96.806 E432.42379
G1 X148.508 Y97.175 E432.43735
G1 X148.873 Y97.411 E432.44857
G1 X149.268 Y97.575 E432.45961
G1 F1151.1 X149.707 Y97.587 E432.47438
G1 F2700 E425.47438
G0 F9000 X149.492 Y97.409
G0 X151.2 Y95.514
G1 F2700 E432.47438
G1 F1064.3 X150.819 Y95.28 E432.49065
G1 F995.9 X150.53 Y95.168 E432.5027
G1 F890.5 X150.038 Y95.032 E432.52489
G1 F808.1 X149.662 Y95.023 E432.54291
G1 F2700 E425.54291
G0 F9000 X149.267 Y95.094
G0 X148.194 Y95.688
G0 X147.183 Y95.358
G0 X147.565 Y94.738
G0 X148.054 Y94.354
G0 X148.653 Y94.134
G0 X149.437 Y94.04
G0 X151.667 Y93.91
G0 X154.83 Y93.921
G0 X155.506 Y93.98
G0 X156.087 Y94.158
G0 X156.418 Y94.606
G0 X157.312 Y97.931
G0 X157.347 Y98.597
G0 X157.196 Y99.256
G0 X156.797 Y99.768
G0 X156.448 Y100.053
G0 X156.033 Y100.283
G0 X155.323 Y100.472
G0 X141.716 Y101.748
G0 X141.23 Y102.993
;TYPE:WALL-INNER
G1 F2700 E432.54291
G1 F806.7 X141.266 Y103.14 E432.55017
G1 F810.8 X141.382 Y103.433 E432.56522
G1 F823.3 X141.535 Y103.761 E432.58224
G1 F772.9 X141.59 Y103.956 E432.59238
G1 F781.8 X141.762 Y104.22 E432.60799
G1 F848.1 X142.813 Y106.412 E432.71896
G1 F880.7 X142.896 Y106.626 E432.72905
G1 F2700 E425.72905
G0 F9000 X142.039 Y104.231
G0 X140.28 Y105.521
G0 X139.925 Y105.237
G1 F2700 E432.72905
G1 F1173.6 X139.606 Y104.822 E432.74632
G1 F888.9 X139.426 Y104.448 E432.7644
G1 F790.8 X139.312 Y104.35 E432.77176
G1 X139.043 Y104.01 E432.79298
G1 F824.7 X138.993 Y103.794 E432.80339
G1 F1118.9 X138.998 Y103.579 E432.81083
G1 F1459 X138.852 Y103.227 E432.82094
G1 F1432.8 X138.73 Y102.85 E432.83165
G1 X138.694 Y102.643 E432.83733
G1 F1445.8 X138.532 Y102.633 E432.84167
G1 X138.435 Y102.672 E432.84447
G1 F1432.8 X138.395 Y102.917 E432.85118
G1 F1428.6 X138.529 Y103.315 E432.86256
G1 F1476.9 X138.661 Y103.585 E432.87044
G1 F1132.1 X138.797 Y103.829 E432.87999
G1 F904 X138.77 Y103.92 E432.88406
G1 F824.7 X139.043 Y104.01 E432.89755
G0 F9000 X139.678 Y104.28
G0 X140.079 Y104.191
;TYPE:WALL-OUTER
G1 F857.1 X140.964 Y104.222 E432.93755
G1 F2700 E425.93755
G0 F9000 X141.374 Y104.08
G0 X140.508 Y105.83
G0 X141.413 Y106.788
G1 F2700 E432.93755
G1 F921.3 X141.24 Y106.494 E432.95188
G1 F1259.8 X141.215 Y106.437 E432.9538
G1 F1266.5 X140.887 Y106.089 E432.96841
G1 F1129.4 X140.562 Y105.712 E432.98548
G1 F1039 X140.338 Y105.431 E432.99887
G1 F1206 X140.18 Y105.069 E433.01155
G1 F1500 X139.892 Y104.633 E433.02503
G1 X139.86 Y104.498 E433.02861
G1 F1467.9 X139.899 Y104.386 E433.03174
G1 F1039 X140.079 Y104.191 E433.04163
G1 X139.73 Y104.074 E433.05535
G1 F1467.9 X139.601 Y104.048 E433.05882
G1 F1500 X139.518 Y103.981 E433.06157
G1 X139.245 Y103.438 E433.07726
G1 X139.125 Y103.14 E433.08555
G1 X139.011 Y102.782 E433.09525
G1 X138.936 Y102.373 E433.10598
G1 X138.494 Y102.343 E433.11741
G1 X138.305 Y102.406 E433.12255
G1 X138.192 Y102.505 E433.12643
G1 X138.108 Y102.733 E433.1327
G1 X138.106 Y102.963 E433.13864
G1 X138.264 Y103.429 E433.15134
G1 X138.402 Y103.691 E433.15898
G1 F1504.7 X138.394 Y103.856 E433.16323
G1 X138.292 Y103.952 E433.16684
G1 X138.042 Y104.287 E433.17759
G1 X138.714 Y104.287 E433.19488
G1 X138.824 Y104.369 E433.19841
G1 F1500 X138.992 Y104.606 E433.20591
G1 X139.423 Y105.141 E433.22364
G1 X139.7 Y105.443 E433.23422
G1 F1206 X140.039 Y105.689 E433.24766
G1 F1045.8 X140.341 Y106.007 E433.2639
G1 F1140.1 X140.669 Y106.324 E433.27939
G1 F1269.8 X141.027 Y106.636 E433.29387
G1 F967.7 X141.413 Y106.788 E433.31046
G1 F775.4 X141.523 Y106.878 E433.31756
G1 F854.1 X141.838 Y107.102 E433.33508
G1 F997.9 X142.097 Y107.26 E433.34685
G1 F1106 X142.393 Y107.339 E433.35757
G0 F9000 X142.539 Y107.372
G1 F1355.9 X142.876 Y107.361 E433.3672
G1 F1500 X143.114 Y107.205 E433.37454
G1 X143.204 Y107.092 E433.37827
G1 X143.275 Y106.903 E433.38348
G1 X143.282 Y106.571 E433.39205
G1 X143.186 Y106.265 E433.40033
G1 X141.743 Y103.234 E433.48697
G1 X141.632 Y102.899 E433.49608
G1 X141.648 Y102.626 E433.50314
G1 X141.349 Y102.554 E433.51108
G1 X140.997 Y102.614 E433.5203
G1 X140.892 Y102.682 E433.52352
G1 X140.794 Y102.902 E433.52974
G1 X140.868 Y103.306 E433.54034
G1 X141.136 Y103.872 E433.5565
G1 F1329.6 X141.104 Y104.089 E433.56289
G1 F1030 X140.964 Y104.222 E433.57015
G1 F1054.9 X141.228 Y104.268 E433.57998
G1 F1371.4 X141.397 Y104.398 E433.586
G1 F1500 X142.253 Y106.157 E433.63649
G1 X142.613 Y106.935 E433.65862
G1 X142.602 Y107.153 E433.66425
G1 F1355.9 X142.517 Y107.299 E433.66907
G1 F1176.5 X142.393 Y107.339 E433.67336
G1 X142.539 Y107.372 E433.67829
G1 F2700 E426.67829
G0 F9000 X142.828 Y107.14
G0 X142.797 Y108.231
G0 X142.429 Y108.246
G0 X141.827 Y108.107
G0 X141.203 Y107.77
G0 X139.077 Y106.573
G0 X137.826 Y106.315
;TYPE:WALL-INNER
G1 F2700 E433.67829
G1 F819.1 X137.772 Y106.056 E433.69079
G1 F836.2 X137.627 Y105.808 E433.70409
G0 F9000 X136.684 Y105.151
G0 X136.753 Y105.005
G1 F1176.5 X136.834 Y104.756 E433.71271
G1 F1352.1 X136.989 Y104.546 E433.72018
G1 X137.092 Y104.472 E433.72381
G1 X137.217 Y104.296 E433.72999
G1 X137.25 Y104.131 E433.73481
G1 F1333.3 X137.226 Y103.851 E433.74297
G1 X137.046 Y103.472 E433.75516
G1 F1367.5 X136.599 Y103.108 E433.77148
G1 F1379.3 X136.286 Y102.951 E433.7813
G1 F1363.6 X136.671 Y103.422 E433.79857
G1 F1333.3 X136.868 Y103.939 E433.81464
G1 F1326 X136.932 Y104.391 E433.82797
G1 F1340.8 X136.834 Y104.756 E433.83888
G1 F2700 E426.83888
G0 F9000 X136.81 Y104.72
G0 X136.45 Y105.086
G0 X135.718 Y105.442
G0 X135.833 Y106.253
G1 F2700 E433.83888
G1 F826.2 X135.558 Y105.687 E433.86837
G1 F792.1 X135.471 Y105.448 E433.8808
G1 F784.3 X135.386 Y105.326 E433.88814
G1 F817.7 X134.533 Y103.569 E433.98061
G0 F9000 X134.047 Y103.01
G1 F1509.4 X134.027 Y103.043 E433.9816
G1 X133.969 Y103.01 E433.98331
G1 X134.027 Y102.977 E433.98502
G0 F9000 X133.85 Y102.995
G0 X133.46 Y103.123
G0 X133.111 Y103.876
G1 F880.7 X133.13 Y104.046 E433.99254
G1 F919.5 X133.22 Y104.244 E434.0017
G1 F2700 E427.0017
G0 F9000 X133.659 Y104.619
G0 X133.997 Y105.356
G0 X133.893 Y105.676
G1 F2700 E434.0017
G1 F1023.5 X133.908 Y105.893 E434.00993
G1 F973.6 X133.972 Y106.081 E434.01782
G0 F9000 X134.036 Y105.443
G0 X133.953 Y105.011
;TYPE:WALL-OUTER
G1 F1411.8 X133.931 Y105.047 E434.01898
G1 X133.869 Y105.011 E434.02095
G1 X133.931 Y104.975 E434.02291
G1 F2700 E427.02291
G0 F9000 X134.036 Y105.443
G0 X135.045 Y105.154
G0 X135.968 Y105.206
G1 F2700 E434.02291
G1 F935.7 X136.116 Y105.16 E434.02933
G1 F2700 E427.02933
G0 F9000 X136.527 Y105.065
G0 X136.965 Y105.371
G0 X135.928 Y105.875
G0 X136.534 Y106.754
G1 F2700 E434.02933
G1 F1500 X135.927 Y105.507 E434.06512
G1 F1375.4 X135.896 Y105.368 E434.06913
G1 F1083.5 X135.968 Y105.206 E434.07546
G1 X135.795 Y105.162 E434.08184
G1 F1375.4 X135.723 Y105.083 E434.08485
G1 F1500 X134.79 Y103.158 E434.14006
G1 X134.485 Y103.157 E434.14794
G1 X134.339 Y103.095 E434.15203
G1 X134.285 Y102.98 E434.15531
G1 F1352.1 X134.276 Y102.827 E434.1597
G1 F1073.8 X134.382 Y102.662 E434.16677
G1 F1134.8 X133.984 Y102.719 E434.18049
G1 F1379.3 X133.653 Y102.853 E434.19051
G1 F1290.3 X133.432 Y102.99 E434.19831
G1 F1293.8 X133.21 Y103.088 E434.20557
G1 F1428.6 X132.937 Y103.333 E434.21551
G1 F1500 X132.748 Y103.651 E434.22506
G1 X132.711 Y103.871 E434.23082
G1 X132.754 Y104.173 E434.23869
G1 X132.934 Y104.492 E434.24814
G1 X133.208 Y104.702 E434.25705
G1 X133.427 Y104.777 E434.26303
G1 X133.816 Y104.788 E434.27307
G1 X133.86 Y104.817 E434.27443
G1 X133.979 Y104.724 E434.27833
G1 X133.732 Y104.45 E434.28785
G1 X133.516 Y104.004 E434.30064
G1 X133.491 Y103.652 E434.30975
G1 F1428.6 X133.547 Y103.352 E434.31802
G1 F1297.3 X133.636 Y103.227 E434.3226
G1 F1311.5 X133.8 Y103.224 E434.32744
G1 F1445.8 X133.963 Y103.336 E434.33274
G1 F1500 X135.57 Y106.652 E434.42784
G1 X136.151 Y106.683 E434.44286
G1 X136.534 Y106.754 E434.45292
G0 F9000 X137.099 Y107.266
G1 F1000 X136.677 Y107.37 E434.46974
G1 F1081.1 X136.386 Y107.406 E434.48024
G1 F1073.8 X135.975 Y107.401 E434.49506
G1 F1045.8 X135.908 Y107.392 E434.49756
G1 F1218.3 X135.447 Y107.203 E434.5134
G1 F1450.2 X135.084 Y107.017 E434.52429
G1 F1463.4 X134.666 Y106.612 E434.53968
G1 F1500 X134.471 Y106.309 E434.54898
G1 X134.263 Y105.815 E434.56282
G1 X134.169 Y105.192 E434.57908
G1 X133.955 Y105.15 E434.58471
G1 X133.934 Y105.207 E434.58628
G1 X133.738 Y105.301 E434.59189
G1 X133.61 Y105.451 E434.59698
G1 X133.55 Y105.61 E434.60136
G1 X133.543 Y105.944 E434.60998
G1 X133.637 Y106.242 E434.61805
G1 X133.811 Y106.502 E434.62612
G1 X134.102 Y106.816 E434.63717
G1 X134.525 Y107.075 E434.64997
G1 F1481.5 X134.812 Y107.198 E434.65813
G1 F1467.9 X135.109 Y107.298 E434.6664
G1 X135.44 Y107.368 E434.67532
G1 F1218.3 X135.908 Y107.392 E434.69021
G0 F9000 X137.455 Y107.044
G0 X137.099 Y107.266
G1 F1043.5 X137.308 Y107.25 E434.69799
G1 F1315.1 X137.605 Y107.165 E434.70709
G1 F1500 X137.91 Y106.971 E434.71642
G1 X138.173 Y106.639 E434.72735
G1 X138.243 Y106.343 E434.7352
G1 X138.208 Y105.972 E434.74482
G1 X137.925 Y105.53 E434.75836
G1 F1355.9 X137.607 Y105.296 E434.76963
G1 F1185.2 X137.15 Y105.171 E434.78511
G1 F1230.8 X137.093 Y105.012 E434.79042
G1 F1415.9 X137.112 Y104.863 E434.79453
G1 F1500 X137.432 Y104.532 E434.80641
G1 X137.548 Y104.149 E434.81674
G1 X137.523 Y103.77 E434.82655
G1 X137.351 Y103.431 E434.83636
G1 X137.194 Y103.218 E434.84319
G1 X136.995 Y103.027 E434.85031
G1 X136.755 Y102.858 E434.85788
G1 X136.483 Y102.721 E434.86574
G1 X136.072 Y102.587 E434.8769
G1 X135.689 Y102.522 E434.88693
G1 F1407.6 X135.337 Y102.519 E434.89661
G1 F1039 X135.013 Y102.601 E434.90906
G1 X135.314 Y102.737 E434.92137
G1 F1407.6 X135.48 Y102.798 E434.92623
G1 F1500 X135.804 Y102.959 E434.93557
G1 X136.137 Y103.233 E434.9467
G1 X136.402 Y103.553 E434.95743
G1 X136.571 Y103.989 E434.96949
G1 X136.629 Y104.37 E434.97944
G1 X136.536 Y104.703 E434.98836
G1 F1297.3 X136.27 Y105.068 E435.00184
G1 F1023.5 X136.116 Y105.16 E435.00863
G1 X136.307 Y105.197 E435.01599
G1 F1297.3 X136.62 Y105.328 E435.02611
G1 F1415.9 X136.67 Y105.335 E435.02749
G1 F1263.2 X136.998 Y105.494 E435.03867
G1 F1307.9 X137.157 Y105.769 E435.04807
G1 F1472.4 X137.389 Y106.215 E435.06129
G1 F1500 X137.452 Y106.618 E435.07182
G1 F1387.3 X137.413 Y106.814 E435.07739
G1 F1200 X137.206 Y107.158 E435.09035
G1 F1025.6 X137.099 Y107.266 E435.09608
G1 F2700 E428.09608
G0 F9000 X137.519 Y106.996
G0 X137.655 Y106.631
G0 X137.587 Y106.168
G0 X137.331 Y105.677
G0 X136.703 Y105.08
G0 X136.714 Y104.812
G0 X136.829 Y104.386
G0 X136.766 Y103.946
G0 X136.583 Y103.457
G0 X136.263 Y103.075
G0 X136.054 Y102.908
G0 X135.693 Y102.702
G0 X135.013 Y102.601
G1 F2700 E435.09608
G1 F879.1 X134.807 Y102.605 E435.10516
G1 F928.4 X134.491 Y102.638 E435.11841
G1 F952.4 X134.382 Y102.662 E435.12294
G1 F2700 E428.12294
;MESH:NONMESH
G0 F300 X134.382 Y102.662 Z0.8
G0 F9000 X133.888 Y102.987
G0 X133.606 Y103.042
G0 X69.874 Y95.624
G0 X69.612 Y95.783
;TIME_ELAPSED:888.757684
;BEGIN FilamentChange plugin
M600
;END FilamentChange plugin
;LAYER:3
M106 S255
;TYPE:WALL-INNER
;MESH:baby_shower.stl
G1 F2700 E435.12294
G1 F977.6 X69.518 Y96.157 E435.13821
G1 F1098.4 X69.402 Y96.495 E435.15081
G1 F1256.5 X69.044 Y97.341 E435.17911
G1 F1273.2 X68.913 Y97.807 E435.19383
G1 F1100.9 X68.844 Y97.981 E435.20042
G1 F1043.5 X68.855 Y98.446 E435.21767
G1 F1083.5 X69.041 Y98.784 E435.23146
G1 F2700 E428.23146
G0 F9000 X69.353 Y98.918
G0 X71.196 Y98.299
G0 X71.464 Y98.681
G1 F2700 E435.23146
G1 F1243.5 X71.268 Y97.964 E435.2546
G1 F1090.9 X71.215 Y97.667 E435.2653
G1 F1061.9 X71.123 Y96.875 E435.29437
G1 F914.3 X71.145 Y96.497 E435.31041
G1 F863.3 X71.073 Y96.114 E435.32788
G1 F895.5 X71.032 Y95.739 E435.34419
G1 F897.2 X71.052 Y95.544 E435.35265
G1 F1034.5 X71.252 Y95.248 E435.36602
G1 F1162.2 X71.466 Y95.125 E435.37424
G1 X71.299 Y94.475 E435.3966
G1 X71.14 Y93.907 E435.41624
G1 X71.092 Y94.12 E435.42352
G1 X71.045 Y94.503 E435.43637
G1 X71.007 Y95.144 E435.45776
G1 F1034.5 X71.052 Y95.544 E435.47282
G0 F9000 X70.848 Y95.743
G0 X69.875 Y95.615
G0 X69.612 Y95.783
G1 F1093.4 X69.781 Y95.617 E435.48121
G1 F1326 X69.769 Y95.459 E435.48584
G1 F1352.1 X69.801 Y95.21 E435.49303
G1 F1375.4 X69.814 Y94.838 E435.5035
G1 F1355.9 X69.676 Y94.387 E435.51697
G1 F1359.8 X69.499 Y94.016 E435.52867
G1 F1399.4 X69.125 Y93.719 E435.54189
G1 F1420.1 X68.729 Y93.615 E435.55305
G1 X68.934 Y93.812 E435.5608
G1 X69.158 Y94.153 E435.57192
G1 F1391.3 X69.17 Y94.156 E435.57227
G1 F1367.5 X69.315 Y94.438 E435.58124
G1 F1379.3 X69.45 Y94.855 E435.59355
G1 F1352.1 X69.469 Y95.154 E435.60212
G1 F1326 X69.363 Y95.321 E435.6079
G1 X69.454 Y95.403 E435.61148
G1 F1093.4 X69.612 Y95.783 E435.62605
G1 F2700 E428.62605
G0 F9000 X69.875 Y95.615
G0 X72.97 Y96.502
G0 X73.082 Y96.073
G1 F2700 E435.62605
G1 F1280 X73.092 Y95.732 E435.63637
G1 F1140.1 X73.017 Y94.528 E435.67733
G1 F1095.9 X73.033 Y94.256 E435.68695
G1 F2700 E428.68695
G0 F9000 X73.208 Y94.933
G0 X74.498 Y94.757
G0 X74.765 Y94.898
G1 F2700 E435.68695
G1 F1048 X74.815 Y95.284 E435.70133
G1 F1209.1 X74.842 Y95.604 E435.71162
G1 F1215.2 X74.908 Y95.935 E435.72237
G1 F1253.3 X75.017 Y96.231 E435.73211
G1 F2700 E428.73211
G0 F9000 X75.435 Y96.707
G0 X77.768 Y96.495
G0 X77.989 Y96.505
G1 F2700 E435.73211
G1 F935.7 X77.935 Y96.011 E435.75267
G1 F932 X77.913 Y95.647 E435.76782
G1 F892.2 X77.91 Y95.146 E435.78956
G1 F806.7 X77.873 Y94.856 E435.80359
G1 F840.6 X77.947 Y94.555 E435.81787
G1 F973.6 X77.985 Y94.285 E435.82871
G1 F952.4 X78.078 Y94.069 E435.83827
G1 F893.9 X78.189 Y93.955 E435.84516
G1 F879.1 X78.326 Y93.889 E435.85186
G1 F2700 E428.85186
G0 F9000 X78.324 Y93.872
G0 X78.611 Y93.921
G0 X79.194 Y92.93
G0 X79.703 Y92.65
G0 X80.136 Y92.552
G0 X80.571 Y92.565
G0 X80.978 Y92.74
G0 X81.241 Y92.989
G0 X81.579 Y93.521
G0 X82.392 Y94.453
G1 F2700 E435.85186
G1 F1367.5 X82.328 Y94.785 E435.86143
G1 F1215.2 X82.344 Y95.435 E435.88214
G1 F1237.1 X82.427 Y95.682 E435.8903
G1 F2700 E428.8903
G0 F9000 X82.657 Y96.053
G0 X84.906 Y95.918
G0 X85.181 Y96.194
G1 F2700 E435.8903
G1 F805.4 X85.215 Y96.443 E435.90238
G0 F9000 X85.181 Y96.194
G1 F875.9 X85.462 Y95.7 E435.9275
G1 F989.7 X85.614 Y95.625 E435.93413
G1 F1023.5 X85.507 Y95.074 E435.95536
G1 F1021.3 X85.415 Y94.729 E435.9689
G1 F1002.1 X85.337 Y94.318 E435.98506
G1 X85.29 Y93.995 E435.99767
G1 X85.194 Y94.429 E436.01484
G1 X85.09 Y94.651 E436.02431
G1 X84.909 Y94.803 E436.03344
G1 F1010.5 X85.073 Y95.19 E436.04955
G1 F993.8 X85.09 Y95.526 E436.06265
G1 F875.9 X85.181 Y96.194 E436.09245
G0 F9000 X85.464 Y96.529
G0 X86.307 Y96.294
G0 X86.537 Y96.493
G1 F1266.5 X86.699 Y96.321 E436.09967
G1 X86.755 Y96.066 E436.10765
G1 X86.75 Y95.74 E436.11762
G1 X86.733 Y95.517 E436.12446
G1 X86.644 Y95.714 E436.13107
G1 X86.47 Y95.884 E436.1385
G1 X86.329 Y95.927 E436.14301
G1 X86.439 Y96.278 E436.15425
G1 X86.537 Y96.493 E436.16147
G0 F9000 X85.957 Y95.964
;TYPE:WALL-OUTER
G1 F1500 X86.038 Y96.029 E436.16416
G1 X86.149 Y96.388 E436.17385
G1 X86.306 Y96.734 E436.18366
G1 X86.451 Y96.822 E436.18804
G1 X86.651 Y96.792 E436.19326
G1 X86.872 Y96.633 E436.20028
G1 X86.991 Y96.437 E436.2062
G1 X87.064 Y96.097 E436.21518
G1 X87.058 Y95.719 E436.22494
G1 X87.027 Y95.264 E436.23671
G1 F1344.5 X87.065 Y95.079 E436.24214
G1 F1098.4 X87.191 Y94.956 E436.24835
G1 X86.971 Y94.957 E436.2561
G1 F1344.5 X86.692 Y95.078 E436.26486
G1 F1500 X86.47 Y95.349 E436.2739
G1 X86.314 Y95.616 E436.28188
G1 X86.099 Y95.629 E436.28744
G1 X85.979 Y95.535 E436.29138
G1 X85.768 Y94.661 E436.31458
G1 X85.692 Y94.266 E436.32497
G1 X85.596 Y93.595 E436.34246
G1 X85.526 Y93.485 E436.34583
G1 X85.381 Y93.446 E436.3497
G1 X85.262 Y93.474 E436.35286
G1 X85.091 Y93.591 E436.3582
G1 X84.952 Y93.861 E436.36604
G1 X84.831 Y94.411 E436.38058
G1 X84.739 Y94.487 E436.38366
G1 F1259.8 X84.538 Y94.541 E436.39005
G1 F989.7 X84.407 Y94.485 E436.39563
G1 F1124.1 X84.519 Y94.816 E436.40766
G1 F1486.1 X84.717 Y95.265 E436.42044
G1 F1500 X84.722 Y95.531 E436.42731
G1 X84.768 Y96.309 E436.44743
G1 X84.85 Y96.74 E436.45875
G1 X84.917 Y96.84 E436.46186
G1 X85.215 Y96.889 E436.46965
G1 X85.54 Y96.76 E436.47868
G1 X85.609 Y96.69 E436.48121
G1 X85.644 Y96.543 E436.48511
G1 X85.601 Y96.169 E436.49483
G1 X85.681 Y95.995 E436.49977
G1 X85.821 Y95.946 E436.5036
G1 X85.957 Y95.964 E436.50714
G1 F2700 E429.50714
G0 F9000 X86.254 Y95.938
G0 X86.827 Y95.231
G0 X87.191 Y94.956
G1 F2700 E436.50714
G1 F997.9 X87.296 Y94.95 E436.51122
G1 F969.7 X87.592 Y95.118 E436.52481
G1 F979.6 X87.803 Y95.342 E436.53697
G1 F1006.3 X87.855 Y95.412 E436.54033
G1 F2700 E429.54033
G0 F9000 X85.776 Y95.431
G0 X84.407 Y94.485
G1 F2700 E436.54033
G1 F924.9 X84.232 Y94.194 E436.55454
G1 F904 X83.977 Y93.869 E436.57223
G1 F860.2 X83.695 Y93.617 E436.58925
G1 F880.7 X83.375 Y93.518 E436.60398
G1 F866.4 X83.03 Y93.57 E436.61957
G0 F9000 X82.734 Y93.809
G0 X82.572 Y94.037
G0 X82.4 Y94.551
G0 X82.393 Y95.117
G0 X82.807 Y94.925
G1 F1126.8 X83.163 Y95.004 E436.6321
G1 F991.7 X83.356 Y95.111 E436.64071
G1 F900.6 X83.687 Y95.408 E436.65983
G1 F849.6 X83.908 Y95.825 E436.68134
G1 F814.9 X83.998 Y96.218 E436.70049
G1 F810.8 X83.957 Y96.558 E436.71684
G1 F852.6 X83.841 Y96.717 E436.72578
G1 F914.3 X83.598 Y96.86 E436.73772
G1 F979.6 X83.44 Y96.824 E436.74412
G1 F1019.1 X83.187 Y96.671 E436.75536
G1 F1036.7 X82.812 Y96.17 E436.77872
G1 F1021.3 X82.746 Y96.007 E436.78539
G1 F1203 X82.714 Y95.601 E436.7985
G1 F1500 X82.686 Y95.497 E436.80128
G1 X82.634 Y95.128 E436.8109
G1 F1432.8 X82.675 Y95 E436.81453
G1 F1293.8 X82.807 Y94.925 E436.81907
G1 X82.674 Y94.852 E436.82361
G1 F1432.8 X82.634 Y94.772 E436.82603
G1 F1304.3 X82.736 Y94.057 E436.84746
G1 F1165 X82.807 Y93.956 E436.85157
G1 F1061.9 X83.004 Y93.579 E436.86707
G1 X82.567 Y93.731 E436.88394
G1 F1237.1 X82.303 Y94.017 E436.89612
G1 F1395.3 X82.121 Y94.358 E436.90685
G1 F1500 X82.021 Y94.753 E436.91736
G1 X82.042 Y95.314 E436.93185
G1 F1411.8 X81.977 Y95.43 E436.9355
G1 F1209.1 X81.779 Y95.484 E436.94207
G1 X82.005 Y95.576 E436.94988
G1 F1411.8 X82.113 Y95.679 E436.95398
G1 F1500 X82.143 Y95.77 E436.95645
G1 F1293.8 X82.28 Y96.02 E436.96498
G1 F1066.7 X82.38 Y96.152 E436.97099
G1 F1021.3 X82.492 Y96.38 E436.98062
G1 F1052.6 X82.668 Y96.585 E436.99056
G1 F1066.7 X83.056 Y96.819 E437.007
G1 F1052.6 X83.3 Y96.869 E437.01616
G1 F995.9 X83.598 Y96.86 E437.02775
G1 F2700 E430.02775
G0 F9000 X83.033 Y96.681
G0 X82.288 Y95.428
G0 X81.779 Y95.484
G1 F2700 E437.02775
G1 F1103.4 X81.663 Y95.447 E437.03202
G1 F2700 E430.03202
G0 F9000 X81.174 Y95.463
G0 X81.129 Y96.381
G0 X80.959 Y96.934
G0 X80.419 Y97.069
G0 X80.55 Y96.921
G1 F2700 E437.03202
G1 F1253.3 X80.383 Y96.809 E437.03824
G1 F1240.3 X80.263 Y96.323 E437.05386
G1 F1300.8 X80.319 Y95.995 E437.06376
G1 F1311.5 X80.412 Y95.752 E437.07145
G1 F1106 X80.595 Y95.542 E437.0812
G1 F1036.7 X80.49 Y95.572 E437.08527
G1 F1212.1 X80.212 Y95.724 E437.09539
G1 F1383.3 X80.065 Y95.948 E437.10289
G1 F1283.4 X80.006 Y96.131 E437.10869
G1 F1142.9 X79.583 Y96.103 E437.12305
G1 F939.3 X79.442 Y95.51 E437.14818
G1 F817.7 X79.484 Y94.996 E437.17259
G1 F810.8 X79.535 Y94.703 E437.18679
G1 F914.3 X79.68 Y94.408 E437.20071
G1 F1057.3 X79.794 Y94.148 E437.21111
G1 F1113.7 X80.01 Y93.866 E437.22346
G1 F1200 X80.16 Y93.78 E437.22903
G1 F1218.3 X80.274 Y93.775 E437.23266
G1 F1212.1 X80.381 Y93.842 E437.23669
G1 F1266.5 X80.629 Y94.187 E437.24968
G1 F1256.5 X80.812 Y94.611 E437.26391
G1 F1165 X80.95 Y95.205 E437.28417
G1 F1036.7 X80.952 Y95.356 E437.28981
G1 F975.6 X80.8 Y95.492 E437.29791
G1 F995.9 X80.633 Y95.528 E437.30455
G1 F1000 X80.749 Y95.506 E437.30912
G1 F979.6 X80.948 Y95.556 E437.31723
G1 F987.7 X81.016 Y95.637 E437.32137
G1 F1034.5 X81.021 Y96.171 E437.34136
G1 F1071.4 X80.985 Y96.475 E437.35242
G1 F1111.1 X80.876 Y96.786 E437.3639
G1 F1209.1 X80.72 Y96.901 E437.37011
G1 F1266.5 X80.55 Y96.921 E437.37534
G0 F9000 X80.519 Y97.227
G1 F1266.5 X80.814 Y97.182 E437.38446
G1 F1240.3 X81.11 Y96.996 E437.39538
G1 F1170.7 X81.321 Y96.678 E437.408
G1 F1098.4 X81.394 Y96.196 E437.42518
G1 F1034.5 X81.376 Y95.56 E437.44899
G1 F1025.6 X81.5 Y95.458 E437.45505
G1 F1071.4 X81.663 Y95.447 E437.46095
G1 F1030 X81.336 Y95.372 E437.47356
G1 F1057.3 X81.287 Y95.103 E437.48358
G1 F1188.1 X81.112 Y94.519 E437.50344
G1 F1259.8 X80.866 Y94.023 E437.52045
G1 F1269.8 X80.612 Y93.636 E437.53457
G1 F1215.2 X80.473 Y93.51 E437.54054
G1 F1197 X80.345 Y93.459 E437.545
G1 F1215.2 X80.012 Y93.501 E437.55569
G1 F1179.4 X79.735 Y93.662 E437.56621
G1 F1095.9 X79.456 Y93.993 E437.5815
G1 F1054.9 X79.344 Y94.233 E437.59122
G1 F914.3 X79.211 Y94.412 E437.60067
G1 F806.7 X79.063 Y94.415 E437.60777
G1 F786.9 X78.848 Y94.285 E437.62013
G1 F788.2 X78.976 Y94.57 E437.63548
G1 F808.1 X79.107 Y94.935 E437.65406
G1 F817.7 X79.294 Y95.558 E437.68485
G1 F1021.3 X79.275 Y95.965 E437.7003
G1 F1304.3 X79.34 Y96.349 E437.71186
G1 F1269.8 X79.464 Y96.358 E437.71565
G1 F1509.4 X79.758 Y96.29 E437.72339
G1 F1454.5 X79.977 Y96.333 E437.72933
G1 F1215.2 X80.027 Y96.671 E437.74021
G1 F1233.9 X80.134 Y96.993 E437.75086
G1 F1218.3 X80.285 Y97.166 E437.75816
G1 F1227.6 X80.519 Y97.227 E437.76578
G1 F2700 E430.76578
G0 F9000 X80.355 Y97.021
G0 X80.167 Y96.627
G0 X78.22 Y96.631
G0 X78.069 Y96.885
G1 F2700 E437.76578
G1 F1500 X78.415 Y96.73 E437.77557
G1 X78.35 Y96.368 E437.78506
G1 X78.306 Y95.969 E437.79542
G1 X78.294 Y95.701 E437.80235
G1 X78.323 Y94.401 E437.83591
G1 X78.427 Y94.271 E437.8402
G1 F1010.5 X78.797 Y94.211 E437.85457
G1 F991.7 X78.764 Y93.858 E437.86841
G1 F1459 X78.665 Y93.615 E437.87537
G1 F1500 X78.463 Y93.496 E437.88142
G1 X78.263 Y93.498 E437.88658
G1 X78.065 Y93.561 E437.89194
G1 X77.922 Y93.66 E437.89643
G1 X77.734 Y93.884 E437.90398
G1 X77.533 Y94.579 E437.92265
G1 F1337 X77.349 Y94.675 E437.92866
G1 F1113.7 X77.197 Y94.636 E437.93412
G1 X77.314 Y94.765 E437.94017
G1 F1266.5 X77.512 Y95.109 E437.95231
G1 F1415.9 X77.533 Y95.68 E437.96793
G1 F1500 X77.631 Y96.755 E437.99579
G1 X77.704 Y96.858 E437.99905
G1 X77.801 Y96.899 E438.00177
G1 X78.069 Y96.885 E438.00869
G1 F2700 E431.00869
G0 F9000 X78.028 Y96.628
G0 X77.775 Y96.569
G0 X76.185 Y96.713
G1 F2700 E438.00869
G1 F1307.9 X76.431 Y96.569 E438.01713
G1 F1454.5 X76.619 Y96.364 E438.02453
G1 F1407.6 X76.743 Y96.084 E438.03296
G1 F1352.1 X76.8 Y95.586 E438.04731
G1 F1233.9 X76.788 Y95.202 E438.05936
G1 F1064.3 X76.687 Y94.824 E438.07359
G1 F1032.3 X76.736 Y94.669 E438.07969
G1 F1066.7 X76.858 Y94.554 E438.08578
G1 X77.005 Y94.519 E438.09126
G1 F1116.3 X76.662 Y94.416 E438.10368
G1 F1230.8 X76.49 Y93.989 E438.11816
G1 F1329.6 X76.368 Y93.808 E438.12452
G1 F1090.9 X76.143 Y93.683 E438.13365
G1 F826.2 X75.944 Y93.653 E438.14308
G1 X76.066 Y93.78 E438.15134
G1 F1069 X76.226 Y94.113 E438.16471
G1 F1170.7 X76.394 Y94.544 E438.18001
G1 F1032.3 X76.262 Y94.818 E438.19142
G1 F997.9 X76.276 Y94.989 E438.19807
G1 X76.412 Y95.028 E438.20356
G1 F1111.1 X76.509 Y95.209 E438.21072
G1 F1304.3 X76.526 Y95.477 E438.21869
G1 F1371.4 X76.51 Y95.794 E438.22765
G1 F1391.3 X76.46 Y96.095 E438.23614
G1 F1428.6 X76.31 Y96.466 E438.24698
G1 F1322.3 X76.05 Y96.763 E438.25854
G1 F1200 X76.185 Y96.713 E438.26319
G0 F9000 X76.022 Y96.773
G1 F1059.6 X75.861 Y96.824 E438.26936
G1 F1170.7 X75.69 Y96.746 E438.27557
G1 F1326 X75.426 Y96.448 E438.2872
G1 F1437.1 X75.225 Y95.91 E438.30267
G1 F1500 X75.164 Y95.629 E438.31009
G1 X75.126 Y95.166 E438.32208
G1 X75.144 Y94.928 E438.32824
G1 F1224.5 X75.097 Y94.657 E438.33694
G1 F1010.5 X75.244 Y94.113 E438.35852
G1 F963.9 X75.463 Y93.748 E438.37562
G1 F907.4 X75.577 Y93.643 E438.38223
G1 F950.5 X75.201 Y93.797 E438.39878
G1 F1036.7 X74.977 Y94.005 E438.4102
G1 X74.816 Y94.259 E438.42143
G1 F1023.5 X74.744 Y94.45 E438.42915
G1 F1073.8 X74.653 Y94.521 E438.43331
G1 F1170.7 X74.429 Y94.561 E438.44084
G1 F1041.2 X74.231 Y94.489 E438.44867
G1 F1106 X74.405 Y94.978 E438.46684
G1 F1437.1 X74.405 Y95.021 E438.468
G1 F1500 X74.498 Y95.309 E438.47581
G1 X74.526 Y95.65 E438.48464
G1 X74.605 Y96.027 E438.49458
G1 X74.748 Y96.382 E438.50446
G1 X74.972 Y96.68 E438.51408
G1 X75.238 Y96.851 E438.52224
G1 X75.421 Y96.877 E438.52701
G1 F1256.5 X75.861 Y96.824 E438.54067
G1 F2700 E431.54067
G0 F9000 X75.361 Y96.677
G0 X74.572 Y94.786
G0 X74.231 Y94.489
G1 F2700 E438.54067
G1 F923.1 X74.15 Y94.326 E438.5483
G1 F874.3 X73.88 Y93.861 E438.57211
G1 F2700 E431.57211
G0 F9000 X73.367 Y93.697
G0 X74.913 Y94.304
G0 X75.577 Y93.643
G1 F2700 E438.57211
G1 F851.1 X75.778 Y93.608 E438.58139
G1 F790.8 X75.944 Y93.653 E438.58981
G1 F2700 E431.58981
G0 F9000 X76.366 Y94.071
G0 X76.365 Y94.831
G0 X77.091 Y93.328
G0 X76.648 Y92.871
G0 X76.251 Y92.7
G0 X75.661 Y92.635
G0 X73.43 Y92.623
G0 X72.027 Y93.032
G0 X71.906 Y95.528
G1 F2700 E438.58981
G1 F989.7 X72.145 Y96.103 E438.61417
G1 F944.9 X72.35 Y96.435 E438.63016
G0 F9000 X71.866 Y96.684
G1 F1266.5 X72.077 Y96.968 E438.64097
G1 F1159.4 X72.291 Y97.331 E438.65504
G1 F1090.9 X72.432 Y97.645 E438.66726
G1 F1039 X72.545 Y97.962 E438.6798
G1 F991.7 X72.631 Y98.298 E438.69334
G1 F941.2 X72.687 Y98.631 E438.70723
G1 F871.1 X72.703 Y99.078 E438.72711
G1 F826.2 X72.652 Y99.299 E438.73774
G1 F857.1 X72.524 Y99.48 E438.74775
G1 F898.9 X72.412 Y99.54 E438.75322
G0 F9000 X72.272 Y99.605
G1 F930.2 X72.412 Y99.54 E438.75965
G1 X72.271 Y99.541 E438.76551
G1 F989.7 X72.077 Y99.417 E438.77452
G1 F1014.8 X71.817 Y98.978 E438.79399
G1 F1203 X71.592 Y97.872 E438.83031
G1 F1500 X71.522 Y97.396 E438.84273
G1 X71.469 Y96.842 E438.85709
G1 X71.549 Y96.661 E438.8622
G1 F1450.2 X71.758 Y96.617 E438.8679
G1 F1375.4 X71.866 Y96.684 E438.87148
G1 X71.773 Y96.586 E438.87528
G1 F1424.3 X71.54 Y96.371 E438.8839
G1 F1476.9 X71.441 Y96.024 E438.89336
G1 F1500 X71.426 Y95.594 E438.90446
G1 X71.483 Y95.479 E438.90777
G1 X71.648 Y95.413 E438.91236
G1 F1218.3 X71.906 Y95.528 E438.92134
G1 X71.613 Y94.387 E438.95877
G1 F1500 X71.398 Y93.627 E438.97916
G1 X71.339 Y93.56 E438.98146
G1 X71.198 Y93.534 E438.98516
G1 X70.956 Y93.622 E438.99181
G1 X70.845 Y93.739 E438.99597
G1 X70.771 Y94.06 E439.00447
G1 X70.719 Y94.483 E439.01547
G1 X70.681 Y95.138 E439.03241
G1 F1450.2 X70.668 Y95.632 E439.0456
G1 F1221.4 X70.518 Y95.752 E439.05169
G1 X70.676 Y95.864 E439.05783
G1 F1450.2 X70.717 Y96.432 E439.07303
G1 F1500 X70.878 Y97.733 E439.10687
G1 X70.949 Y98.072 E439.11581
G1 X71.189 Y98.774 E439.13495
G1 F1297.3 X71.346 Y99.048 E439.14438
G1 F1069 X71.473 Y99.17 E439.15076
G1 F1025.6 X71.646 Y99.422 E439.16229
G1 F1023.5 X71.959 Y99.635 E439.17661
G1 F977.6 X72.272 Y99.605 E439.18907
G1 F2700 E432.18907
G0 F9000 X71.982 Y99.505
G0 X71.552 Y98.602
G0 X72.79 Y96.634
G0 X72.746 Y96.809
G1 F2700 E439.18907
G1 F1500 X72.908 Y96.77 E439.19337
G1 X73.106 Y96.651 E439.19933
G1 X73.263 Y96.455 E439.20581
G1 X73.373 Y96.136 E439.21452
G1 X73.412 Y95.747 E439.22461
G1 X73.37 Y95.006 E439.24377
G1 X73.359 Y94.53 E439.25606
G1 X73.386 Y93.989 E439.27004
G1 X73.432 Y93.909 E439.27242
G1 F1348.3 X73.656 Y93.796 E439.27962
G1 F989.7 X73.88 Y93.861 E439.28875
G1 F904 X73.744 Y93.563 E439.30277
G1 F1194 X73.494 Y93.499 E439.31114
G1 F1500 X73.199 Y93.558 E439.31891
G1 X72.948 Y93.709 E439.32647
G1 X72.807 Y93.89 E439.33239
G1 X72.702 Y94.185 E439.34047
G1 X72.674 Y94.528 E439.34935
G1 X72.773 Y95.752 E439.38105
G1 X72.789 Y96.284 E439.39478
G1 X72.709 Y96.409 E439.39861
G1 F1290.3 X72.498 Y96.488 E439.40537
G1 F1023.5 X72.35 Y96.435 E439.41132
G1 F1116.3 X72.558 Y96.753 E439.4245
G1 F1441.4 X72.746 Y96.809 E439.42977
G1 F2700 E432.42977
G0 F9000 X72.866 Y96.607
G0 X72.951 Y95.73
G0 X71.27 Y95.783
G0 X70.518 Y95.752
G1 F2700 E439.42977
G1 F1108.5 X70.208 Y95.714 E439.44068
G0 F9000 X69.797 Y95.599
G0 X69.309 Y95.361
G0 X68.827 Y95.286
G1 F890.5 X68.676 Y95.203 E439.44817
G1 F857.1 X68.458 Y95.04 E439.46046
G1 F820.5 X68.256 Y94.869 E439.47295
G1 F776.7 X67.952 Y94.499 E439.49682
G1 F740.7 X67.862 Y94.274 E439.50948
G1 F739.6 X67.846 Y94.007 E439.52349
G1 F758.3 X67.933 Y93.725 E439.53855
G1 F797.3 X68.095 Y93.569 E439.54947
G1 F2700 E432.54947
G0 F9000 X68.52 Y93.555
G0 X69.055 Y94.193
G0 X67.29 Y95.479
G1 F2700 E439.54947
G1 F1191.1 X67.144 Y95.627 E439.55623
G1 F997.9 X67.034 Y95.867 E439.56647
G1 F879.1 X66.982 Y96.175 E439.58023
G1 F827.6 X67.027 Y96.523 E439.59664
G1 F810.8 X67.131 Y96.775 E439.60966
G1 F819.1 X67.447 Y97.166 E439.63342
G1 F843.6 X67.679 Y97.374 E439.64772
G1 F875.9 X68.042 Y97.669 E439.6684
G1 F879.1 X68.31 Y97.857 E439.68281
G1 F2700 E432.68281
G0 F9000 X68.783 Y98.008
G0 X69.232 Y98.905
G0 X69.365 Y99.133
G1 F2700 E439.68281
G1 F1500 X69.492 Y99.041 E439.68686
G1 X69.549 Y98.924 E439.69022
G1 X69.476 Y98.75 E439.69509
G1 X69.246 Y98.507 E439.70372
G1 X69.155 Y98.289 E439.70982
G1 X69.224 Y97.876 E439.72063
G1 X69.321 Y97.449 E439.73193
G1 X69.542 Y96.934 E439.74639
G1 X69.698 Y96.626 E439.75531
G1 X69.849 Y96.282 E439.765
G1 F1467.9 X70.018 Y95.779 E439.779
G1 F1269.8 X70.208 Y95.714 E439.78512
G1 X70.06 Y95.569 E439.79144
G1 F1467.9 X70.097 Y95.219 E439.80072
G1 F1500 X70.1 Y94.939 E439.80795
G1 X70.068 Y94.659 E439.81522
G1 X69.955 Y94.278 E439.82548
G1 X69.805 Y93.971 E439.8343
G1 X69.633 Y93.747 E439.84158
G1 X69.257 Y93.454 E439.85389
G1 X68.845 Y93.346 E439.86488
G1 X68.6 Y93.334 E439.87121
G1 F1224.5 X68.238 Y93.455 E439.88328
G1 F916 X68.095 Y93.569 E439.89101
G1 X68.258 Y93.583 E439.89792
G1 F1224.5 X68.693 Y93.973 E439.91639
G1 F1500 X68.907 Y94.295 E439.92637
G1 X69.025 Y94.523 E439.933
G1 X69.183 Y94.992 E439.94577
G1 X69.165 Y95.1 E439.9486
G1 F1445.8 X69.074 Y95.209 E439.9524
G1 F1090.9 X68.827 Y95.286 E439.96158
G1 F995.9 X69.199 Y95.557 E439.97948
G1 F1283.4 X69.247 Y95.675 E439.98332
G1 F1500 X69.193 Y96.004 E439.99192
G1 X69.079 Y96.446 E440.0037
G1 X68.718 Y97.364 E440.02916
G1 X68.616 Y97.685 E440.03786
G1 F1307.9 X68.5 Y97.828 E440.04331
G1 F995.9 X68.31 Y97.857 E440.05078
G1 X68.47 Y98.023 E440.05974
G1 F1307.9 X68.537 Y98.197 E440.06526
G1 F1500 X68.564 Y98.633 E440.07654
G1 X68.786 Y99.021 E440.08807
G1 X68.989 Y99.158 E440.09439
G1 X69.18 Y99.185 E440.09937
G1 X69.365 Y99.133 E440.10433
G1 F2700 E433.10433
G0 F9000 X69.232 Y98.905
G0 X69.855 Y99.837
G0 X71.247 Y103.024
G0 X72.437 Y104.351
;TYPE:WALL-INNER
G1 F2700 E440.10433
G1 F954.3 X72.665 Y104.488 E440.11512
G1 F872.7 X72.981 Y104.777 E440.13412
G1 F851.1 X73.156 Y104.967 E440.14587
G1 F858.7 X73.444 Y105.394 E440.16909
G1 F810.8 X73.511 Y105.643 E440.18141
G1 F753.5 X73.519 Y105.759 E440.18738
G1 F834.8 X73.667 Y106.056 E440.20277
G1 F971.7 X73.693 Y106.134 E440.20604
G1 F2700 E433.20604
G0 F9000 X74.825 Y106.029
G0 X75.204 Y106.607
G1 F2700 E440.20604
G1 F1311.5 X75.096 Y106.357 E440.21408
G1 F1151.1 X74.971 Y106.022 E440.22611
G1 F1137.4 X74.908 Y105.475 E440.24485
G1 F1237.1 X74.895 Y105.062 E440.25778
G1 X74.909 Y104.854 E440.26431
G1 F2700 E433.26431
G0 F9000 X75.074 Y105.68
G0 X76.542 Y105.392
G0 X76.782 Y105.445
G1 F2700 E440.26431
G1 F1069 X76.852 Y105.97 E440.28349
G1 F1224.5 X76.876 Y106.459 E440.29897
G1 F1027.8 X76.858 Y106.771 E440.31074
G1 F2700 E433.31074
G0 F9000 X77.008 Y106.173
G0 X78.504 Y106.184
G0 X78.7 Y105.985
G1 F2700 E440.31074
G1 F944.9 X78.702 Y106.543 E440.3336
G1 F848.1 X78.778 Y106.841 E440.34764
G1 F854.1 X78.734 Y107.225 E440.36516
G1 F950.5 X78.752 Y107.575 E440.37944
G1 F937.5 X78.814 Y108.149 E440.40328
G1 F965.8 X78.906 Y108.712 E440.42614
G1 F1059.6 X78.996 Y109.115 E440.44123
G1 F1148.3 X79.09 Y109.395 E440.45119
G0 F9000 X78.7 Y105.985
G1 F967.7 X78.767 Y105.737 E440.46147
G1 F997.9 X78.967 Y105.517 E440.473
G1 F1006.3 X79.123 Y105.452 E440.4795
G1 F997.9 X79.012 Y105.069 E440.49497
G1 F987.7 X79.067 Y104.752 E440.50759
G1 X78.919 Y104.598 E440.51596
G1 X78.862 Y104.457 E440.52192
G1 X78.774 Y104.73 E440.53316
G1 X78.623 Y104.91 E440.54237
G1 X78.465 Y104.968 E440.54897
G1 F983.6 X78.686 Y105.617 E440.57595
G1 F963.9 X78.7 Y105.985 E440.59075
G1 F2700 E433.59075
G0 F9000 X81.035 Y105.691
G0 X81.252 Y106.011
G1 F2700 E440.59075
G1 F1061.9 X81.233 Y105.633 E440.60454
G1 F943 X81.184 Y105.22 E440.62162
G1 F840.6 X81.077 Y104.854 E440.63918
G1 F788.2 X81.009 Y104.694 E440.64772
G1 F2700 E433.64772
G0 F9000 X80.408 Y104.174
G0 X79.64 Y103.344
G0 X77.704 Y103.04
G0 X71.413 Y102.972
G0 X70.831 Y103.157
G0 X70.463 Y103.356
G0 X70.022 Y103.785
G0 X68.372 Y105.835
G0 X68.135 Y106.331
G0 X68.066 Y106.697
G0 X68.116 Y107.265
G0 X68.372 Y107.819
G0 X70.177 Y109.925
G0 X70.541 Y110.237
G0 X70.918 Y110.376
G0 X72.33 Y110.481
G0 X72.884 Y110.405
G0 X73.481 Y110.205
G0 X73.926 Y109.765
G0 X74.16 Y109.362
G0 X74.309 Y108.291
G0 X73.922 Y107.871
G0 X72.505 Y107.326
G1 F2700 E440.64772
G1 F1206 X72.48 Y107.368 E440.64929
G1 X72.407 Y107.326 E440.65199
G1 X72.48 Y107.284 E440.6547
G1 F2700 E433.6547
G0 F9000 X72.463 Y107.218
G0 X72.51 Y107.684
G0 X71.422 Y108.122
G0 X70.942 Y108.723
G1 F2700 E440.6547
G1 F1006.3 X70.987 Y108.504 E440.6633
G1 X71.12 Y108.368 E440.67062
G1 X71.276 Y108.289 E440.67734
G1 X71.224 Y108.102 E440.68481
G1 F1106 X71.094 Y107.221 E440.71598
G1 F1124.1 X71.161 Y106.894 E440.72748
G1 F1034.5 X71.323 Y106.75 E440.73559
G1 F1100.9 X71.138 Y106.597 E440.74403
G1 F1263.2 X71.073 Y106.284 E440.75383
G1 F1383.3 X71.082 Y106.126 E440.75826
G1 F981.6 X70.953 Y105.726 E440.77484
G1 F933.9 X70.721 Y106.128 E440.79408
G1 F1151.1 X70.731 Y106.698 E440.81325
G1 F1059.6 X70.742 Y106.758 E440.81548
G1 F1124.1 X70.703 Y107.221 E440.83148
G1 F1165 X70.785 Y108.067 E440.85973
G1 F1054.9 X70.699 Y108.217 E440.86607
G1 F1006.3 X70.795 Y108.313 E440.8713
G1 X70.942 Y108.723 E440.88805
G0 F9000 X70.995 Y109.03
G1 F1403.5 X71.074 Y109.18 E440.89273
G0 F9000 X70.942 Y108.464
G0 X70.953 Y105.726
G1 F764.3 X71.094 Y105.368 E440.91222
G0 F9000 X71.692 Y105.507
;TYPE:WALL-OUTER
G1 F917.8 X72.167 Y105.715 E440.93409
G1 F944.9 X72.515 Y105.842 E440.94927
G1 X72.823 Y105.937 E440.96248
G0 F9000 X73.291 Y105.9
G0 X73.621 Y106.76
G0 X73.437 Y107.105
G1 F1206 X73.708 Y106.932 E440.9728
G1 F1500 X73.907 Y106.583 E440.98317
G1 F1415.9 X74.056 Y106.227 E440.99372
G1 F1215.2 X74.219 Y106.147 E440.99951
G1 F1246.8 X74.042 Y106.048 E441.0058
G1 F1459 X73.923 Y105.517 E441.02024
G1 F1500 X73.724 Y105.083 E441.03257
G1 X73.498 Y104.755 E441.04285
G1 X73.267 Y104.485 E441.05202
G1 X72.873 Y104.163 E441.06515
G1 X72.576 Y104.018 E441.07368
G1 X72.277 Y103.913 E441.08186
G1 X71.968 Y103.856 E441.08997
G1 X71.541 Y103.84 E441.101
G1 F1454.5 X71.129 Y103.98 E441.11258
G1 F1129.4 X70.87 Y104.238 E441.12511
G1 F1093.4 X71.077 Y104.181 E441.13271
G1 F1395.3 X71.536 Y104.292 E441.14582
G1 F1500 X71.96 Y104.462 E441.15761
G1 X72.389 Y104.755 E441.17101
G1 X72.852 Y105.226 E441.18806
G1 X73.078 Y105.579 E441.19888
G1 X73.079 Y105.68 E441.20149
G1 F1420.1 X73.018 Y105.812 E441.20545
G1 F1108.5 X72.823 Y105.937 E441.21354
G1 F1156.6 X73.264 Y106.126 E441.2296
G1 F1500 X73.332 Y106.208 E441.23235
G1 X73.407 Y106.425 E441.23827
G1 X73.427 Y106.72 E441.24591
G1 F1206 X73.385 Y107.046 E441.25646
G1 F933.9 X73.313 Y107.144 E441.2615
G1 X73.437 Y107.105 E441.26689
G0 F9000 X73.621 Y106.76
G0 X73.806 Y106.148
G0 X74.219 Y106.147
G1 F1093.4 X74.44 Y106.147 E441.27471
G1 F2700 E434.27471
G0 F9000 X74.903 Y106.01
G0 X75.04 Y106.239
G0 X75.565 Y107.015
G0 X76.119 Y107.174
G1 F2700 E441.27471
G1 F981.6 X76.29 Y107.1 E441.28206
G0 F9000 X76.119 Y107.174
G1 F1151.1 X75.93 Y107.143 E441.2885
G1 F1363.6 X75.56 Y106.72 E441.30446
G1 F1467.9 X75.388 Y106.251 E441.31763
G1 F1500 X75.274 Y105.816 E441.32924
G1 X75.221 Y105.433 E441.33922
G1 X75.207 Y105.063 E441.34878
G1 X75.258 Y104.534 E441.36249
G1 F1179.4 X75.385 Y104.09 E441.37765
G1 F880.7 X75.492 Y104.008 E441.38358
G1 X75.346 Y103.985 E441.39008
G1 F1124.1 X75.112 Y104.021 E441.39823
G1 F1411.8 X74.855 Y104.225 E441.40723
G1 F1500 X74.701 Y104.494 E441.41523
G1 X74.596 Y104.796 E441.42348
G1 X74.582 Y105.185 E441.43353
G1 X74.594 Y105.521 E441.4422
G1 X74.605 Y105.577 E441.44368
G1 X74.631 Y105.96 E441.45358
G1 F1322.3 X74.547 Y106.107 E441.45854
G1 F1126.8 X74.44 Y106.147 E441.46247
G1 F1221.4 X74.672 Y106.209 E441.47008
G1 F1454.5 X74.959 Y106.775 E441.48697
G1 F1500 X75.151 Y106.991 E441.49443
G1 X75.396 Y107.176 E441.50235
G1 F1472.4 X75.75 Y107.244 E441.51183
G1 F1206 X76.119 Y107.174 E441.52389
G0 F9000 X77.083 Y107.279
G1 F1500 X77.278 Y107.154 E441.52987
G1 X77.295 Y107.047 E441.53266
G1 X77.216 Y106.598 E441.54443
G1 X77.163 Y106.103 E441.55728
G1 X77.152 Y105.627 E441.56957
G1 X77.162 Y105.471 E441.5736
G1 F1237.1 X77.123 Y105.09 E441.58559
G1 F1076.2 X77.172 Y104.755 E441.59777
G1 F991.7 X77.32 Y104.166 E441.62147
G1 F826.2 X77.447 Y104.05 E441.62953
G1 X77.255 Y104.076 E441.63861
G1 F995.9 X77.059 Y104.198 E441.64759
G1 F1100.9 X76.844 Y104.571 E441.66273
G1 F1071.4 X76.752 Y105.017 E441.67918
G1 F1224.5 X76.507 Y105.142 E441.68788
G1 F1326 X76.332 Y105.127 E441.69301
G1 F1165 X76.255 Y105.058 E441.69644
G1 F1283.4 X76.543 Y105.944 E441.72455
G1 F1500 X76.552 Y106.439 E441.73732
G1 X76.474 Y106.72 E441.74485
G1 F1304.3 X76.316 Y107.087 E441.75671
G1 F1093.4 X76.386 Y107.052 E441.75948
G1 F1227.6 X76.639 Y107.085 E441.76753
G1 F1500 X76.823 Y107.281 E441.77447
G1 X77.083 Y107.279 E441.78118
G1 F2700 E434.78118
G0 F9000 X77.018 Y107.026
G0 X76.608 Y105.437
G0 X76.255 Y105.058
G1 F2700 E441.78118
G1 F1121.5 X76.155 Y104.8 E441.79073
G1 F1054.9 X75.995 Y104.446 E441.80499
G1 F939.3 X75.792 Y104.125 E441.82064
G1 F882.4 X75.704 Y104.049 E441.82574
G1 F839.2 X75.492 Y104.008 E441.8357
G1 F2700 E434.8357
G0 F9000 X75.149 Y104.211
G0 X77.011 Y104.533
G0 X77.447 Y104.05
G1 F2700 E441.8357
G1 F763.1 X77.594 Y104.033 E441.84321
G1 F784.3 X77.727 Y104.086 E441.85028
G1 F848.1 X77.906 Y104.363 E441.86533
G1 F912.5 X77.999 Y104.599 E441.87609
G1 F2700 E434.87609
G0 F9000 X78.313 Y104.976
G0 X79.236 Y104.741
G0 X79.614 Y104.479
G1 F2700 E441.87609
G1 F983.6 X79.887 Y104.219 E441.89093
G1 X80.002 Y104.154 E441.89613
G1 F2700 E434.89613
G0 F9000 X80.482 Y104.206
G0 X80.753 Y104.711
G0 X79.242 Y105.152
G0 X79.577 Y105.868
G1 F2700 E441.89613
G1 F895.5 X79.618 Y105.977 E441.90117
G1 F879.1 X79.859 Y106.469 E441.92529
G1 F863.3 X80.001 Y106.699 E441.93742
G1 F868 X80.302 Y107.077 E441.95897
G1 F919.5 X80.521 Y107.244 E441.97056
G1 F987.7 X80.766 Y107.268 E441.98021
G0 F9000 X80.835 Y107.22
G1 F1132.1 X81.083 Y107.1 E441.98963
G1 X81.331 Y106.815 E442.00255
G1 F1124.1 X81.364 Y106.692 E442.00694
G1 F1280 X81.537 Y106.313 E442.01954
G1 F1500 X81.582 Y106.007 E442.02752
G1 X81.6 Y105.7 E442.03546
G1 X81.589 Y105.307 E442.04561
G1 X81.524 Y104.805 E442.05867
G1 X81.374 Y104.479 E442.06794
G1 X81.133 Y104.154 E442.07838
G1 X80.768 Y104.01 E442.08851
G1 X80.582 Y103.988 E442.09334
G1 F1371.4 X80.219 Y104.043 E442.1037
G1 F1124.1 X80.002 Y104.154 E442.1121
G1 X80.2 Y104.186 E442.11901
G1 F1371.4 X80.455 Y104.503 E442.13049
G1 F1500 X80.641 Y104.904 E442.1419
G1 X80.78 Y105.276 E442.15215
G1 X80.872 Y105.689 E442.16307
G1 X80.926 Y106.027 E442.1719
G1 X80.942 Y106.248 E442.17762
G1 F1280 X81.021 Y106.619 E442.1891
G1 F1118.9 X80.944 Y107.097 E442.20585
G1 F1129.4 X80.835 Y107.22 E442.21148
G0 F9000 X81.125 Y106.845
G0 X79.047 Y106.757
G0 X79.522 Y107.06
G1 F1103.4 X79.749 Y107.427 E442.22662
G1 F960 X79.986 Y108.029 E442.25271
G1 F910.8 X80.057 Y108.277 E442.26368
G1 F877.5 X80.142 Y108.669 E442.28138
G1 F821.9 X80.199 Y109.107 E442.30218
G1 F774.2 X80.199 Y109.246 E442.30913
G0 F9000 X79.652 Y109.754
G1 F1500 X79.442 Y109.443 E442.31882
G1 X79.321 Y109.041 E442.32965
G1 X79.23 Y108.458 E442.34488
G1 X79.125 Y107.553 E442.3684
G1 X79.104 Y107.203 E442.37745
G1 X79.14 Y107.075 E442.38088
G1 F1454.5 X79.305 Y106.984 E442.38589
G1 F1304.3 X79.522 Y107.06 E442.39272
G1 F1273.2 X79.078 Y106.529 E442.41376
G1 F1415.9 X79.072 Y105.92 E442.43042
G1 F1500 X79.163 Y105.816 E442.43398
G1 X79.292 Y105.776 E442.43747
G1 F1121.5 X79.577 Y105.868 E442.44781
G1 X79.49 Y105.429 E442.46326
G1 F1500 X79.359 Y104.974 E442.47548
G1 F1215.2 X79.608 Y104.485 E442.49296
G1 F1159.4 X79.401 Y104.519 E442.49996
G1 F1415.9 X79.216 Y104.396 E442.50604
G1 F1500 X79.147 Y104.099 E442.51391
G1 X79.083 Y104.021 E442.51651
G1 X78.744 Y104.006 E442.52527
G1 X78.552 Y104.203 E442.53237
G1 X78.453 Y104.561 E442.54196
G1 X78.399 Y104.625 E442.54412
G1 F1445.8 X78.23 Y104.676 E442.54885
G1 F1116.3 X77.999 Y104.599 E442.55729
G1 F1148.3 X78.079 Y104.97 E442.57009
G1 F1500 X78.328 Y105.677 E442.58943
G1 X78.324 Y106.332 E442.60634
G1 X78.38 Y107.611 E442.63938
G1 X78.44 Y108.204 E442.65476
G1 X78.557 Y108.796 E442.67034
G1 X78.683 Y109.232 E442.68205
G1 X78.804 Y109.552 E442.69088
G1 X79.019 Y109.84 E442.70016
G1 X79.304 Y110.034 E442.70906
G1 X79.561 Y110.095 E442.71587
G1 X79.737 Y110.086 E442.72042
G1 F1472.4 X80.074 Y109.958 E442.7299
G1 F1415.9 X80.208 Y109.836 E442.73486
G1 F1355.9 X80.282 Y109.619 E442.7414
G1 F958.1 X80.199 Y109.246 E442.75684
G1 F851.1 X80.034 Y109.654 E442.77686
G1 F1182.3 X79.858 Y109.788 E442.78411
G1 F1495.3 X79.652 Y109.754 E442.78951
G1 F2700 E435.78951
G0 F9000 X79.439 Y109.898
G0 X78.849 Y109.165
G0 X77.846 Y109.454
G0 X74.209 Y108.869
G0 X72.974 Y109.386
G1 F2700 E442.78951
G1 F1014.8 X73.185 Y109.188 E442.80055
G1 F1061.9 X73.247 Y109.079 E442.80512
G1 X73.284 Y108.786 E442.81589
G1 X73.21 Y108.476 E442.82751
G1 F1108.5 X73.02 Y108.109 E442.84194
G1 F1212.1 X72.723 Y107.7 E442.85809
G1 F1359.8 X72.716 Y107.522 E442.86316
G1 F1486.1 X72.853 Y107.381 E442.86828
G1 F1467.9 X72.933 Y107.355 E442.8705
G1 F1151.1 X73.201 Y107.223 E442.88055
G1 F1023.5 X73.261 Y107.173 E442.8835
G1 F1269.8 X72.854 Y107.1 E442.89611
G1 F1500 X72.43 Y106.99 E442.90741
G1 F1445.8 X72.024 Y106.83 E442.9191
G1 F1395.3 X71.413 Y106.382 E442.94012
G1 F1445.8 X71.369 Y106.262 E442.94354
G1 F1500 X71.394 Y105.685 E442.95845
G1 F1359.8 X71.495 Y105.555 E442.96314
G1 F1041.2 X71.692 Y105.507 E442.97067
G1 F995.9 X71.495 Y105.26 E442.98296
G1 F1283.4 X71.468 Y104.9 E442.99385
G1 F1500 X71.344 Y104.812 E442.99777
G1 F1103.4 X70.955 Y104.845 E443.01147
G1 F780.5 X70.835 Y104.782 E443.01819
G1 X70.836 Y104.931 E443.02558
G1 F1103.4 X70.602 Y105.372 E443.0431
G1 F1504.7 X70.513 Y105.666 E443.051
G1 X70.447 Y106.098 E443.06225
G1 F1500 X70.39 Y106.671 E443.07711
G1 X70.392 Y107.319 E443.09383
G1 X70.44 Y107.911 E443.10916
G1 X70.396 Y108.035 E443.11256
G1 F1437.1 X70.301 Y108.113 E443.11587
G1 F1145.6 X70.053 Y108.128 E443.12427
G1 F1176.5 X70.32 Y108.375 E443.13624
G1 F1486.1 X70.517 Y108.532 E443.1428
G1 F1500 X70.66 Y109.047 E443.15659
G1 X70.85 Y109.363 E443.16611
G1 X70.963 Y109.464 E443.17002
G1 X71.177 Y109.503 E443.17564
G1 X71.359 Y109.39 E443.18116
G1 X71.387 Y109.182 E443.18658
G1 F1454.5 X71.542 Y109.031 E443.19234
G1 X71.353 Y109.097 E443.19767
G1 F1500 X71.25 Y108.863 E443.20427
G1 X71.281 Y108.708 E443.20835
G1 X71.479 Y108.603 E443.21413
G1 F1093.4 X71.747 Y108.66 E443.22383
G1 X71.638 Y108.252 E443.23879
G1 F1500 X71.496 Y107.748 E443.2523
G1 X71.409 Y107.22 E443.26611
G1 X71.447 Y107.101 E443.26934
G1 F1454.5 X71.649 Y106.986 E443.27552
G1 F1407.6 X71.79 Y107.01 E443.27946
G1 F1450.2 X72.083 Y107.363 E443.29171
G1 F1371.4 X72.485 Y107.882 E443.31024
G1 F1209.1 X72.729 Y108.272 E443.32497
G1 F1137.4 X72.888 Y108.678 E443.33981
G1 F1088.4 X72.936 Y109.027 E443.35234
G1 F1014.8 X72.874 Y109.297 E443.36291
G1 F898.9 X72.718 Y109.458 E443.37256
G1 X72.974 Y109.386 E443.38402
G0 F9000 X72.718 Y109.458
G1 F802.7 X72.419 Y109.474 E443.39846
G1 F780.5 X72.061 Y109.217 E443.42032
G1 F802.7 X71.869 Y108.897 E443.43832
G1 F1034.5 X71.542 Y109.031 E443.45154
G0 F9000 X71.869 Y108.897
G1 F837.7 X71.747 Y108.66 E443.46386
G1 F2700 E436.46386
G0 F9000 X71.35 Y108.086
G0 X70.539 Y108.271
G0 X70.053 Y108.128
G1 F2700 E443.46386
G1 F975.6 X69.793 Y107.937 E443.47667
G1 F924.9 X69.402 Y107.609 E443.49803
G1 F863.3 X69.18 Y107.309 E443.51477
G1 F861.8 X69.017 Y106.976 E443.53142
G1 F919.5 X69.032 Y106.57 E443.54853
G1 F1006.3 X69.176 Y106.226 E443.56287
G1 F1173.6 X69.377 Y106.03 E443.57214
G1 F2700 E436.57214
G0 F9000 X70.682 Y105.729
G0 X70.835 Y104.782
G1 F2700 E443.57214
G1 F738.5 X70.75 Y104.505 E443.58733
G1 F823.3 X70.785 Y104.35 E443.5948
G1 F909.1 X70.87 Y104.238 E443.60079
G1 F2700 E436.60079
G0 F9000 X71.421 Y104.072
G0 X73.147 Y104.618
G0 X73.992 Y104.026
G0 X74.172 Y103.681
G0 X74.659 Y103.253
G0 X75.132 Y103.074
G0 X75.672 Y103.026
G0 X80.593 Y103.117
G0 X81.95 Y103.499
G0 X82.745 Y104.4
;TYPE:WALL-INNER
G1 F2700 E443.60079
G1 F1106 X82.693 Y104.529 E443.60565
G1 F1023.5 X82.622 Y104.889 E443.61953
G1 F930.2 X82.574 Y105.489 E443.64459
G1 F884 X82.58 Y106.073 E443.67016
G1 F872.7 X82.612 Y106.548 E443.69128
G1 F897.2 X82.653 Y106.948 E443.70863
G1 F2700 E436.70863
G0 F9000 X82.798 Y106.129
G0 X84.29 Y105.949
G0 X84.584 Y105.986
G1 F2700 E443.70863
G1 F944.9 X84.762 Y105.58 E443.7268
G1 F1073.8 X84.846 Y105.233 E443.73967
G1 F1023.5 X84.798 Y104.928 E443.75135
G1 F1093.4 X84.805 Y104.398 E443.77012
G1 F898.9 X84.709 Y104.048 E443.78575
G1 F869.6 X84.772 Y103.712 E443.80097
G1 F979.6 X84.709 Y103.125 E443.8243
G1 F981.6 X84.594 Y102.611 E443.84507
G1 F1057.3 X84.449 Y102.23 E443.86
G1 F1162.2 X84.407 Y102.155 E443.86286
G1 F2700 E436.86286
G0 F9000 X83.69 Y101.431
G0 X83.134 Y101.295
;TYPE:WALL-OUTER
G1 F2700 E443.86286
G1 F948.6 X82.995 Y101.304 E443.86855
G1 F893.9 X82.743 Y101.471 E443.88164
G1 F810.8 X82.634 Y101.724 E443.8948
G1 F764.3 X82.614 Y101.957 E443.90664
G1 F748.8 X82.651 Y102.189 E443.91879
G1 F812.2 X82.799 Y102.527 E443.93638
G1 F890.5 X83.014 Y102.837 E443.95278
G1 F917.8 X83.247 Y103.127 E443.96847
G1 F943 X83.63 Y103.525 E443.99115
G1 F958.1 X83.986 Y103.871 E444.01121
G0 F9000 X83.529 Y104.498
G1 F900.6 X83.731 Y104.926 E444.03155
G1 F969.7 X84.011 Y105.572 E444.05966
G0 F9000 X84.359 Y105.989
G0 X84.644 Y105.905
G0 X84.646 Y105.636
G0 X85.009 Y105.196
G0 X85.493 Y105.476
G1 F1081.1 X85.763 Y105.835 E444.07575
G1 F1113.7 X85.898 Y106.036 E444.08417
G1 F2700 E437.08417
G0 F9000 X84.857 Y105.907
G0 X84.519 Y107.138
G1 F2700 E444.08417
G1 F1500 X84.718 Y107.061 E444.08967
G1 X84.875 Y106.85 E444.09646
G1 X84.954 Y106.557 E444.10429
G1 X85.086 Y105.546 E444.13061
G1 X85.163 Y105.45 E444.13378
G1 F1399.4 X85.307 Y105.398 E444.13802
G1 F1194 X85.493 Y105.476 E444.14456
G1 X85.358 Y105.28 E444.15228
G1 F1399.4 X85.18 Y105.062 E444.16006
G1 F1500 X85.126 Y104.872 E444.16516
G1 X85.145 Y104.301 E444.17991
G1 X85.122 Y103.594 E444.19816
G1 X85.071 Y103.067 E444.21183
G1 X84.938 Y102.492 E444.22706
G1 X84.708 Y102.005 E444.24096
G1 F1212.1 X84.172 Y101.518 E444.26409
G1 F1014.8 X83.886 Y101.37 E444.27638
G1 F1012.7 X83.502 Y101.277 E444.29148
G1 F971.7 X83.134 Y101.295 E444.30616
G1 X83.46 Y101.385 E444.31964
G1 F1012.7 X83.65 Y101.534 E444.32887
G1 F1010.5 X84.025 Y101.937 E444.34996
G1 F1203 X84.257 Y102.749 E444.37714
G1 F1500 X84.343 Y103.147 E444.38765
G1 X84.404 Y103.701 E444.40203
G1 X84.352 Y103.809 E444.40512
G1 F1472.4 X84.249 Y103.877 E444.40837
G1 F1156.6 X83.986 Y103.871 E444.41718
G1 F1173.6 X84.237 Y104.182 E444.43036
G1 F1500 X84.38 Y104.321 E444.43551
G1 X84.471 Y104.547 E444.44179
G1 X84.47 Y105.479 E444.46585
G1 X84.368 Y105.605 E444.47003
G1 F1273.2 X84.096 Y105.636 E444.47836
G1 F1048 X84.011 Y105.572 E444.48229
G1 F1182.3 X84.092 Y105.893 E444.49313
G1 F1476.9 X84.26 Y106.395 E444.50701
G1 F1500 X84.321 Y106.668 E444.51423
G1 X84.316 Y106.676 E444.51447
G1 X84.444 Y107.078 E444.52536
G1 X84.519 Y107.138 E444.52784
G1 F2700 E437.52784
G0 F9000 X84.616 Y106.859
G0 X84.48 Y106.555
G0 X82.854 Y106.667
G0 X82.825 Y107.318
G1 F2700 E444.52784
G1 F1500 X82.991 Y107.257 E444.5324
G1 X83.05 Y107.168 E444.53516
G1 X82.977 Y106.117 E444.56235
G1 X82.958 Y105.381 E444.58135
G1 X82.97 Y105.113 E444.58828
G1 X83.025 Y104.6 E444.60159
G1 X83.077 Y104.503 E444.60443
G1 F1454.5 X83.276 Y104.424 E444.61013
G1 F1069 X83.529 Y104.498 E444.61968
G1 F954.3 X83.425 Y104.131 E444.63515
G1 F1250 X83.263 Y103.996 E444.64168
G1 F1500 X83.043 Y103.952 E444.64747
G1 X82.726 Y103.983 E444.65569
G1 X82.467 Y104.195 E444.66433
G1 X82.347 Y104.492 E444.6726
G1 X82.258 Y104.821 E444.6814
G1 X82.189 Y105.462 E444.69804
G1 X82.179 Y105.767 E444.70591
G1 X82.186 Y106.099 E444.71448
G1 X82.22 Y106.588 E444.72714
G1 X82.304 Y107.198 E444.74303
G1 X82.399 Y107.283 E444.74632
G1 X82.618 Y107.332 E444.75211
G1 X82.825 Y107.318 E444.75747
G1 F2700 E437.75747
G0 F9000 X82.768 Y107.064
G0 X82.798 Y106.129
G0 X83.766 Y107.631
G0 X84.194 Y107.982
G0 X84.548 Y108.014
G0 X127.826 Y96.845
G0 X129.053 Y96.557
;TYPE:WALL-INNER
G1 F2700 E444.75747
G1 F848.1 X129.134 Y96.819 E444.76998
G1 F846.6 X129.299 Y97.159 E444.78727
G1 F2700 E437.78727
G0 F9000 X129.877 Y97.573
G0 X130.902 Y97.82
G0 X131.213 Y99.025
G1 F2700 E444.78727
G1 F1363.6 X131.21 Y98.439 E444.80391
G1 F1344.5 X131.388 Y97.86 E444.82135
G1 F1318.7 X131.872 Y97.147 E444.84665
G1 F1329.6 X131.986 Y96.913 E444.85423
G1 F1352.1 X132.037 Y96.618 E444.8628
G1 X132.007 Y96.282 E444.87246
G1 X131.898 Y96.016 E444.88069
G1 X131.815 Y96.442 E444.89311
G1 X131.686 Y96.734 E444.90226
G1 F1329.6 X131.557 Y96.958 E444.90978
G1 F1311.5 X131.234 Y97.432 E444.92671
G1 F1329.6 X131.096 Y97.661 E444.9345
G1 F1363.6 X130.941 Y98.13 E444.94852
G1 F1379.3 X130.983 Y98.527 E444.95973
G1 X131.104 Y98.87 E444.96994
G1 F1375.4 X131.213 Y99.025 E444.97527
G1 F2700 E437.97527
G0 F9000 X131.344 Y98.466
G0 X132.485 Y98.193
G0 X132.975 Y98.46
G1 F2700 E444.97527
G1 F1039 X132.919 Y98.46 E444.97736
G1 X132.89 Y98.509 E444.97948
G1 X132.973 Y98.564 E444.98319
G1 F1048 X133.082 Y98.838 E444.99408
G0 F9000 X133.905 Y98.89
G0 X134.107 Y99.175
G1 F1297.3 X134.224 Y99.282 E444.99881
G0 F9000 X134.872 Y99.539
G0 X135.407 Y99.118
G1 F854.1 X135.333 Y98.805 E445.01339
G1 F921.3 X135.124 Y98.423 E445.03169
G1 F893.9 X134.609 Y97.348 E445.08332
G1 F806.7 X134.506 Y97.017 E445.09995
G1 F790.8 X134.315 Y96.738 E445.11651
G1 F760.7 X134.134 Y96.502 E445.13164
G1 F755.9 X134.066 Y96.217 E445.14665
G1 F833.3 X133.649 Y95.332 E445.1921
G1 F2700 E438.1921
G0 F9000 X134.283 Y96.096
G0 X135.833 Y95.48
G0 X136.041 Y95.272
G1 F2700 E445.1921
G1 F794.7 X136.075 Y95.41 E445.19903
G1 F796 X136.173 Y95.648 E445.21154
G1 F810.8 X136.521 Y96.392 E445.25076
G1 F766.8 X136.572 Y96.577 E445.26045
G1 F770.5 X136.731 Y96.829 E445.27542
G1 F836.2 X137.848 Y99.173 E445.39563
G0 F9000 X138.5 Y99.619
;TYPE:WALL-OUTER
G1 F1500 X136.548 Y95.472 E445.51393
G1 X136.422 Y95.093 E445.52424
G1 X136.437 Y94.902 E445.52919
G1 X136.151 Y94.846 E445.53671
G1 X135.856 Y94.871 E445.54435
G1 X135.735 Y94.93 E445.54782
G1 X135.627 Y95.07 E445.55239
G1 X135.603 Y95.174 E445.55514
G1 X135.662 Y95.538 E445.56466
G1 X136.117 Y96.503 E445.5922
G1 F1297.3 X136.103 Y96.704 E445.59821
G1 F997.9 X135.968 Y96.825 E445.60524
G1 X136.179 Y96.863 E445.61356
G1 F1297.3 X136.333 Y96.954 E445.6189
G1 F1500 X137.595 Y99.567 E445.69379
G1 X138.046 Y99.579 E445.70544
G1 X138.5 Y99.619 E445.7172
G1 F2700 E438.7172
G0 F9000 X138.156 Y99.378
G0 X137.164 Y98.31
G0 X136.723 Y99.693
G0 X136.231 Y100.155
G0 X135.187 Y100.554
G0 X134.796 Y99.3
G1 F2700 E445.7172
G1 F1182.3 X134.684 Y99.305 E445.72087
G1 F1379.3 X134.421 Y99.045 E445.73125
G1 F1500 X134.166 Y98.817 E445.74008
G1 F1399.4 X134.102 Y98.773 E445.74223
G1 F1311.5 X133.917 Y98.585 E445.75001
G1 X133.778 Y98.769 E445.75682
G1 F1036.7 X133.617 Y98.895 E445.76446
G1 F1090.9 X133.747 Y99.094 E445.77289
G1 F1500 X133.852 Y99.346 E445.77994
G1 X134.051 Y99.544 E445.78718
G1 F1403.5 X134.389 Y99.657 E445.79701
G1 F1200 X134.844 Y99.65 E445.8117
G1 F1170.7 X135.009 Y99.666 E445.81718
G1 F1359.8 X135.418 Y99.585 E445.82905
G1 F1500 X135.798 Y99.401 E445.83995
G1 X135.953 Y99.28 E445.84502
G1 X134.963 Y97.181 E445.90492
G1 F1383.3 X134.968 Y96.965 E445.91097
G1 F993.8 X135.145 Y96.799 E445.92042
G1 X134.846 Y96.7 E445.93269
G1 F1383.3 X134.699 Y96.599 E445.93768
G1 F1500 X133.914 Y94.935 E445.98517
G1 X133.461 Y94.914 E445.99687
G1 X132.972 Y94.843 E446.00963
G1 X133.109 Y95.15 E446.0183
G1 X133.672 Y96.325 E446.05193
G1 F1476.9 X133.64 Y96.505 E446.05672
G1 F1387.3 X133.516 Y96.596 E446.06102
G1 F1329.6 X133.3 Y96.588 E446.06731
G1 F1333.3 X133.087 Y96.874 E446.07766
G1 F1329.6 X133.54 Y96.875 E446.09085
G1 F1367.5 X133.892 Y96.893 E446.10083
G1 F1454.5 X133.99 Y96.976 E446.10425
G1 F1500 X134.788 Y98.61 E446.15118
G1 X134.987 Y98.926 E446.16082
G1 X134.99 Y99.034 E446.16361
G1 F1273.2 X134.796 Y99.3 E446.17362
G1 F2700 E439.17362
G0 F9000 X134.66 Y99.516
G0 X133.945 Y99.141
G0 X133.196 Y98.895
G0 X132.59 Y99.608
G1 F2700 E446.17362
G1 F987.7 X132.261 Y99.678 E446.18681
G0 F9000 X132.59 Y99.608
G1 F1090.9 X132.815 Y99.552 E446.19503
G1 F1348.3 X133.12 Y99.393 E446.20491
G1 F1500 X133.359 Y99.046 E446.21579
G1 F1329.6 X133.384 Y98.983 E446.21776
G1 F995.9 X133.554 Y98.887 E446.22535
G1 X133.406 Y98.754 E446.23308
G1 F1329.6 X133.372 Y98.591 E446.23793
G1 F1500 X133.238 Y98.305 E446.24608
G1 X132.979 Y98.045 E446.25556
G1 X132.776 Y97.961 E446.26123
G1 X132.471 Y97.991 E446.26914
G1 X132.294 Y98.121 E446.2748
G1 X132.241 Y98.228 E446.27789
G1 X132.441 Y98.371 E446.28423
G1 X132.647 Y98.687 E446.29397
G1 X132.784 Y99.024 E446.30336
G1 X132.795 Y99.142 E446.30642
G1 F1348.3 X132.726 Y99.44 E446.3152
G1 F1090.9 X132.59 Y99.608 E446.32287
G0 F9000 X131.913 Y99.713
G1 F1162.2 X132.261 Y99.678 E446.33452
G1 F1179.4 X131.89 Y99.546 E446.34745
G1 F1476.9 X131.603 Y99.234 E446.35856
G1 F1500 X131.513 Y98.943 E446.36642
G1 X131.503 Y98.484 E446.37827
G1 X131.664 Y97.987 E446.39175
G1 X132.138 Y97.297 E446.41336
G1 X132.272 Y97.001 E446.42175
G1 X132.336 Y96.63 E446.43146
G1 X132.3 Y96.219 E446.44211
G1 X132.207 Y95.952 E446.44941
G1 X131.96 Y95.551 E446.46157
G1 F1424.3 X131.688 Y95.289 E446.47183
G1 F995.9 X131.349 Y95.166 E446.48585
G1 F960 X131.468 Y95.446 E446.49812
G1 F1318.7 X131.473 Y95.494 E446.49954
G1 F1459 X131.575 Y95.745 E446.50673
G1 F1500 X131.591 Y96.037 E446.51427
G1 X131.521 Y96.374 E446.52316
G1 X131.406 Y96.629 E446.53038
G1 X131.217 Y96.927 E446.53948
G1 X130.982 Y97.261 E446.55003
G1 X130.761 Y97.645 E446.56146
G1 X130.644 Y98.128 E446.57429
G1 X130.695 Y98.593 E446.58636
G1 X130.838 Y98.999 E446.59747
G1 X131.041 Y99.315 E446.60716
G1 X131.367 Y99.54 E446.61739
G1 X131.663 Y99.665 E446.62568
G1 F1450.2 X131.913 Y99.713 E446.63248
G1 F2700 E439.63248
G0 F9000 X131.518 Y99.409
G0 X130.849 Y98.04
G0 X129.877 Y97.573
G0 X129.878 Y97.756
G1 F2700 E446.63248
G1 F1500 X130.089 Y97.659 E446.63847
G1 X130.15 Y97.584 E446.64097
G1 X129.889 Y97.363 E446.64979
G1 X129.604 Y96.891 E446.66402
G1 X129.439 Y96.472 E446.67565
G1 X129.369 Y96.155 E446.68403
G1 X129.375 Y95.827 E446.69249
G1 F1340.8 X129.529 Y95.395 E446.70573
G1 F1129.4 X129.801 Y95.031 E446.72131
G1 F1140.1 X129.571 Y95.09 E446.72937
G1 F1352.1 X129.277 Y95.259 E446.73908
G1 F1500 X128.946 Y95.571 E446.75082
G1 X128.795 Y95.825 E446.75845
G1 X128.662 Y96.207 E446.76889
G1 X128.657 Y96.611 E446.77932
G1 X128.745 Y96.953 E446.78843
G1 X128.906 Y97.323 E446.79885
G1 X129.149 Y97.575 E446.80788
G1 X129.352 Y97.705 E446.8141
G1 X129.695 Y97.777 E446.82315
G1 X129.878 Y97.756 E446.8279
G1 F2700 E439.8279
G0 F9000 X129.789 Y97.549
G0 X129.432 Y96.997
G0 X129.165 Y96.146
G0 X129.303 Y95.483
G0 X129.813 Y95.028
G1 F2700 E446.8279
G1 F987.7 X129.998 Y94.938 E446.83597
G1 F1066.7 X130.479 Y94.881 E446.85355
G1 F1078.7 X130.921 Y94.94 E446.86955
G1 F904 X131.349 Y95.166 E446.89028
G1 F2700 E439.89028
G0 F9000 X131.671 Y95.515
G0 X132.035 Y96.01
G0 X133.404 Y95.351
G0 X135.145 Y96.799
G1 F2700 E446.89028
G1 F846.6 X135.968 Y96.825 E446.92794
G1 F2700 E439.92794
G0 F9000 X136.451 Y96.598
G0 X136.96 Y96.721
G0 X137.883 Y96.527
G0 X138.061 Y96.204
;TYPE:WALL-INNER
G1 F2700 E446.92794
G1 F824.7 X138.136 Y96.537 E446.94396
G1 F771.7 X138.209 Y96.78 E446.95669
G1 F745.3 X138.323 Y97.087 E446.9737
G1 F733.9 X138.458 Y97.401 E446.99173
G1 F747.7 X138.61 Y97.715 E447.00979
G1 F790.8 X138.847 Y98.129 E447.03315
G1 F885.6 X139.096 Y98.497 E447.05257
G1 F2700 E440.05257
G0 F9000 X139.53 Y98.827
G0 X141.364 Y98.501
G0 X141.599 Y98.56
G1 F2700 E447.05257
G1 F819.1 X141.543 Y98.225 E447.06863
G1 F752.4 X141.439 Y97.824 E447.08994
G1 F725.1 X141.16 Y97.163 E447.12825
G1 F737.3 X140.907 Y96.669 E447.15739
G1 F779.2 X140.779 Y96.445 E447.17021
G1 F869.6 X140.504 Y96.045 E447.19182
G1 F2700 E440.19182
G0 F9000 X139.722 Y95.275
G0 X139.064 Y94.961
;TYPE:WALL-OUTER
G1 F2700 E447.19182
G1 F1045.8 X138.824 Y94.93 E447.20078
G1 F1034.5 X138.55 Y94.969 E447.21114
G1 F2700 E440.21114
G0 F9000 X138.178 Y95.277
G0 X138.122 Y95.53
G0 X138.305 Y96.344
G0 X138.969 Y97.907
G0 X139.637 Y98.973
G0 X139.885 Y99.286
G0 X140.545 Y99.612
G1 F2700 E447.21114
G1 F1019.1 X140.947 Y99.628 E447.22642
G0 F9000 X141.062 Y99.636
G1 F1300.8 X141.362 Y99.568 E447.23558
G1 F1500 X141.619 Y99.413 E447.24333
G1 X141.766 Y99.256 E447.24888
G1 X141.946 Y98.879 E447.25966
G1 X141.998 Y98.579 E447.26752
G1 X141.969 Y98.167 E447.27818
G1 X141.868 Y97.67 E447.29127
G1 X141.563 Y96.956 E447.31131
G1 X141.431 Y96.701 E447.31872
G1 X141.27 Y96.424 E447.32699
G1 X141.11 Y96.19 E447.3343
G1 X140.95 Y95.982 E447.34108
G1 X140.775 Y95.787 E447.34784
G1 X140.577 Y95.592 E447.35501
G1 X140.299 Y95.371 E447.36418
G1 X140.006 Y95.201 E447.37292
G1 X139.492 Y94.983 E447.38733
G1 F1322.3 X139.087 Y94.962 E447.3992
G1 F1286.9 X139.345 Y95.146 E447.40874
G1 F1454.5 X139.688 Y95.497 E447.4218
G1 F1500 X140.003 Y95.94 E447.43583
G1 X140.195 Y96.258 E447.44542
G1 X140.417 Y96.657 E447.4572
G1 X140.805 Y97.471 E447.48048
G1 X141.051 Y98.083 E447.4975
G1 X141.187 Y98.531 E447.50958
G1 X141.284 Y98.989 E447.52167
G1 X141.226 Y99.362 E447.53141
G1 F1300.8 X141.046 Y99.582 E447.53987
G1 F1093.4 X140.947 Y99.628 E447.54373
G1 X141.062 Y99.636 E447.54782
G0 F9000 X140.54 Y99.623
G1 F1286.9 X140.274 Y99.425 E447.55779
G1 F1441.4 X139.936 Y99.084 E447.57069
G1 F1500 X139.673 Y98.72 E447.58228
G1 X139.381 Y98.256 E447.59643
G1 X138.97 Y97.462 E447.6195
G1 X138.658 Y96.737 E447.63988
G1 X138.493 Y96.275 E447.65254
G1 X138.407 Y95.972 E447.66067
G1 F1437.1 X138.323 Y95.532 E447.67273
G1 F1322.3 X138.404 Y95.135 E447.6846
G1 F1116.3 X138.55 Y94.969 E447.69226
G1 F1197 X138.138 Y95.064 E447.70594
G1 F1500 X137.89 Y95.294 E447.71467
G1 X137.775 Y95.493 E447.7206
G1 X137.67 Y95.821 E447.72949
G1 X137.664 Y96.229 E447.74002
G1 X137.719 Y96.617 E447.75014
G1 X137.795 Y96.919 E447.75817
G1 X137.906 Y97.247 E447.76711
G1 X138.062 Y97.606 E447.77721
G1 X138.233 Y97.933 E447.78674
G1 X138.522 Y98.382 E447.80052
G1 X138.767 Y98.692 E447.81072
G1 X139.094 Y99.005 E447.8224
G1 X139.581 Y99.352 E447.83783
G1 F1355.9 X140.052 Y99.553 E447.85246
G1 F1218.3 X140.54 Y99.623 E447.86812
G1 F2700 E440.86812
G0 F9000 X139.885 Y99.286
G0 X139.728 Y100.354
G0 X140.504 Y100.496
G0 X143.396 Y100.584
G0 X143.8 Y99.381
;TYPE:WALL-INNER
G1 F2700 E447.86812
G1 F1399.4 X143.995 Y99.384 E447.87352
G1 F1437.1 X144.433 Y99.221 E447.88611
G1 F1415.9 X143.974 Y98.715 E447.90479
G1 F1391.3 X144.015 Y98.851 E447.90874
G1 F1411.8 X143.987 Y99.098 E447.91556
G1 F1399.4 X143.889 Y99.314 E447.92212
G1 F1359.8 X143.8 Y99.381 E447.92529
G0 F9000 X143.969 Y98.697
G1 F1367.5 X143.919 Y98.627 E447.92773
G1 F1307.9 X143.642 Y98.305 E447.9403
G1 F1173.6 X143.392 Y97.985 E447.95369
G1 F1076.2 X143.22 Y97.746 E447.96429
G1 F1002.1 X142.987 Y97.395 E447.98056
G1 F946.7 X142.733 Y96.949 E448.00155
G1 F893.9 X142.515 Y96.457 E448.02486
G1 F857.1 X142.345 Y95.948 E448.0491
G1 F863.3 X142.311 Y95.628 E448.06353
G1 F877.5 X142.331 Y95.421 E448.0727
G1 F2700 E441.0727
G0 F9000 X142.596 Y96.007
G0 X144.091 Y95.908
G0 X144.451 Y95.945
G1 F2700 E448.0727
G1 F736.2 X144.613 Y96.254 E448.09105
G1 F778 X145.28 Y97.624 E448.16688
G1 F827.6 X145.947 Y98.994 E448.23816
G1 F2700 E441.23816
G0 F9000 X146.262 Y99.098
G0 X147.542 Y98.613
G0 X147.756 Y98.394
G1 F2700 E448.23816
G1 F761.9 X147.702 Y98.268 E448.24513
G1 F820.5 X147.427 Y97.715 E448.27427
G1 F926.6 X147.244 Y97.382 E448.29014
G1 F1103.4 X146.894 Y96.827 E448.31316
G0 F9000 X147.922 Y99.378
G1 F1424.3 X148.144 Y99.348 E448.31925
G1 X148.209 Y99.151 E448.32489
G1 F1432.8 X148.066 Y98.718 E448.33721
G1 F987.7 X147.756 Y98.394 E448.35479
G1 X147.752 Y98.834 E448.37204
G1 F1432.8 X147.922 Y99.378 E448.38744
G0 F9000 X147.851 Y99.668
;TYPE:WALL-OUTER
G1 F1500 X148.147 Y99.663 E448.39508
G1 X148.29 Y99.607 E448.39904
G1 X148.397 Y99.51 E448.40277
G1 X148.491 Y99.218 E448.41069
G1 X148.474 Y99.023 E448.41574
G1 X148.332 Y98.61 E448.42701
G1 F1504.7 X148.233 Y98.371 E448.43367
G1 X148.076 Y98.053 E448.44279
G1 F1500 X147.756 Y97.499 E448.4593
G1 X147.538 Y97.169 E448.46951
G1 X147.131 Y96.627 E448.48701
G1 X146.889 Y96.343 E448.49664
G1 F1259.8 X146.831 Y96.38 E448.49875
G1 F1121.5 X146.383 Y95.868 E448.52223
G1 F1162.2 X146.039 Y95.569 E448.53742
G1 X145.715 Y95.328 E448.55087
G1 X145.637 Y95.416 E448.55479
G1 X146.015 Y95.914 E448.57561
G1 F1083.5 X146.506 Y96.616 E448.60622
G1 F1209.1 X146.445 Y96.66 E448.60863
G1 F1500 X146.683 Y97.086 E448.62122
G1 X146.936 Y97.581 E448.63557
G1 X147.222 Y98.224 E448.65374
G1 F1504.7 X147.396 Y98.676 E448.6662
G1 X147.53 Y99.075 E448.67703
G1 F1500 X147.619 Y99.42 E448.68622
G1 X147.634 Y99.604 E448.69099
G1 X147.851 Y99.668 E448.69683
G0 F9000 X147.884 Y99.409
G0 X147.684 Y98.973
G0 X146.322 Y99.247
G0 X146.599 Y99.44
G1 F1500 X144.861 Y95.752 E448.80205
G1 F1233.9 X144.626 Y95.38 E448.81586
G1 F1048 X144.607 Y95.163 E448.82391
G1 F1057.3 X144.649 Y95.035 E448.82884
G1 F1083.5 X144.794 Y94.947 E448.8349
G1 F1106 X144.952 Y94.93 E448.84046
G1 F1083.5 X144.6 Y94.962 E448.85309
G1 F1057.3 X144.397 Y95.05 E448.86119
G1 F1050.3 X144.293 Y95.163 E448.86685
G1 F1116.3 X144.216 Y95.528 E448.87979
G1 F1273.2 X143.994 Y95.709 E448.8885
G1 F1176.5 X143.778 Y95.69 E448.89564
G1 F1212.1 X143.938 Y95.984 E448.90633
G1 F1481.5 X144.056 Y96.166 E448.91199
G1 F1500 X144.224 Y96.456 E448.92064
G1 X144.594 Y97.17 E448.9414
G1 X145.697 Y99.393 E449.00545
G1 X146.07 Y99.397 E449.01508
G1 X146.599 Y99.44 E449.02878
G1 F2700 E442.02878
G0 F9000 X146.256 Y99.201
G0 X145.43 Y98.496
G0 X143.741 Y99.545
G0 X143.568 Y99.261
G1 F2700 E449.02878
G1 F1069 X143.266 Y99.199 E449.03994
G1 F950.5 X142.732 Y98.727 E449.06897
G1 F941.2 X142.65 Y98.95 E449.07874
G1 F935.7 X142.663 Y99.117 E449.08567
G1 X142.81 Y99.376 E449.098
G1 F943 X143.032 Y99.547 E449.1095
G1 F967.7 X143.462 Y99.651 E449.1272
G1 F1108.5 X144.066 Y99.668 E449.1483
G1 F1375.4 X144.553 Y99.487 E449.16293
G1 F1500 X144.87 Y99.263 E449.17294
G1 X144.53 Y98.907 E449.18565
G1 X144.296 Y98.634 E449.19493
G1 X143.899 Y98.125 E449.21159
G1 X143.604 Y97.702 E449.2249
G1 X143.312 Y97.224 E449.23936
G1 X143.106 Y96.831 E449.25081
G1 X142.887 Y96.317 E449.26523
G1 X142.772 Y95.971 E449.27464
G1 X142.705 Y95.613 E449.28404
G1 X142.749 Y95.268 E449.29302
G1 F1266.5 X142.866 Y95.114 E449.29893
G1 F977.6 X143.027 Y95.082 E449.30543
G1 X142.862 Y94.976 E449.3132
G1 F1266.5 X142.541 Y94.901 E449.32327
G1 F1500 X142.211 Y94.97 E449.33198
G1 X142.047 Y95.107 E449.33749
G1 X141.952 Y95.301 E449.34307
G1 X141.916 Y95.524 E449.3489
G1 X141.931 Y95.916 E449.35902
G1 X142.07 Y96.396 E449.37192
G1 X142.176 Y96.675 E449.37962
G1 X142.358 Y97.063 E449.39068
G1 X142.527 Y97.358 E449.39946
G1 X142.682 Y97.6 E449.40688
G1 X142.946 Y97.965 E449.4185
G1 X143.139 Y98.204 E449.42643
G1 X143.434 Y98.543 E449.43803
G1 X143.687 Y98.808 E449.44749
G1 X143.717 Y99.001 E449.45253
G1 F1340.8 X143.568 Y99.261 E449.46118
G1 F2700 E442.46118
G0 F9000 X143.442 Y99.482
G0 X143.213 Y99.259
G0 X142.99 Y100.513
G0 X143.642 Y100.565
G0 X145.786 Y100.26
G0 X143.778 Y95.69
G1 F2700 E449.46118
G1 F1052.6 X143.56 Y95.442 E449.47332
G1 F1054.9 X143.341 Y95.246 E449.48411
G1 F956.2 X143.069 Y95.097 E449.49667
G1 F884 X143.027 Y95.082 E449.49862
G1 F2700 E442.49862
G0 F9000 X142.54 Y95.13
G0 X144.358 Y95.332
G0 X144.952 Y94.93
G1 F2700 E449.49862
G1 F1162.2 X145.034 Y94.954 E449.50147
G1 F1050.3 X145.356 Y95.126 E449.51492
G1 F871.1 X145.598 Y95.306 E449.52833
G1 F792.1 X145.675 Y95.374 E449.53335
G1 F2700 E442.53335
G0 F9000 X146.013 Y95.72
G0 X146.586 Y96.553
G0 X147.192 Y95.423
G0 X147.56 Y94.745
G0 X147.967 Y94.406
G0 X148.59 Y94.144
G0 X149.437 Y94.04
G0 X151.67 Y93.909
G0 X154.832 Y93.922
G0 X155.481 Y93.976
G0 X156.072 Y94.137
G0 X156.418 Y94.592
G0 X157.311 Y97.922
G0 X157.347 Y98.596
G0 X157.194 Y99.268
G0 X156.794 Y99.771
G0 X156.448 Y100.053
G0 X156.033 Y100.283
G0 X155.317 Y100.473
G0 X144.393 Y101.73
G0 X144.515 Y103.569
;TYPE:WALL-INNER
G1 F2700 E449.53335
G1 F814.9 X145.373 Y105.334 E449.62658
G1 F784.3 X145.452 Y105.448 E449.63342
G1 F794.7 X145.539 Y105.686 E449.64577
G1 F827.6 X145.815 Y106.255 E449.67535
G1 F2700 E442.67535
G0 F9000 X145.711 Y105.514
G0 X146.444 Y105.09
G0 X146.744 Y105.013
G1 F2700 E449.67535
G1 F1167.9 X146.8 Y104.788 E449.68304
G1 F1326 X146.985 Y104.519 E449.69257
G1 F1337 X147.151 Y104.377 E449.6989
G1 X147.235 Y104.17 E449.70537
G1 F1340.8 X147.202 Y103.795 E449.71623
G1 F967.7 X146.831 Y103.501 E449.73517
G1 F888.9 X146.862 Y103.765 E449.74675
G1 F1194 X146.837 Y103.876 E449.75044
G1 F1340.8 X146.901 Y104.353 E449.76434
G1 F1326 X146.8 Y104.788 E449.77737
G0 F9000 X146.761 Y104.791
G0 X146.864 Y105.189
G0 X147.708 Y105.959
G1 F830.4 X147.819 Y106.361 E449.79682
G1 F2700 E442.79682
G0 F9000 X147.451 Y107.043
G0 X147.393 Y108.145
G0 X146.268 Y108.294
G0 X145.702 Y108.256
G0 X144.859 Y108.134
G0 X144.189 Y106.476
G1 F2700 E449.79682
G1 F1179.4 X144.06 Y106.298 E449.80403
G1 F1039 X143.952 Y106.067 E449.81353
G1 F967.7 X143.888 Y105.875 E449.82163
G1 F2700 E442.82163
G0 F9000 X143.926 Y105.365
G0 X143.639 Y104.619
G0 X143.161 Y104.156
G1 F2700 E449.82163
G1 F893.9 X143.085 Y103.842 E449.83562
G1 F2700 E442.83562
G0 F9000 X143.502 Y103.086
G0 X144.356 Y102.663
;TYPE:WALL-OUTER
G1 F2700 E449.83562
G1 F952.4 X144.473 Y102.638 E449.84049
G1 F926.6 X144.79 Y102.606 E449.8538
G1 F860.2 X145.166 Y102.603 E449.87072
G1 F2700 E442.87072
G0 F9000 X145.685 Y102.702
G0 X146.065 Y102.912
G0 X146.396 Y103.223
G0 X146.727 Y103.804
G0 X146.796 Y104.354
G0 X146.688 Y104.803
G0 X146.444 Y105.09
G0 X145.702 Y105.451
G0 X146.514 Y106.753
G1 F2700 E449.87072
G1 F1500 X145.907 Y105.507 E449.90649
G1 F1387.3 X145.879 Y105.367 E449.91048
G1 F1108.5 X145.962 Y105.205 E449.91684
G1 X145.783 Y105.168 E449.92322
G1 F1387.3 X145.711 Y105.091 E449.92616
G1 F1500 X144.773 Y103.157 E449.98164
G1 X144.461 Y103.157 E449.98969
G1 X144.318 Y103.099 E449.99367
G1 F1194 X144.244 Y103.14 E449.99642
G1 F991.7 X144.181 Y102.893 E450.00637
G1 F971.7 X144.356 Y102.663 E450.01788
G1 X143.903 Y102.818 E450.03696
G1 F1086 X143.562 Y102.91 E450.04955
G1 F1221.4 X143.327 Y103.031 E450.05793
G1 F1326 X143.098 Y103.165 E450.06568
G1 F1459 X142.803 Y103.487 E450.07726
G1 F1500 X142.722 Y103.685 E450.08279
G1 X142.693 Y103.89 E450.08813
G1 X142.728 Y104.151 E450.09493
G1 X142.84 Y104.39 E450.10174
G1 X143.155 Y104.683 E450.11284
G1 X143.457 Y104.785 E450.12107
G1 F1495.3 X143.781 Y104.805 E450.12947
G1 F1450.2 X143.887 Y104.954 E450.13435
G1 F1441.4 X143.898 Y104.787 E450.13885
G1 F1472.4 X144.009 Y104.732 E450.14211
G1 F1486.1 X143.784 Y104.532 E450.14995
G1 F1500 X143.617 Y104.272 E450.15793
G1 F1467.9 X143.468 Y103.852 E450.16968
G1 F1407.6 X143.504 Y103.419 E450.18163
G1 F1280 X143.581 Y103.258 E450.18703
G1 F1176.5 X143.732 Y103.197 E450.19239
G1 F1066.7 X143.894 Y103.188 E450.19828
G1 F991.7 X144.017 Y103.301 E450.2048
G1 F1194 X143.956 Y103.357 E450.20748
G1 F1500 X145.553 Y106.653 E450.30201
G1 X146.128 Y106.681 E450.31687
G1 X146.514 Y106.753 E450.327
G0 F9000 X146.84 Y107.337
G1 F1066.7 X146.429 Y107.405 E450.34212
G1 X145.884 Y107.393 E450.36191
G1 F926.6 X145.425 Y107.289 E450.38157
G1 F771.7 X144.992 Y107.122 E450.40485
G0 F9000 X144.817 Y107.126
G1 F937.5 X144.981 Y107.122 E450.41163
G1 F1173.6 X144.779 Y106.731 E450.42615
G1 F1500 X144.625 Y106.574 E450.43182
G1 X144.373 Y106.18 E450.44389
G1 X144.197 Y105.625 E450.45892
G1 X144.182 Y105.182 E450.47036
G1 F1495.3 X144.011 Y105.167 E450.47481
G1 F1454.5 X143.901 Y105.019 E450.47971
G1 X143.876 Y105.201 E450.4846
G1 F1500 X143.678 Y105.336 E450.49079
G1 X143.523 Y105.58 E450.49825
G1 X143.519 Y105.935 E450.50741
G1 X143.619 Y106.226 E450.51535
G1 X143.792 Y106.501 E450.52374
G1 X143.977 Y106.705 E450.53085
G1 X144.29 Y106.946 E450.54104
G1 X144.532 Y107.086 E450.54826
G1 F1134.8 X144.817 Y107.126 E450.55808
G1 F2700 E443.55808
G0 F9000 X144.67 Y106.919
G0 X144.859 Y108.134
G0 X145.828 Y108.29
G0 X146.503 Y108.252
G0 X147.393 Y108.145
G0 X146.864 Y107.334
G1 F2700 E450.55808
G1 F1300.8 X147.175 Y107.301 E450.56739
G1 F1445.8 X147.543 Y107.186 E450.57771
G1 F1500 X147.848 Y107.011 E450.58679
G1 X148.031 Y106.834 E450.59336
G1 X148.179 Y106.585 E450.60083
G1 X148.222 Y106.389 E450.60601
G1 X148.197 Y106.067 E450.61435
G1 X148.069 Y105.736 E450.62351
G1 X147.841 Y105.485 E450.63226
G1 F1428.6 X147.465 Y105.259 E450.64415
G1 F1276.6 X147.144 Y105.199 E450.65405
G1 F1286.9 X147.085 Y105.026 E450.65955
G1 F1437.1 X147.094 Y104.826 E450.66494
G1 F1500 X147.411 Y104.532 E450.6761
G1 X147.539 Y104.218 E450.68485
G1 X147.504 Y103.763 E450.69663
G1 X147.334 Y103.435 E450.70617
G1 X147.062 Y103.087 E450.71757
G1 X146.725 Y102.85 E450.7282
G1 X146.377 Y102.677 E450.73823
G1 X145.949 Y102.56 E450.74968
G1 X145.571 Y102.518 E450.7595
G1 F1359.8 X145.164 Y102.587 E450.77125
G1 X145.508 Y102.817 E450.78303
G1 F1500 X145.592 Y102.853 E450.78539
G1 X145.959 Y103.085 E450.7966
G1 X146.24 Y103.348 E450.80653
G1 X146.527 Y103.854 E450.82155
G1 X146.597 Y104.34 E450.83422
G1 F1445.8 X146.493 Y104.769 E450.84604
G1 F1348.3 X146.238 Y105.054 E450.85702
G1 F1113.7 X145.991 Y105.191 E450.86684
G1 F1121.5 X146.285 Y105.214 E450.87702
G1 F1352.1 X146.649 Y105.34 E450.88805
G1 F1286.9 X146.993 Y105.508 E450.89957
G1 F1290.3 X147.142 Y105.761 E450.90838
G1 F1445.8 X147.157 Y105.805 E450.90962
G1 F1500 X147.373 Y106.222 E450.92174
G1 X147.427 Y106.45 E450.92779
G1 X147.4 Y106.768 E450.93603
G1 F1420.1 X147.248 Y107.055 E450.94488
G1 F1280 X146.864 Y107.334 E450.95924
G1 F2700 E443.95924
G0 F9000 X147.512 Y106.991
G0 X148.022 Y106.112
G0 X149.585 Y105.714
G0 X149.792 Y105.679
;TYPE:WALL-INNER
G1 F2700 E450.95924
G1 F869.6 X149.915 Y105.964 E450.97306
G1 F892.2 X150.248 Y106.554 E451.00245
G1 F872.7 X150.317 Y106.852 E451.01602
G1 F2700 E444.01602
G0 F9000 X150.32 Y106.852
G0 X150.143 Y105.931
G0 X151.09 Y105.127
G0 X151.412 Y105.34
G1 F2700 E451.01602
G1 F1276.6 X151.652 Y105.596 E451.02667
G1 F987.7 X151.993 Y106.056 E451.04911
G1 F808.1 X152.177 Y106.416 E451.06848
G0 F9000 X152.193 Y106.431
G1 F1151.1 X152.153 Y106.848 E451.08257
G1 F1399.4 X152.186 Y107.079 E451.08903
G1 F1403.5 X152.42 Y107.08 E451.09548
G1 X152.504 Y107.024 E451.09827
G1 F1266.5 X152.482 Y106.71 E451.10789
G1 F1059.6 X152.193 Y106.431 E451.12256
G1 F2700 E444.12256
G0 F9000 X151.302 Y105.353
G0 X150.834 Y104.896
G0 X150.408 Y104.563
G0 X149.943 Y104.133
G1 F2700 E451.12256
G1 F840.6 X149.433 Y103.056 E451.17745
G1 F2700 E444.17745
G0 F9000 X150.408 Y104.563
G0 X149.766 Y104.817
G0 X149.735 Y107.03
;TYPE:WALL-OUTER
G1 F2700 E451.17745
G1 F1064.3 X149.468 Y106.977 E451.18735
G1 F1145.6 X149.242 Y106.759 E451.19796
G1 F1395.3 X149.227 Y106.721 E451.19909
G1 F1490.7 X148.797 Y106.276 E451.21516
G1 F1500 X148.7 Y106.394 E451.21911
G1 X148.627 Y106.632 E451.22553
G1 X148.671 Y106.948 E451.23377
G1 F1383.3 X148.783 Y107.14 E451.23999
G1 F1191.1 X149.097 Y107.288 E451.25127
G1 F1108.5 X149.547 Y107.38 E451.26731
G1 F1170.7 X149.963 Y107.381 E451.28107
G1 F1359.8 X150.298 Y107.312 E451.29081
G1 F1500 X150.676 Y107.141 E451.30151
G1 X150.842 Y107.006 E451.30704
G1 X150.117 Y105.449 E451.35137
G1 X149.991 Y105.103 E451.36087
G1 X149.95 Y104.834 E451.36789
G1 X150.026 Y104.703 E451.3718
G1 X150.109 Y104.665 E451.37416
G1 X150.287 Y104.678 E451.37876
G1 X150.703 Y104.995 E451.39226
G1 X150.946 Y105.233 E451.40104
G1 X151.218 Y105.554 E451.4119
G1 X151.383 Y105.786 E451.41925
G1 X151.657 Y106.274 E451.43369
G1 X151.804 Y106.668 E451.44455
G1 X151.875 Y106.946 E451.45195
G1 X151.923 Y107.311 E451.46145
G1 X152.2 Y107.383 E451.46884
G1 X152.552 Y107.364 E451.47794
G1 X152.749 Y107.197 E451.4846
G1 X152.807 Y107.046 E451.48878
G1 X152.792 Y106.761 E451.49615
G1 F1504.7 X152.715 Y106.506 E451.503
G1 X152.575 Y106.228 E451.51101
G1 X152.31 Y105.815 E451.52363
G1 F1500 X152.02 Y105.491 E451.53486
G1 X151.797 Y105.281 E451.54276
G1 X151.581 Y105.108 E451.5499
G1 X151.215 Y104.869 E451.56119
G1 X150.925 Y104.751 E451.56927
G1 F1495.3 X150.688 Y104.683 E451.57565
G1 X150.601 Y104.589 E451.57897
G1 F1500 X149.698 Y102.661 E451.63392
G1 X149.125 Y102.63 E451.64873
G1 X148.743 Y102.559 E451.65876
G1 X149.706 Y104.565 E451.71619
G1 X149.682 Y104.653 E451.71854
G1 X149.446 Y104.907 E451.72749
G1 X149.37 Y105.13 E451.73357
G1 X149.361 Y105.477 E451.74253
G1 X149.414 Y105.784 E451.75057
G1 X149.559 Y106.152 E451.76078
G1 X149.911 Y106.672 E451.77699
G1 X149.913 Y106.778 E451.77972
G1 F1359.8 X149.804 Y106.978 E451.78621
G1 F1179.4 X149.735 Y107.03 E451.78904
G1 F2700 E444.78904
G0 F9000 X149.634 Y107.265
G0 X149.886 Y107.299
G0 X150.26 Y106.849
G0 X150.101 Y106.617
G0 X149.766 Y104.817
G0 X150.417 Y99.436
G0 X150.161 Y98.971
;TYPE:WALL-INNER
G1 F2700 E451.78904
G1 F794.7 X150.107 Y98.81 E451.79732
G1 F839.2 X150.161 Y98.418 E451.81557
G1 F975.6 X150.317 Y98.148 E451.82795
G1 F1076.2 X150.384 Y97.919 E451.83653
G1 F2700 E444.83653
G0 F9000 X150.385 Y97.92
G0 X150.352 Y98.796
G0 X151.821 Y98.545
G0 X152.18 Y99.036
G1 F2700 E451.83653
G1 F1153.8 X152.382 Y98.903 E451.84464
G1 F1145.6 X152.614 Y98.878 E451.85253
G1 F1129.4 X152.381 Y98.362 E451.87194
G1 F1121.5 X152.278 Y97.957 E451.88636
G1 X152.076 Y98.238 E451.89831
G1 X151.862 Y98.34 E451.90649
G1 X151.977 Y98.502 E451.91335
G1 F1137.4 X152.125 Y98.8 E451.92468
G1 F1153.8 X152.18 Y99.036 E451.93281
G1 F2700 E444.93281
G0 F9000 X152.448 Y98.897
G0 X153.288 Y99.359
G0 X154.016 Y98.764
G0 X154.162 Y98.527
G1 F2700 E451.93281
G1 F829 X153.816 Y97.813 E451.96986
G1 F786.9 X153.725 Y97.556 E451.98327
G1 F781.8 X153.625 Y97.415 E451.99183
G1 F821.9 X152.617 Y95.333 E452.10079
G1 F2700 E445.10079
G0 F9000 X153.852 Y97.367
G0 X154.627 Y97.184
G0 X154.845 Y96.906
G1 F2700 E452.10079
G1 F1340.8 X154.937 Y96.723 E452.10671
G1 X155.145 Y96.474 E452.11607
G1 X155.148 Y96.124 E452.12618
G1 X155.015 Y95.546 E452.14331
G1 X155.025 Y95.104 E452.15607
G1 F1344.5 X154.791 Y95.171 E452.16308
G1 X154.686 Y95.301 E452.16789
G1 F1337 X154.654 Y95.496 E452.17361
G1 F1307.9 X154.686 Y95.781 E452.1821
G1 F1297.3 X154.847 Y96.359 E452.20001
G1 F1326 X154.875 Y96.708 E452.21023
G1 F1340.8 X154.845 Y96.906 E452.21601
G0 F9000 X154.773 Y96.925
G0 X154.987 Y97.346
G0 X155.796 Y97.865
G1 F806.7 X156.03 Y98.265 E452.23825
G1 F800 X156.068 Y98.483 E452.24896
G1 F2700 E445.24896
G0 F9000 X155.472 Y97.77
G0 X149.7 Y97.495
G0 X148.586 Y96.629
G1 F2700 E452.24896
G1 F952.4 X148.62 Y96.224 E452.26548
G1 F1300.8 X148.594 Y96.01 E452.2719
G1 F1333.3 X148.651 Y95.682 E452.28157
G1 F1367.5 X148.824 Y95.304 E452.29334
G1 X148.578 Y95.406 E452.30087
G1 X148.415 Y95.542 E452.30688
G1 X148.288 Y95.723 E452.31314
G1 F1348.3 X148.209 Y96.041 E452.32255
G1 F1315.1 X148.267 Y96.324 E452.33106
G1 F952.4 X148.586 Y96.629 E452.349
G1 F2700 E445.349
G0 F9000 X148.732 Y95.732
G0 X148.919 Y95.337
G0 X149.244 Y95.103
G0 X149.93 Y95.034
;TYPE:WALL-OUTER
G1 F2700 E452.349
G1 F863.3 X150.244 Y95.081 E452.36324
G1 F926.6 X150.586 Y95.189 E452.37822
G1 F993.8 X150.834 Y95.288 E452.38862
G1 F1057.3 X151.197 Y95.509 E452.40418
G1 F2700 E445.40418
G0 F9000 X152.351 Y97.65
G0 X151.653 Y99.646
G1 F2700 E452.40418
G1 F1036.7 X151.376 Y99.71 E452.4148
G1 F1059.6 X151.298 Y99.704 E452.41766
G0 F9000 X151.068 Y99.729
G1 F1151.1 X151.298 Y99.704 E452.42544
G1 F1200 X151.015 Y99.589 E452.4353
G1 F1424.3 X150.675 Y99.213 E452.44908
G1 F1476.9 X150.533 Y98.763 E452.46144
G1 F1500 X150.547 Y98.417 E452.47038
G1 X150.679 Y98.081 E452.4797
G1 X150.825 Y97.892 E452.48586
G1 X151.125 Y97.683 E452.4953
G1 X150.711 Y97.641 E452.50604
G1 X150.365 Y97.572 E452.51515
G1 F1481.5 X149.903 Y97.43 E452.52778
G1 X149.391 Y97.087 E452.54388
G1 F1500 X149.17 Y96.812 E452.55299
G1 X148.956 Y96.39 E452.5652
G1 X148.898 Y96.04 E452.57436
G1 X148.93 Y95.779 E452.58114
G1 X149.089 Y95.435 E452.59092
G1 X149.481 Y95.174 E452.60308
G1 F1250 X149.95 Y95.028 E452.61829
G1 X149.521 Y94.909 E452.63208
G1 F1500 X149.201 Y94.919 E452.64034
G1 X148.83 Y94.982 E452.65006
G1 X148.424 Y95.15 E452.6614
G1 X148.195 Y95.34 E452.66908
G1 X148.018 Y95.595 E452.67709
G1 X147.923 Y95.929 E452.68605
G1 X147.915 Y96.126 E452.69114
G1 X147.967 Y96.395 E452.69821
G1 F1504.7 X148.077 Y96.66 E452.70559
G1 X148.275 Y96.947 E452.71456
G1 F1500 X148.494 Y97.164 E452.72252
G1 X148.843 Y97.39 E452.73325
G1 X149.272 Y97.579 E452.74535
G1 F1495.3 X149.642 Y97.653 E452.75512
G1 F1481.5 X149.927 Y97.693 E452.76264
G1 F1490.7 X150.024 Y97.814 E452.76667
G1 F1500 X150.019 Y98.024 E452.77209
G1 X149.861 Y98.173 E452.7777
G1 X149.717 Y98.424 E452.78517
G1 X149.666 Y98.77 E452.79419
G1 X149.691 Y98.932 E452.79842
G1 X149.818 Y99.219 E452.80652
G1 X150.077 Y99.453 E452.81553
G1 X150.35 Y99.601 E452.82355
G1 X150.692 Y99.697 E452.83272
G1 F1379.3 X151.068 Y99.729 E452.84331
G0 F9000 X151.653 Y99.646
G1 F1083.5 X151.827 Y99.633 E452.84954
G1 F1318.7 X152.187 Y99.512 E452.86069
G1 F1500 X152.495 Y99.211 E452.87181
G1 F1437.1 X152.68 Y99.218 E452.87679
G1 F1253.3 X152.932 Y99.337 E452.8854
G1 F1156.6 X152.989 Y99.375 E452.8877
G1 F1159.4 X153.423 Y99.531 E452.9031
G1 X153.757 Y99.613 E452.91458
G1 F1076.2 X154.142 Y99.661 E452.92854
G1 X153.779 Y99.542 E452.94228
G1 F1159.4 X153.487 Y99.377 E452.95348
G1 F1156.6 X153.135 Y99.068 E452.96916
G1 F1253.3 X153.012 Y98.857 E452.9767
G1 F1437.1 X152.861 Y98.626 E452.98413
G1 F1500 X152.699 Y98.259 E452.99449
G1 X152.6 Y97.883 E453.00452
G1 X152.546 Y97.463 E453.01545
G1 X152.286 Y97.48 E453.02218
G1 X152.081 Y97.605 E453.02838
G1 X151.998 Y97.703 E453.03169
G1 X151.927 Y97.893 E453.03692
G1 X151.82 Y98.006 E453.04094
G1 X151.575 Y98.058 E453.04741
G1 X151.334 Y98.2 E453.05463
G1 X151.306 Y98.25 E453.0561
G1 X151.481 Y98.392 E453.06192
G1 X151.68 Y98.657 E453.07047
G1 X151.852 Y98.985 E453.08003
G1 X151.848 Y99.328 E453.08889
G1 F1318.7 X151.763 Y99.543 E453.09567
G1 F1083.5 X151.653 Y99.646 E453.10106
G1 F2700 E446.10106
G0 F9000 X152.069 Y99.351
G0 X152.478 Y98.882
G0 X153.288 Y99.359
G0 X154.142 Y99.661
G1 F2700 E453.10106
G1 F1066.7 X154.668 Y99.686 E453.12017
G1 F1073.8 X155.066 Y99.618 E453.13473
G0 F9000 X155.094 Y99.615
G1 F1212.1 X155.344 Y99.592 E453.14275
G1 F1399.4 X155.678 Y99.49 E453.15241
G1 F1500 X155.975 Y99.325 E453.16118
G1 X156.175 Y99.159 E453.16789
G1 X156.394 Y98.885 E453.17694
G1 X156.477 Y98.516 E453.1867
G1 X156.456 Y98.149 E453.19619
G1 X156.298 Y97.843 E453.20508
G1 X156.065 Y97.56 E453.21454
G1 X155.739 Y97.351 E453.22453
G1 F1424.3 X155.436 Y97.257 E453.23316
G1 F1243.5 X155.245 Y97.245 E453.23911
G1 F1004.2 X155.06 Y97.04 E453.24976
G1 F1118.9 X155.165 Y96.954 E453.25446
G1 F1500 X155.192 Y96.879 E453.25651
G1 X155.382 Y96.66 E453.264
G1 X155.444 Y96.483 E453.26884
G1 X155.447 Y96.094 E453.27888
G1 X155.315 Y95.462 E453.29554
G1 X155.322 Y95.145 E453.30373
G1 X155.376 Y95.014 E453.30738
G1 X155.556 Y94.939 E453.31242
G1 X155.556 Y94.893 E453.3136
G1 X155.313 Y94.829 E453.32009
G1 X154.948 Y94.799 E453.32954
G1 X154.637 Y94.908 E453.33805
G1 X154.497 Y95.031 E453.34286
G1 X154.401 Y95.197 E453.34781
G1 X154.351 Y95.484 E453.35532
G1 X154.383 Y95.839 E453.36452
G1 X154.545 Y96.388 E453.3793
G1 X154.576 Y96.732 E453.38821
G1 F1118.9 X154.616 Y97.011 E453.39797
G1 F890.5 X154.578 Y97.111 E453.40262
G1 F898.9 X154.269 Y97.278 E453.41774
G1 F904 X154.44 Y97.232 E453.42533
G1 F895.5 X154.734 Y97.288 E453.43827
G1 F1004.2 X155.043 Y97.514 E453.45303
G1 F1300.8 X155.345 Y97.9 E453.46761
G1 F1500 X155.563 Y98.249 E453.47823
G1 X155.668 Y98.556 E453.48661
G1 X155.685 Y98.839 E453.49392
G1 X155.615 Y99.142 E453.50195
G1 F1371.4 X155.471 Y99.341 E453.50888
G1 F1191.1 X155.094 Y99.615 E453.52403
G0 F9000 X154.859 Y99.029
G1 F1500 X154.185 Y97.635 E453.564
G1 F1233.9 X154.175 Y97.396 E453.5715
G1 F973.6 X154.246 Y97.292 E453.57651
G1 X154.128 Y97.299 E453.58121
G1 F1233.9 X153.961 Y97.173 E453.58777
G1 F1500 X152.879 Y94.935 E453.65193
G1 X152.415 Y94.913 E453.66392
G1 X151.925 Y94.841 E453.6767
G1 X153.909 Y98.946 E453.79438
G1 X154.154 Y98.936 E453.80071
G1 X154.581 Y98.978 E453.81178
G1 X154.859 Y99.029 E453.81908
G1 F2700 E446.81908
G0 F9000 X154.499 Y98.761
G0 X152.756 Y95.122
G0 X153.7 Y94.644
G0 X154.196 Y94.148
G0 X154.832 Y93.922
G0 X155.481 Y93.976
G0 X156.072 Y94.137
G0 X156.418 Y94.592
G0 X157.311 Y97.922
G0 X157.347 Y98.596
G0 X157.194 Y99.268
G0 X153.474 Y107.717
G0 X153.031 Y108.09
G0 X152.635 Y108.227
G0 X149.54 Y108.306
G0 X145.828 Y108.29
G0 X143.537 Y107.958
G0 X142.883 Y106.597
;TYPE:WALL-INNER
G1 F2700 E453.81908
G1 F879.1 X142.813 Y106.407 E453.82799
G1 F848.1 X141.761 Y104.22 E453.93878
G1 F786.9 X141.603 Y103.973 E453.95321
G1 F779.2 X141.553 Y103.799 E453.9622
G1 F824.7 X141.398 Y103.465 E453.97949
G1 F800 X141.253 Y103.103 E453.99836
G1 F776.7 X141.229 Y103.017 E454.00281
G1 F2700 E447.00281
G0 F9000 X141.014 Y103.187
G0 X139.747 Y104.241
G0 X139.043 Y104.011
G1 F2700 E454.00281
G1 F790.8 X139.312 Y104.35 E454.024
G1 X139.425 Y104.447 E454.03129
G1 F888.9 X139.606 Y104.823 E454.04946
G1 F1170.7 X139.919 Y105.229 E454.06642
G0 F9000 X139.043 Y104.011
G1 F824.7 X138.992 Y103.793 E454.07693
G1 F1111.1 X139.003 Y103.596 E454.0838
G1 F1445.8 X138.848 Y103.212 E454.09489
G1 F1441.4 X138.671 Y102.644 E454.11087
G1 F1415.9 X138.473 Y102.655 E454.11629
G1 F1403.5 X138.406 Y102.749 E454.11948
G1 X138.396 Y102.912 E454.12398
G1 F1415.9 X138.512 Y103.262 E454.13406
G1 F1467.9 X138.659 Y103.586 E454.14345
G1 F1132.1 X138.794 Y103.829 E454.15295
G1 F905.7 X138.768 Y103.92 E454.157
G1 F824.7 X139.043 Y104.011 E454.17059
G0 F9000 X139.677 Y104.28
G0 X140.051 Y104.19
;TYPE:WALL-OUTER
G1 F857.1 X141.005 Y104.225 E454.21371
G1 F2700 E447.21371
G0 F9000 X141.486 Y104
G0 X142.537 Y106.332
G0 X141.678 Y106.998
G1 F2700 E454.21371
G1 F954.3 X142.085 Y107.248 E454.23309
G1 F1071.4 X142.323 Y107.329 E454.24218
G1 F1088.4 X142.419 Y107.343 E454.24563
G0 F9000 X142.646 Y107.372
G1 F1391.3 X142.868 Y107.345 E454.25185
G1 F1500 X143.126 Y107.196 E454.25954
G1 X143.25 Y106.989 E454.26577
G1 X143.287 Y106.773 E454.27142
G1 X143.264 Y106.524 E454.27788
G1 X143.186 Y106.264 E454.28488
G1 X141.757 Y103.265 E454.37063
G1 X141.622 Y102.825 E454.3825
G1 X141.645 Y102.625 E454.3877
G1 X141.349 Y102.554 E454.39556
G1 X140.997 Y102.614 E454.40477
G1 X140.824 Y102.776 E454.41089
G1 X140.798 Y103.044 E454.41784
G1 X140.844 Y103.243 E454.42311
G1 X141.154 Y103.91 E454.44209
G1 F1311.5 X141.141 Y104.105 E454.44786
G1 F1023.5 X141.005 Y104.225 E454.45472
G1 X141.216 Y104.258 E454.4628
G1 F1311.5 X141.396 Y104.398 E454.46953
G1 F1500 X142.376 Y106.409 E454.52727
G1 X142.617 Y106.952 E454.54261
G1 F1391.3 X142.575 Y107.241 E454.55073
G1 F1185.2 X142.419 Y107.343 E454.55682
G1 X142.646 Y107.372 E454.5643
G0 F9000 X142.824 Y107.131
G0 X142.634 Y106.594
G0 X141.692 Y107.018
G1 F1230.8 X141.391 Y106.603 E454.58042
G1 F1371.4 X141.178 Y106.399 E454.58875
G1 F1250 X140.867 Y106.068 E454.60282
G1 F1132.1 X140.597 Y105.754 E454.61698
G1 F1043.5 X140.331 Y105.423 E454.63273
G1 F1203 X140.175 Y105.059 E454.64548
G1 F1500 X139.891 Y104.633 E454.65869
G1 X139.859 Y104.498 E454.66227
G1 F1424.3 X139.893 Y104.383 E454.66553
G1 F1012.7 X140.051 Y104.19 E454.67507
G1 F914.3 X139.534 Y104.013 E454.69821
G1 F1237.1 X139.251 Y103.452 E454.71787
G1 F1500 X139.127 Y103.148 E454.72634
G1 X138.994 Y102.704 E454.73831
G1 X138.96 Y102.412 E454.74589
G1 X138.637 Y102.337 E454.75445
G1 X138.354 Y102.377 E454.76183
G1 X138.204 Y102.496 E454.76677
G1 X138.12 Y102.675 E454.77187
G1 X138.102 Y102.952 E454.77904
G1 X138.241 Y103.362 E454.79021
G1 X138.399 Y103.692 E454.79966
G1 X138.392 Y103.857 E454.80392
G1 X138.291 Y103.954 E454.80753
G1 X138.045 Y104.285 E454.81818
G1 X138.713 Y104.286 E454.83542
G1 X138.824 Y104.369 E454.839
G1 X138.992 Y104.606 E454.84649
G1 X139.424 Y105.144 E454.8643
G1 X139.693 Y105.436 E454.87455
G1 F1203 X140.032 Y105.681 E454.88801
G1 F1039 X140.301 Y105.967 E454.90264
G1 F1132.1 X140.661 Y106.316 E454.91979
G1 F1256.5 X140.986 Y106.604 E454.93317
G1 F1371.4 X141.225 Y106.798 E454.94186
G1 F1230.8 X141.692 Y107.018 E454.95809
G1 F2700 E447.95809
G0 F9000 X141.119 Y107.766
G0 X139.08 Y106.587
G0 X137.828 Y106.332
;TYPE:WALL-INNER
G1 F2700 E454.95809
G1 F810.8 X137.802 Y106.137 E454.96749
G1 F821.9 X137.674 Y105.887 E454.98072
G0 F9000 X137.084 Y105.377
G0 X136.769 Y105.009
G1 F1090.9 X136.898 Y104.606 E454.99573
G0 F9000 X136.917 Y104.59
G1 F1266.5 X137.149 Y104.4 E455.0049
G1 F1352.1 X137.253 Y104.135 E455.01305
G1 X137.227 Y103.848 E455.0213
G1 F1355.9 X137.101 Y103.586 E455.0296
G1 F1383.3 X136.809 Y103.254 E455.04198
G1 X136.526 Y103.059 E455.0516
G1 X136.302 Y102.969 E455.05835
G1 X136.576 Y103.31 E455.0706
G1 X136.728 Y103.572 E455.07907
G1 F1322.3 X136.9 Y104.011 E455.09288
G1 F1237.1 X136.917 Y104.59 E455.111
G1 F2700 E448.111
G0 F9000 X136.457 Y105.09
G0 X135.72 Y105.447
G0 X135.833 Y106.252
G1 F2700 E455.111
G1 F826.2 X135.558 Y105.687 E455.14045
G1 F792.1 X135.471 Y105.448 E455.15288
G1 F784.3 X135.386 Y105.326 E455.16022
G1 F817.7 X134.533 Y103.569 E455.25269
G0 F9000 X134.043 Y103.004
G1 F1500 X134.022 Y103.038 E455.25372
G1 X133.963 Y103.004 E455.25548
G1 X134.022 Y102.97 E455.25724
G0 F9000 X133.812 Y103.011
G0 X133.459 Y103.125
G0 X133.113 Y103.892
G1 F874.3 X133.132 Y104.049 E455.26424
G1 F916 X133.217 Y104.239 E455.27304
G1 F2700 E448.27304
G0 F9000 X133.652 Y104.62
G0 X133.993 Y105.358
G0 X133.914 Y105.89
G1 F2700 E455.27304
G1 F1021.3 X133.995 Y106.155 E455.28354
G1 F1176.5 X134.225 Y106.496 E455.29708
G0 F9000 X134.818 Y107.011
G0 X135.427 Y107.331
;TYPE:WALL-OUTER
G1 F1106 X135.568 Y107.331 E455.30201
G1 F1280 X135.205 Y107.075 E455.31545
G1 F1450.2 X135.079 Y107.013 E455.3192
G1 F1463.4 X134.663 Y106.607 E455.33458
G1 F1500 X134.471 Y106.309 E455.34373
G1 X134.296 Y105.896 E455.3553
G1 X134.214 Y105.551 E455.36445
G1 X134.195 Y105.193 E455.37371
G1 X134.038 Y105.187 E455.37776
G1 X133.984 Y105.141 E455.37959
G1 X133.949 Y105.203 E455.38143
G1 X133.745 Y105.298 E455.38724
G1 X133.627 Y105.424 E455.39169
G1 X133.549 Y105.618 E455.39709
G1 X133.543 Y105.943 E455.40548
G1 X133.637 Y106.244 E455.41362
G1 X133.811 Y106.502 E455.42165
G1 X134.095 Y106.812 E455.4325
G1 X134.523 Y107.074 E455.44545
G1 F1481.5 X134.812 Y107.198 E455.45367
G1 F1467.9 X135.116 Y107.301 E455.46214
G1 F1246.8 X135.427 Y107.331 E455.47184
G0 F9000 X135.583 Y107.331
G1 F975.6 X136.036 Y107.401 E455.49003
G1 F1083.5 X136.502 Y107.402 E455.50668
G1 F1054.9 X136.953 Y107.312 E455.52356
G1 F1142.9 X137.256 Y107.284 E455.53387
G1 F1424.3 X137.588 Y107.177 E455.54335
G1 F1500 X137.908 Y106.972 E455.55316
G1 X138.071 Y106.805 E455.55918
G1 X138.215 Y106.522 E455.56737
G1 X138.243 Y106.342 E455.57208
G1 X138.205 Y105.97 E455.58173
G1 X137.989 Y105.629 E455.59215
G1 X137.706 Y105.357 E455.60228
G1 F1375.4 X137.403 Y105.236 E455.61146
G1 F1162.2 X137.171 Y105.183 E455.61939
G1 F1250 X137.119 Y104.889 E455.62863
G1 F1500 X137.157 Y104.805 E455.63101
G1 X137.391 Y104.586 E455.63929
G1 X137.51 Y104.359 E455.6459
G1 X137.548 Y104.152 E455.65133
G1 X137.523 Y103.767 E455.66129
G1 X137.352 Y103.431 E455.67102
G1 X137.194 Y103.218 E455.67787
G1 X136.995 Y103.027 E455.68499
G1 X136.666 Y102.798 E455.69533
G1 X136.279 Y102.645 E455.70607
G1 X135.966 Y102.56 E455.71444
G1 F1445.8 X135.403 Y102.505 E455.72959
G1 F1057.3 X135.023 Y102.601 E455.74394
G1 F1027.8 X135.313 Y102.735 E455.75598
G1 F1391.3 X135.48 Y102.798 E455.76094
G1 F1500 X135.796 Y102.953 E455.77003
G1 X136.137 Y103.233 E455.78141
G1 X136.323 Y103.46 E455.78899
G1 X136.461 Y103.696 E455.79604
G1 X136.61 Y104.099 E455.80713
G1 X136.604 Y104.463 E455.81653
G1 X136.453 Y104.851 E455.82728
G1 F1297.3 X136.272 Y105.07 E455.83576
G1 F1023.5 X136.116 Y105.16 E455.84257
G1 X136.307 Y105.196 E455.84992
G1 F1297.3 X136.634 Y105.335 E455.86052
G1 F1450.2 X136.666 Y105.341 E455.86139
G1 F1297.3 X137.014 Y105.512 E455.87296
G1 X137.16 Y105.765 E455.88168
G1 F1450.2 X137.389 Y106.215 E455.89516
G1 F1500 X137.452 Y106.612 E455.90554
G1 X137.386 Y106.859 E455.91213
G1 F1383.3 X137.166 Y107.157 E455.9225
G1 F1116.3 X136.953 Y107.312 E455.93164
G0 F9000 X136.534 Y106.753
G1 F1500 X135.927 Y105.507 E455.96741
G1 F1375.4 X135.896 Y105.368 E455.97142
G1 F1083.5 X135.968 Y105.206 E455.97775
G1 X135.795 Y105.162 E455.98413
G1 F1375.4 X135.723 Y105.083 E455.98714
G1 F1500 X134.79 Y103.158 E456.04235
G1 X134.481 Y103.157 E456.05033
G1 X134.334 Y103.094 E456.05446
G1 F1387.3 X134.27 Y102.848 E456.06155
G1 F1095.9 X134.378 Y102.662 E456.06915
G1 F1151.1 X134.029 Y102.707 E456.08098
G1 F1424.3 X133.727 Y102.807 E456.08963
G1 F1311.5 X133.436 Y102.986 E456.09971
G1 F1263.2 X133.32 Y103.036 E456.10359
G1 F1391.3 X133.054 Y103.209 E456.11242
G1 F1500 X132.832 Y103.476 E456.12138
G1 X132.755 Y103.637 E456.12598
G1 X132.711 Y103.889 E456.13259
G1 X132.756 Y104.179 E456.14016
G1 X132.925 Y104.477 E456.149
G1 X133.135 Y104.662 E456.15623
G1 X133.287 Y104.739 E456.16062
G1 X133.575 Y104.794 E456.16819
G1 F1495.3 X133.826 Y104.784 E456.1747
G1 F1476.9 X133.887 Y104.814 E456.17648
G1 F1437.1 X133.945 Y104.935 E456.18009
G1 X133.961 Y104.802 E456.1837
G1 F1472.4 X134.089 Y104.746 E456.18737
G1 F1490.7 X133.741 Y104.47 E456.19891
G1 F1500 X133.521 Y104.015 E456.21195
G1 X133.492 Y103.652 E456.22135
G1 F1391.3 X133.565 Y103.298 E456.23141
G1 F1269.8 X133.636 Y103.224 E456.23454
G1 F1318.7 X133.798 Y103.222 E456.23929
G1 F1450.2 X133.961 Y103.333 E456.24456
G1 F1500 X135.57 Y106.652 E456.33976
G1 X136.148 Y106.682 E456.35469
G1 X136.534 Y106.753 E456.36482
G1 F2700 E449.36482
G0 F9000 X136.172 Y106.478
G0 X135.711 Y105.472
G0 X136.457 Y105.09
G0 X136.116 Y105.16
G1 F2700 E456.36482
G1 F935.7 X135.968 Y105.206 E456.37124
G1 F2700 E449.37124
G0 F9000 X135.581 Y105.391
G0 X134.685 Y103.342
G0 X135.617 Y102.684
G0 X135.023 Y102.601
G1 F2700 E456.37124
G1 F885.6 X134.758 Y102.608 E456.38283
G1 F937.5 X134.491 Y102.638 E456.39392
G1 F952.4 X134.378 Y102.662 E456.39862
G1 F2700 E449.39862
;MESH:NONMESH
G0 F300 X134.378 Y102.662 Z1
G0 F9000 X133.843 Y102.996
G0 X69.875 Y95.615
G0 X69.623 Y95.742
;TIME_ELAPSED:991.600852
;LAYER:4
;TYPE:WALL-INNER
;MESH:baby_shower.stl
G1 F2700 E456.39862
G1 F973.6 X69.522 Y96.158 E456.41564
G1 F1126.8 X69.356 Y96.603 E456.43196
G1 F1276.6 X69.077 Y97.257 E456.45352
G1 F1145.6 X68.839 Y97.998 E456.47982
G1 F1034.5 X68.854 Y98.354 E456.49316
G1 F1118.9 X68.923 Y98.606 E456.5022
G1 F1145.6 X69.068 Y98.805 E456.51052
G1 F2700 E449.51052
G0 F9000 X69.353 Y98.918
G0 X71.213 Y98.291
G0 X71.47 Y98.684
G1 F2700 E456.51052
G1 F1344.5 X71.415 Y98.512 E456.51572
G1 F1206 X71.269 Y97.97 E456.53374
G1 F1086 X71.215 Y97.658 E456.54503
G1 F1061.9 X71.123 Y96.864 E456.57417
G1 F921.3 X71.144 Y96.495 E456.5897
G1 F869.6 X71.078 Y96.208 E456.60281
G1 F919.5 X71.046 Y95.562 E456.63004
G1 F1023.5 X71.337 Y95.185 E456.64806
G1 F1162.2 X71.469 Y95.13 E456.65282
G1 X71.306 Y94.498 E456.67456
G1 X71.144 Y93.922 E456.69449
G1 X71.07 Y94.23 E456.70504
G1 X71.041 Y94.545 E456.71558
G1 X71.018 Y95.002 E456.73082
G1 F1023.5 X71.046 Y95.562 E456.75203
G0 F9000 X69.897 Y95.569
G0 X69.623 Y95.742
G1 F1081.1 X69.78 Y95.626 E456.75902
G1 F1333.3 X69.785 Y95.311 E456.76817
G1 F1359.8 X69.818 Y94.849 E456.78136
G1 F1363.6 X69.677 Y94.386 E456.7951
G1 X69.487 Y94.002 E456.80726
G1 F1403.5 X69.173 Y93.754 E456.8183
G1 F1420.1 X68.822 Y93.646 E456.82831
G1 X69.135 Y94.113 E456.84364
G1 F1383.3 X69.347 Y94.522 E456.85653
G1 F1367.5 X69.476 Y94.927 E456.86856
G1 F1359.8 X69.442 Y95.229 E456.87722
G1 F1333.3 X69.381 Y95.322 E456.88045
G1 X69.456 Y95.406 E456.88372
G1 F1081.1 X69.623 Y95.742 E456.89715
G1 F2700 E449.89715
G0 F9000 X69.897 Y95.569
G0 X72.952 Y95.753
G0 X73.081 Y96.151
G1 F2700 E456.89715
G1 F1307.9 X73.09 Y95.809 E456.90728
G1 F1142.9 X73.015 Y94.486 E456.95217
G1 F1194 X73.073 Y94.03 E456.96707
G1 F2700 E449.96707
G0 F9000 X73.209 Y94.919
G0 X74.488 Y94.748
G0 X74.765 Y94.87
G1 F2700 E456.96707
G1 F1043.5 X74.815 Y95.287 E456.98266
G1 F1233.9 X74.855 Y95.753 E456.99733
G1 F1253.3 X74.932 Y96.01 E457.00562
G1 F2700 E450.00562
G0 F9000 X75.39 Y96.676
G0 X77.763 Y96.452
G0 X77.99 Y96.51
G1 F2700 E457.00562
G1 F937.5 X77.933 Y95.986 E457.02738
G1 F941.2 X77.917 Y95.732 E457.03785
G1 F900.6 X77.909 Y95.153 E457.06275
G1 F809.4 X77.875 Y94.865 E457.07662
G1 F843.6 X77.946 Y94.572 E457.09045
G1 F967.7 X78.002 Y94.229 E457.10436
G1 F926.6 X78.199 Y93.949 E457.11866
G1 F879.1 X78.326 Y93.889 E457.12485
G0 F9000 X78.326 Y93.879
G0 X78.615 Y93.93
G0 X78.986 Y94.489
G0 X79.316 Y94.595
G1 F872.7 X79.25 Y94.595 E457.12777
G1 X79.215 Y94.653 E457.13078
G1 X79.249 Y94.711 E457.13376
G1 X79.316 Y94.711 E457.13673
G1 X79.351 Y94.653 E457.13974
G1 F2700 E450.13974
G0 F9000 X79.704 Y94.07
G0 X79.194 Y92.931
G0 X79.701 Y92.651
G0 X80.272 Y92.517
G0 X80.806 Y92.641
G0 X81.152 Y92.897
G0 X81.588 Y93.54
G0 X82.355 Y94.622
G1 F2700 E457.13974
G1 F1259.8 X82.347 Y94.889 E457.14795
G1 F1286.9 X82.324 Y95.141 E457.15556
G1 F1259.8 X82.344 Y95.434 E457.16458
G1 F1240.3 X82.46 Y95.779 E457.17595
G1 F2700 E450.17595
G0 F9000 X82.786 Y96.314
G0 X84.921 Y96.189
G0 X85.181 Y96.203
G1 F2700 E457.17595
G1 F801.3 X85.212 Y96.442 E457.18759
G0 F9000 X85.181 Y96.203
G1 F875.9 X85.457 Y95.713 E457.21245
G1 F987.7 X85.617 Y95.631 E457.21949
G1 F1021.3 X85.508 Y95.077 E457.2409
G1 F1019.1 X85.4 Y94.662 E457.25719
G1 F1000 X85.289 Y93.995 E457.28337
G1 X85.165 Y94.564 E457.30591
G1 X84.911 Y94.797 E457.31926
G1 F1008.4 X85.073 Y95.195 E457.33575
G1 F991.7 X85.091 Y95.545 E457.34943
G1 F875.9 X85.181 Y96.203 E457.37879
G0 F9000 X85.463 Y96.532
G0 X86.28 Y96.216
G0 X86.529 Y96.498
G1 F1266.5 X86.681 Y96.346 E457.38536
G1 X86.743 Y96.166 E457.39118
G1 X86.758 Y95.855 E457.4007
G1 X86.733 Y95.517 E457.41106
G1 X86.584 Y95.793 E457.42065
G1 X86.322 Y95.947 E457.42994
G1 X86.529 Y96.498 E457.44793
G0 F9000 X85.904 Y95.922
;TYPE:WALL-OUTER
G1 F1263.2 X86.018 Y96.011 E457.45236
G1 F1407.6 X86.257 Y96.653 E457.4712
G1 F1500 X86.332 Y96.758 E457.47453
G1 X86.447 Y96.823 E457.47794
G1 X86.749 Y96.742 E457.48601
G1 X86.954 Y96.502 E457.49416
G1 X87.049 Y96.225 E457.50172
G1 X87.069 Y95.858 E457.5112
G1 X87.036 Y95.424 E457.52244
G1 F1371.4 X87.064 Y95.107 E457.53142
G1 F1111.1 X87.193 Y94.959 E457.53826
G1 X86.937 Y94.965 E457.54718
G1 F1371.4 X86.692 Y95.077 E457.55479
G1 F1500 X86.47 Y95.349 E457.56385
G1 X86.359 Y95.58 E457.57046
G1 F1407.6 X86.195 Y95.663 E457.57552
G1 F1333.3 X86.002 Y95.632 E457.5812
G1 F1415.9 X85.755 Y94.6 E457.61021
G1 F1500 X85.661 Y94.053 E457.62453
G1 X85.588 Y93.533 E457.63809
G1 X85.469 Y93.448 E457.64186
G1 X85.217 Y93.492 E457.64846
G1 X85.05 Y93.652 E457.65443
G1 X84.938 Y93.899 E457.66143
G1 X84.835 Y94.394 E457.67448
G1 F1371.4 X84.646 Y94.523 E457.68094
G1 F1034.5 X84.439 Y94.512 E457.6887
G1 F1057.3 X84.523 Y94.803 E457.69979
G1 F1411.8 X84.717 Y95.266 E457.71356
G1 F1500 X84.724 Y95.566 E457.7213
G1 X84.768 Y96.279 E457.73974
G1 X84.824 Y96.66 E457.74968
G1 X84.947 Y96.859 E457.75572
G1 X85.298 Y96.856 E457.76478
G1 X85.54 Y96.76 E457.7715
G1 X85.609 Y96.69 E457.77403
G1 X85.644 Y96.543 E457.77793
G1 X85.601 Y96.178 E457.78742
G1 X85.679 Y96.005 E457.79232
G1 F1340.8 X85.904 Y95.922 E457.79924
G1 F2700 E450.79924
G0 F9000 X86.241 Y95.946
G0 X86.851 Y95.227
G0 X87.193 Y94.959
G1 F2700 E457.79924
G1 F995.9 X87.272 Y94.95 E457.80233
G1 F1014.8 X87.529 Y95.055 E457.81292
G1 F1032.3 X87.812 Y95.357 E457.82845
G1 F1021.3 X87.866 Y95.432 E457.83195
G1 F2700 E450.83195
G0 F9000 X85.762 Y95.373
G0 X84.439 Y94.512
G1 F2700 E457.83195
G1 F900.6 X84.194 Y94.142 E457.85103
G1 F895.5 X83.996 Y93.885 E457.86505
G1 F858.7 X83.711 Y93.625 E457.88245
G1 F888.9 X83.354 Y93.513 E457.89874
G1 F946.7 X83.201 Y93.51 E457.905
G0 F9000 X82.752 Y93.79
G0 X82.364 Y94.862
G0 X82.838 Y94.926
G1 F1098.4 X83.26 Y95.023 E457.92026
G1 F917.8 X83.608 Y95.335 E457.93998
G1 F851.1 X83.775 Y95.561 E457.95276
G1 F827.6 X83.949 Y95.958 E457.97304
G1 F800 X84.009 Y96.267 E457.98827
G1 F801.3 X83.974 Y96.492 E457.99927
G1 F836.2 X83.874 Y96.682 E458.00921
G1 F910.8 X83.723 Y96.813 E458.01771
G1 F987.7 X83.603 Y96.855 E458.02269
G1 F1021.3 X83.427 Y96.815 E458.02953
G1 F1050.3 X83.123 Y96.61 E458.04305
G1 F1045.8 X82.803 Y96.14 E458.0641
G1 F1224.5 X82.749 Y95.712 E458.07774
G1 F1500 X82.615 Y95.13 E458.09315
G1 F1445.8 X82.67 Y94.986 E458.09728
G1 F1315.1 X82.838 Y94.926 E458.10253
G1 F1359.8 X82.652 Y94.789 E458.10911
G1 F1243.5 X82.645 Y94.273 E458.12518
G1 F1066.7 X82.776 Y93.959 E458.13753
G1 F1050.3 X83.087 Y93.554 E458.15635
G1 F995.9 X83.201 Y93.51 E458.1611
G1 F977.6 X83.107 Y93.523 E458.16486
G1 F1032.3 X82.783 Y93.639 E458.17776
G1 F1078.7 X82.515 Y93.821 E458.18939
G1 F1162.2 X82.302 Y94.08 E458.20056
G1 F1367.5 X82.062 Y94.554 E458.2156
G1 F1500 X82.024 Y94.865 E458.22369
G1 X82.041 Y95.316 E458.23534
G1 F1411.8 X81.977 Y95.43 E458.23892
G1 F1206 X81.777 Y95.484 E458.24557
G1 F1269.8 X82.09 Y95.644 E458.25629
G1 F1359.8 X82.279 Y96.052 E458.26909
G1 F1118.9 X82.497 Y96.363 E458.28223
G1 F1045.8 X82.675 Y96.593 E458.293
G1 F1076.2 X83.055 Y96.821 E458.30894
G1 F1069 X83.3 Y96.872 E458.318
G1 F1032.3 X83.603 Y96.855 E458.32939
G1 F2700 E451.32939
G0 F9000 X83.05 Y96.697
G0 X82.286 Y95.425
G0 X81.777 Y95.484
G1 F2700 E458.32939
G1 F1098.4 X81.659 Y95.447 E458.33374
G0 F9000 X81.159 Y95.484
G0 X80.635 Y95.522
G1 F991.7 X80.51 Y95.586 E458.33923
G1 F879.1 X80.312 Y95.774 E458.35125
G1 F786.9 X80.244 Y95.893 E458.35799
G0 F9000 X79.936 Y96.23
G1 F700.7 X79.477 Y96.174 E458.38354
G1 F646 X79.427 Y96 E458.39439
G0 F9000 X79.408 Y95.874
G0 X78.159 Y96.097
G0 X78.248 Y96.834
G1 F1500 X78.377 Y96.745 E458.39844
G1 X78.404 Y96.664 E458.40064
G1 X78.349 Y96.362 E458.40856
G1 X78.306 Y95.969 E458.41877
G1 X78.294 Y95.7 E458.42572
G1 X78.324 Y94.416 E458.45886
G1 X78.413 Y94.279 E458.46308
G1 F1006.3 X78.791 Y94.204 E458.47791
G1 X78.749 Y93.811 E458.49311
G1 F1500 X78.665 Y93.615 E458.49862
G1 X78.463 Y93.495 E458.50468
G1 X78.263 Y93.498 E458.50984
G1 X78.067 Y93.561 E458.51516
G1 X77.919 Y93.665 E458.51983
G1 X77.753 Y93.893 E458.5271
G1 X77.628 Y94.188 E458.53537
G1 X77.568 Y94.575 E458.54548
G1 F1383.3 X77.375 Y94.674 E458.55155
G1 F1134.8 X77.162 Y94.6 E458.55925
G1 X77.329 Y94.788 E458.56782
G1 F1383.3 X77.512 Y95.111 E458.57821
G1 F1500 X77.518 Y95.412 E458.58599
G1 X77.551 Y95.903 E458.59869
G1 X77.63 Y96.733 E458.62021
G1 X77.715 Y96.855 E458.62404
G1 X77.863 Y96.897 E458.62801
G1 X78.248 Y96.834 E458.63808
G1 F2700 E451.63808
G0 F9000 X78.135 Y96.598
G0 X77.774 Y96.566
G0 X76.179 Y96.717
G1 F2700 E458.63808
G1 F1304.3 X76.431 Y96.569 E458.64676
G1 F1454.5 X76.62 Y96.364 E458.65418
G1 F1407.6 X76.743 Y96.084 E458.66259
G1 F1352.1 X76.8 Y95.577 E458.6772
G1 F1322.3 X76.784 Y95.215 E458.68781
G1 F1121.5 X76.692 Y94.826 E458.70161
G1 F1023.5 X76.798 Y94.591 E458.71136
G1 F1057.3 X76.958 Y94.529 E458.71764
G1 F1039 X77.129 Y94.574 E458.72423
G1 X76.963 Y94.482 E458.7313
G1 F1103.4 X76.66 Y94.414 E458.7422
G1 F1224.5 X76.481 Y93.957 E458.75772
G1 F1315.1 X76.312 Y93.737 E458.76588
G1 F1367.5 X76.102 Y93.589 E458.77316
G1 F1395.3 X75.989 Y93.801 E458.77982
G1 F1363.6 X76.189 Y94.03 E458.78845
G1 F1185.2 X76.392 Y94.545 E458.80654
G1 F1043.5 X76.245 Y94.864 E458.81957
G1 F1004.2 X76.285 Y94.991 E458.8247
G1 F983.6 X76.401 Y95.026 E458.82947
G1 F1121.5 X76.499 Y95.247 E458.83782
G1 F1329.6 X76.526 Y95.473 E458.84444
G1 F1367.5 X76.51 Y95.795 E458.85357
G1 F1391.3 X76.458 Y96.098 E458.86212
G1 F1428.6 X76.311 Y96.466 E458.87286
G1 F1326 X76.049 Y96.764 E458.88445
G1 F1200 X76.179 Y96.717 E458.88891
G0 F9000 X76.024 Y96.773
G1 F1066.7 X75.862 Y96.822 E458.89505
G1 F1069 X75.661 Y96.775 E458.90253
G1 F1030 X75.478 Y96.628 E458.91135
G1 F1008.4 X75.274 Y96.301 E458.92615
G1 F1206 X75.227 Y95.913 E458.93869
G1 F1500 X75.176 Y95.758 E458.9429
G1 X75.126 Y95.17 E458.95814
G1 X75.164 Y94.717 E458.96987
G1 X75.315 Y94.133 E458.98544
G1 F1273.2 X75.555 Y93.646 E459.00195
G1 F1246.8 X75.19 Y93.724 E459.01354
G1 F1463.4 X74.97 Y93.902 E459.02102
G1 F1500 X74.807 Y94.125 E459.02815
G1 X74.607 Y94.509 E459.03933
G1 X74.519 Y94.564 E459.042
G1 F1230.8 X74.348 Y94.587 E459.04743
G1 F1093.4 X74.273 Y94.543 E459.05051
G1 F1300.8 X74.368 Y94.896 E459.06139
G1 F1500 X74.49 Y95.266 E459.07145
G1 X74.526 Y95.65 E459.0814
G1 X74.617 Y96.084 E459.09285
G1 F1359.8 X74.749 Y96.289 E459.09979
G1 F1113.7 X74.921 Y96.48 E459.10872
G1 F1010.5 X74.964 Y96.55 E459.11187
G1 F1012.7 X75.148 Y96.723 E459.12153
G1 X75.426 Y96.798 E459.13253
G1 F1050.3 X75.862 Y96.822 E459.14863
G1 F2700 E452.14863
G0 F9000 X75.359 Y96.681
G0 X74.555 Y94.792
G0 X74.257 Y94.534
G1 F2700 E459.14863
G1 F926.6 X74.148 Y94.321 E459.15863
G1 F858.7 X73.847 Y93.82 E459.18498
G1 F740.7 X73.664 Y93.675 E459.19718
G1 F664.8 X73.471 Y93.68 E459.20842
G1 F2700 E452.20842
G0 F9000 X73.285 Y93.717
G0 X74.952 Y94.233
G0 X75.582 Y93.644
G1 F2700 E459.20842
G1 F851.1 X75.768 Y93.606 E459.21706
G1 F770.5 X76.035 Y93.692 E459.23115
G1 F2700 E452.23115
G0 F9000 X76.36 Y94.047
G0 X76.353 Y94.859
G0 X77.107 Y93.339
G0 X76.941 Y93.109
G0 X76.644 Y92.869
G0 X76.251 Y92.7
G0 X75.661 Y92.635
G0 X73.43 Y92.623
G0 X72.026 Y93.032
G0 X71.899 Y95.524
G1 F2700 E459.23115
G1 F985.6 X72.045 Y95.877 E459.24616
G1 F963.9 X72.23 Y96.244 E459.26267
G1 F950.5 X72.336 Y96.42 E459.27104
G0 F9000 X72.628 Y96.796
G1 F1500 X72.773 Y96.812 E459.2748
G1 X73.115 Y96.645 E459.28462
G1 X73.217 Y96.532 E459.28855
G1 X73.367 Y96.232 E459.29721
G1 X73.405 Y95.822 E459.30784
G1 X73.402 Y95.533 E459.3153
G1 X73.378 Y95.17 E459.32469
G1 X73.359 Y94.584 E459.33982
G1 X73.377 Y93.983 E459.35534
G1 F1140.1 X73.366 Y93.844 E459.36007
G1 F757.1 X73.471 Y93.68 E459.37003
G1 X73.251 Y93.632 E459.38154
G1 F1140.1 X72.99 Y93.683 E459.39057
G1 F1500 X72.808 Y93.89 E459.39769
G1 X72.702 Y94.182 E459.40571
G1 X72.668 Y94.483 E459.41352
G1 X72.719 Y95.017 E459.42737
G1 X72.774 Y95.765 E459.44673
G1 X72.791 Y96.223 E459.45856
G1 X72.762 Y96.337 E459.46159
G1 F1348.3 X72.521 Y96.472 E459.46952
G1 F1071.4 X72.336 Y96.42 E459.47647
G1 X72.445 Y96.65 E459.48566
G1 F1348.3 X72.628 Y96.796 E459.49239
G0 F9000 X71.858 Y96.677
G1 F1253.3 X72.067 Y96.955 E459.50313
G1 F1153.8 X72.291 Y97.332 E459.51784
G1 F1066.7 X72.511 Y97.836 E459.5378
G1 F987.7 X72.631 Y98.297 E459.55648
G1 F941.2 X72.688 Y98.64 E459.57078
G1 F907.4 X72.717 Y98.944 E459.58381
G1 F846.6 X72.675 Y99.214 E459.5963
G1 F845.1 X72.539 Y99.472 E459.60967
G1 F909.1 X72.416 Y99.542 E459.61569
G0 F9000 X72.272 Y99.609
G1 F948.6 X72.416 Y99.542 E459.62217
G1 X72.272 Y99.542 E459.62805
G1 F997.9 X72.077 Y99.416 E459.63706
G1 F1014.8 X71.815 Y98.974 E459.65666
G1 F1203 X71.586 Y97.836 E459.69402
G1 F1500 X71.518 Y97.354 E459.70658
G1 X71.469 Y96.832 E459.72011
G1 X71.547 Y96.654 E459.72513
G1 F1441.4 X71.759 Y96.614 E459.73092
G1 F1359.8 X71.858 Y96.677 E459.73426
G1 X71.774 Y96.587 E459.73777
G1 F1411.8 X71.537 Y96.369 E459.7466
G1 F1472.4 X71.446 Y96.119 E459.7536
G1 F1500 X71.427 Y95.604 E459.7669
G1 X71.516 Y95.458 E459.77131
G1 X71.637 Y95.42 E459.77458
G1 F1276.6 X71.817 Y95.438 E459.78007
G1 F1048 X71.899 Y95.524 E459.78446
G1 F1194 X71.808 Y95.133 E459.79748
G1 F1500 X71.625 Y94.427 E459.8163
G1 X71.399 Y93.627 E459.83776
G1 X71.324 Y93.543 E459.84066
G1 X71.144 Y93.537 E459.84531
G1 X70.975 Y93.609 E459.85005
G1 X70.851 Y93.743 E459.85476
G1 X70.748 Y94.176 E459.86625
G1 X70.715 Y94.528 E459.87538
G1 F1454.5 X70.657 Y95.629 E459.90472
G1 F1230.8 X70.512 Y95.747 E459.9106
G1 X70.677 Y95.857 E459.91684
G1 F1454.5 X70.708 Y96.333 E459.92954
G1 F1500 X70.877 Y97.723 E459.96568
G1 X70.943 Y98.057 E459.97446
G1 X71.19 Y98.779 E459.99416
G1 F1297.3 X71.346 Y99.048 E460.00344
G1 F1069 X71.471 Y99.167 E460.00969
G1 F1025.6 X71.646 Y99.422 E460.02136
G1 F1027.8 X71.958 Y99.635 E460.03559
G1 F989.7 X72.272 Y99.609 E460.04792
G1 F2700 E453.04792
G0 F9000 X71.982 Y99.505
G0 X71.431 Y98.939
G0 X69.353 Y98.918
G0 X69.364 Y99.133
G1 F2700 E460.04792
G1 F1500 X69.492 Y99.039 E460.05202
G1 X69.549 Y98.924 E460.05533
G1 X69.476 Y98.75 E460.0602
G1 X69.205 Y98.462 E460.0704
G1 X69.175 Y98.177 E460.0778
G1 X69.247 Y97.732 E460.08944
G1 X69.357 Y97.361 E460.09942
G1 X69.527 Y96.963 E460.11059
G1 X69.689 Y96.648 E460.11974
G1 X69.848 Y96.283 E460.13001
G1 F1467.9 X70.013 Y95.783 E460.1439
G1 F1263.2 X70.206 Y95.713 E460.15019
G1 X70.078 Y95.574 E460.15598
G1 F1467.9 X70.1 Y94.939 E460.17274
G1 F1500 X70.068 Y94.658 E460.18004
G1 X69.955 Y94.277 E460.1903
G1 X69.805 Y93.971 E460.19909
G1 X69.632 Y93.747 E460.2064
G1 X69.322 Y93.503 E460.21658
G1 X69.081 Y93.4 E460.22334
G1 X68.762 Y93.337 E460.23174
G1 F1359.8 X68.391 Y93.385 E460.24239
G1 F960 X68.13 Y93.558 E460.25501
G1 X68.353 Y93.664 E460.26497
G1 F1300.8 X68.648 Y93.906 E460.27633
G1 F1428.6 X68.906 Y94.297 E460.28902
G1 F1500 X69.074 Y94.642 E460.29893
G1 X69.202 Y95.035 E460.3096
G1 F1371.4 X69.071 Y95.225 E460.31611
G1 F1036.7 X68.86 Y95.302 E460.3245
G1 F981.6 X69.194 Y95.544 E460.34077
G1 F1276.6 X69.247 Y95.671 E460.34494
G1 F1500 X69.18 Y96.087 E460.35581
G1 X69.047 Y96.528 E460.3677
G1 X68.728 Y97.336 E460.39012
G1 X68.62 Y97.682 E460.39948
G1 F1276.6 X68.48 Y97.847 E460.40604
G1 F985.6 X68.312 Y97.861 E460.41266
G1 X68.449 Y97.997 E460.42025
G1 F1276.6 X68.512 Y98.167 E460.42574
G1 F1500 X68.543 Y98.457 E460.43327
G1 X68.63 Y98.755 E460.44128
G1 X68.827 Y99.042 E460.45027
G1 X68.99 Y99.157 E460.45542
G1 X69.181 Y99.186 E460.4604
G1 X69.364 Y99.133 E460.46532
G1 F2700 E453.46532
G0 F9000 X69.232 Y98.905
G0 X68.785 Y98.009
G0 X68.312 Y97.861
G1 F2700 E460.46532
G1 F882.4 X67.933 Y97.586 E460.48587
G1 F872.7 X67.678 Y97.374 E460.50058
G1 F845.1 X67.455 Y97.173 E460.51433
G1 F834.8 X67.144 Y96.796 E460.537
G1 F842.1 X66.984 Y96.4 E460.55663
G1 F869.6 X66.985 Y96.093 E460.5703
G1 F917.8 X67.03 Y95.891 E460.57903
G1 F985.6 X67.146 Y95.646 E460.58968
G1 F2700 E453.58968
G0 F9000 X69.234 Y95.372
G0 X68.86 Y95.302
G1 F2700 E460.58968
G1 F868 X68.501 Y95.088 E460.60832
G1 F819.1 X68.187 Y94.791 E460.62875
G1 F778 X67.967 Y94.522 E460.64604
G1 F757.1 X67.838 Y94.139 E460.66671
G1 F750 X67.917 Y93.726 E460.68841
G1 F769.2 X68.13 Y93.558 E460.70206
G1 F2700 E453.70206
G0 F9000 X68.495 Y93.543
G0 X68.785 Y93.758
G0 X69.263 Y94.575
G0 X69.567 Y95.267
G0 X69.809 Y95.581
G0 X70.206 Y95.713
G1 F2700 E460.70206
G1 F1116.3 X70.471 Y95.749 E460.71134
G1 F1098.4 X70.512 Y95.747 E460.71279
G1 F2700 E453.71279
G0 F9000 X70.928 Y95.721
G0 X71.219 Y93.721
G0 X72.026 Y93.032
G0 X71.727 Y92.692
G0 X68.827 Y92.468
G0 X68.253 Y92.498
G0 X67.693 Y92.677
G0 X67.197 Y93.038
G0 X66.945 Y93.511
G0 X66.186 Y95.494
G0 X66.037 Y96.066
G0 X66.028 Y96.481
G0 X66.23 Y97.131
G0 X68.205 Y99.661
G0 X68.624 Y99.956
G0 X71.939 Y100.575
G0 X72.387 Y100.534
G0 X79.678 Y97.846
G0 X80.607 Y96.91
G1 F2700 E460.71279
G1 F1197 X80.488 Y96.887 E460.71671
G1 F1206 X80.329 Y96.633 E460.72633
G1 F1263.2 X80.293 Y96.422 E460.73289
G1 F950.5 X80.183 Y96.409 E460.7374
G1 F755.9 X80.156 Y96.245 E460.74591
G1 F979.6 X80.311 Y96.054 E460.75563
G1 F1023.5 X80.228 Y95.995 E460.75948
G1 F783 X80.244 Y95.893 E460.76459
G1 X80.16 Y95.973 E460.77032
G1 F1023.5 X80.06 Y95.969 E460.77411
G1 F979.6 X80.052 Y96.201 E460.78328
G1 F941.2 X79.983 Y96.128 E460.78742
G1 F975.6 X79.936 Y96.23 E460.79187
G1 X79.958 Y96.34 E460.79632
G1 F941.2 X80.043 Y96.285 E460.80049
G1 F755.9 X80.105 Y96.423 E460.80824
G1 F950.5 X80.001 Y96.462 E460.81276
G1 F1266.5 X80.026 Y96.677 E460.81938
G1 F1218.3 X80.14 Y96.989 E460.82993
G1 F1194 X80.322 Y97.192 E460.83877
G1 F1221.4 X80.631 Y97.218 E460.8486
G1 F1250 X80.888 Y97.15 E460.85684
G1 F1233.9 X81.109 Y96.999 E460.86524
G1 F1159.4 X81.269 Y96.752 E460.87506
G1 F1093.4 X81.353 Y96.517 E460.8839
G1 F1066.7 X81.396 Y96.057 E460.90067
G1 F1006.3 X81.364 Y95.56 E460.91983
G1 F1000 X81.511 Y95.452 E460.92689
G1 F1069 X81.659 Y95.447 E460.93225
G1 X81.508 Y95.435 E460.93774
G1 F1000 X81.34 Y95.364 E460.9448
G1 F1039 X81.289 Y95.116 E460.95423
G1 F1151.1 X81.168 Y94.699 E460.96884
G1 F1206 X81.063 Y94.417 E460.9785
G1 F1273.2 X80.873 Y94.035 E460.99147
G1 F1266.5 X80.568 Y93.584 E461.00811
G1 F1218.3 X80.417 Y93.477 E461.01399
G1 F1212.1 X80.275 Y93.443 E461.01866
G1 F1237.1 X80.012 Y93.498 E461.02707
G1 F1167.9 X79.656 Y93.707 E461.04075
G1 F1066.7 X79.415 Y94.059 E461.05623
G1 F1043.5 X79.347 Y94.222 E461.06279
G1 F1148.3 X79.076 Y94.298 E461.07228
G1 F961.9 X78.846 Y94.281 E461.08156
G1 F991.7 X78.863 Y94.622 E461.09489
G1 F1441.4 X79.119 Y95.431 E461.11768
G1 F1486.1 X79.177 Y95.657 E461.12376
G1 F921.3 X79.427 Y96 E461.14159
G1 F888.9 X79.557 Y95.645 E461.15806
G1 F1391.3 X79.572 Y95.624 E461.15878
G1 F1486.1 X79.628 Y94.912 E461.17738
G1 F1500 X79.666 Y94.75 E461.18168
G1 F1230.8 X79.687 Y94.391 E461.19299
G1 F1057.3 X79.805 Y94.128 E461.20354
G1 F1121.5 X80.003 Y93.861 E461.21502
G1 F1215.2 X80.12 Y93.781 E461.21953
G1 F1237.1 X80.248 Y93.761 E461.22359
G1 F1224.5 X80.348 Y93.806 E461.22706
G1 F1273.2 X80.646 Y94.213 E461.24239
G1 F1276.6 X80.78 Y94.534 E461.25294
G1 F1182.3 X80.952 Y95.187 E461.27506
G1 F1039 X80.96 Y95.354 E461.28129
G1 F981.6 X80.784 Y95.497 E461.29023
G1 X80.955 Y95.551 E461.2973
G1 F987.7 X81.01 Y95.622 E461.30082
G1 F1043.5 X81.02 Y96.149 E461.32038
G1 F1073.8 X80.992 Y96.447 E461.33117
G1 F1108.5 X80.89 Y96.778 E461.34327
G1 F1197 X80.764 Y96.874 E461.34839
G1 F1246.8 X80.607 Y96.91 E461.35339
G1 F2700 E454.35339
G0 F9000 X80.594 Y98.118
G0 X80.44 Y103.132
G0 X81.007 Y104.694
;TYPE:WALL-INNER
G1 F2700 E461.35339
G1 F797.3 X81.145 Y105.072 E461.37293
G1 F852.6 X81.212 Y105.449 E461.39032
G1 F2700 E454.39032
G0 F9000 X78.895 Y105.529
G0 X78.696 Y105.968
G1 F2700 E461.39032
G1 F941.2 X78.708 Y106.575 E461.41529
G1 F845.1 X78.778 Y106.846 E461.42811
G1 F851.1 X78.735 Y107.221 E461.44528
G1 F943 X78.757 Y107.613 E461.4614
G1 F937.5 X78.822 Y108.187 E461.48526
G1 F969.7 X78.906 Y108.715 E461.5066
G1 F1054.9 X79.004 Y109.138 E461.52254
G1 F1145.6 X79.066 Y109.331 E461.52939
G1 F2700 E454.52939
G0 F9000 X78.561 Y107.633
G0 X77.111 Y107.063
G0 X76.857 Y106.77
G1 F2700 E461.52939
G1 F1027.8 X76.877 Y106.49 E461.53996
G1 F1224.5 X76.863 Y106.156 E461.55053
G1 F1078.7 X76.78 Y105.444 E461.57626
G1 F2700 E454.57626
G0 F9000 X76.807 Y105.448
G0 X76.695 Y106.04
G0 X75.313 Y106.563
G0 X75.083 Y106.324
G1 F2700 E461.57626
G1 F1145.6 X74.971 Y106.023 E461.58711
G1 F1137.4 X74.903 Y105.419 E461.6078
G1 F1237.1 X74.906 Y104.934 E461.62298
G1 F2700 E454.62298
G0 F9000 X74.804 Y106.012
G0 X73.883 Y106.14
G0 X73.692 Y106.126
G1 F2700 E461.62298
G1 F977.6 X73.668 Y106.056 E461.62591
G1 F837.7 X73.523 Y105.769 E461.64077
G1 F790.8 X73.455 Y105.392 E461.65952
G1 F852.6 X73.098 Y104.906 E461.68691
G1 F885.6 X72.786 Y104.584 E461.70651
G1 F954.3 X72.429 Y104.343 E461.72398
G1 F2700 E454.72398
G0 F9000 X71.597 Y104.124
G0 X71.29 Y104.993
G0 X71.089 Y105.376
G1 F2700 E461.72398
G1 F754.7 X71.004 Y105.534 E461.73319
G1 F2700 E454.73319
G0 F9000 X71.162 Y106.442
G0 X71.595 Y106.721
G0 X71.861 Y106.885
G0 X72.477 Y107.286
G1 F2700 E461.73319
G1 F1212.1 X72.404 Y107.328 E461.73588
G1 X72.477 Y107.37 E461.73857
G1 X72.502 Y107.328 E461.74013
G1 F2700 E454.74013
G0 F9000 X72.473 Y107.214
G0 X72.592 Y107.781
G0 X71.406 Y108.106
G0 X70.948 Y108.922
G1 F2700 E461.74013
G1 F1367.5 X71.061 Y109.155 E461.74746
G1 F1424.3 X71.094 Y109.201 E461.749
G0 F9000 X70.948 Y108.922
G1 F1162.2 X70.958 Y108.488 E461.76346
G1 F1036.7 X71.08 Y108.347 E461.77042
G1 F1069 X71.252 Y108.256 E461.77747
G1 F1134.8 X71.155 Y107.7 E461.79672
G1 F1200 X71.095 Y107.242 E461.81163
G1 F1124.1 X71.165 Y106.899 E461.82368
G1 F1034.5 X71.324 Y106.751 E461.83181
G1 X71.153 Y106.61 E461.84011
G1 F1179.4 X71.076 Y106.288 E461.85097
G1 F1399.4 X71.101 Y105.932 E461.86085
G1 F989.7 X71.004 Y105.534 E461.87687
G1 X70.768 Y105.897 E461.89381
G1 F1399.4 X70.727 Y106.287 E461.90466
G1 F1233.9 X70.732 Y106.651 E461.91608
G1 F1076.2 X70.747 Y106.755 E461.91986
G1 F1106 X70.708 Y107.035 E461.92976
G1 F1200 X70.714 Y107.401 E461.94157
G1 F1165 X70.785 Y108.028 E461.96253
G1 F1076.2 X70.689 Y108.218 E461.97019
G1 F1036.7 X70.863 Y108.476 E461.98181
G1 F1162.2 X70.948 Y108.922 E461.99694
G1 F2700 E454.99694
G0 F9000 X71.181 Y109.271
G0 X71.72 Y110.179
G0 X72.291 Y110.487
G0 X72.885 Y110.405
G0 X73.367 Y110.243
G0 X77.567 Y107.993
G0 X78.696 Y105.968
G1 F2700 E461.99694
G1 F1064.3 X78.799 Y105.763 E462.00528
G1 F1344.5 X79.007 Y105.577 E462.01332
G1 F1500 X79.218 Y105.498 E462.01913
G1 X79.096 Y105.051 E462.03109
G1 X79.111 Y104.854 E462.03619
G1 X79.175 Y104.712 E462.04021
G1 X78.99 Y104.546 E462.04662
G1 X78.9 Y104.293 E462.05356
G1 X78.81 Y104.301 E462.05589
G1 X78.712 Y104.66 E462.06549
G1 X78.566 Y104.833 E462.07134
G1 X78.357 Y104.909 E462.07708
G1 F1344.5 X78.647 Y105.729 E462.10212
G1 F1064.3 X78.696 Y105.968 E462.11099
G0 F9000 X79.572 Y105.859
;TYPE:WALL-OUTER
G1 F879.1 X79.825 Y106.414 E462.13785
G1 X80.029 Y106.74 E462.15479
G1 F888.9 X80.308 Y107.081 E462.17398
G1 F926.6 X80.523 Y107.245 E462.18528
G1 F1006.3 X80.697 Y107.277 E462.19208
G0 F9000 X80.94 Y107.2
G1 F1103.4 X81.186 Y106.998 E462.20325
G1 F1116.3 X81.352 Y106.717 E462.21457
G1 F1218.3 X81.476 Y106.464 E462.22352
G1 F1415.9 X81.596 Y105.932 E462.23844
G1 F1500 X81.595 Y105.417 E462.25173
G1 X81.559 Y104.998 E462.26258
G1 X81.48 Y104.712 E462.27024
G1 X81.374 Y104.479 E462.27685
G1 X81.189 Y104.228 E462.2849
G1 X81.046 Y104.115 E462.2896
G1 X80.757 Y104.008 E462.29755
G1 X80.393 Y103.997 E462.30695
G1 F1253.3 X80.112 Y104.096 E462.31616
G1 F1008.4 X80.002 Y104.165 E462.32114
G1 X80.124 Y104.159 E462.32583
G1 F1253.3 X80.267 Y104.268 E462.33138
G1 F1500 X80.454 Y104.499 E462.33906
G1 X80.693 Y105.035 E462.3542
G1 X80.805 Y105.388 E462.36376
G1 X80.92 Y105.935 E462.37819
G1 F1415.9 X80.973 Y106.401 E462.39101
G1 F1218.3 X81.021 Y106.617 E462.39804
G1 F1116.3 X80.964 Y107.002 E462.41154
G1 F1103.4 X80.894 Y107.156 E462.41748
G1 F1066.7 X80.697 Y107.277 E462.42587
G1 X80.94 Y107.2 E462.43512
G0 F9000 X81.13 Y106.859
G0 X79.049 Y106.759
G0 X79.532 Y107.061
G1 F1191.1 X79.692 Y107.341 E462.4456
G1 F1039 X79.873 Y107.72 E462.46125
G1 F914.3 X80.066 Y108.299 E462.4871
G1 F834.8 X80.172 Y108.854 E462.5133
G1 F783 X80.198 Y109.104 E462.52573
G1 F733.9 X80.182 Y109.543 E462.5489
G0 F9000 X80.214 Y109.821
G1 F1428.6 X80.281 Y109.644 E462.55403
G1 F1002.1 X80.181 Y109.591 E462.5584
G1 F740.7 X80.182 Y109.543 E462.56091
G1 X80.157 Y109.583 E462.56338
G1 F1002.1 X80.045 Y109.552 E462.56787
G1 F1445.8 X79.93 Y109.749 E462.57397
G1 F1463.4 X79.724 Y109.787 E462.57952
G1 F1486.1 X79.626 Y109.743 E462.58231
G1 F1500 X79.432 Y109.438 E462.59164
G1 X79.306 Y108.97 E462.60415
G1 X79.235 Y108.488 E462.61673
G1 X79.137 Y107.662 E462.6382
G1 X79.107 Y107.203 E462.65007
G1 X79.142 Y107.079 E462.65339
G1 F1495.3 X79.246 Y107.003 E462.65673
G1 F1415.9 X79.451 Y106.994 E462.66234
G1 F1318.7 X79.532 Y107.061 E462.66542
G1 X79.466 Y106.974 E462.66863
G1 F1383.3 X79.075 Y106.531 E462.68517
G1 F1459 X79.069 Y105.919 E462.70141
G1 F1500 X79.16 Y105.811 E462.70505
G1 F1290.3 X79.425 Y105.754 E462.71319
G1 F997.9 X79.572 Y105.859 E462.72019
G1 F1118.9 X79.487 Y105.418 E462.73574
G1 F1500 X79.362 Y104.974 E462.74764
G1 F1322.3 X79.562 Y104.512 E462.76238
G1 F1259.8 X79.357 Y104.502 E462.76869
G1 F1420.1 X79.229 Y104.4 E462.77315
G1 F1500 X79.125 Y104.059 E462.78235
G1 X79.065 Y104.019 E462.78421
G1 X78.706 Y104.042 E462.7935
G1 X78.558 Y104.161 E462.7984
G1 X78.446 Y104.549 E462.80882
G1 X78.393 Y104.612 E462.81095
G1 F1445.8 X78.225 Y104.662 E462.81564
G1 F1113.7 X77.995 Y104.591 E462.82401
G1 F1140.1 X78.07 Y104.936 E462.836
G1 F1490.7 X78.33 Y105.684 E462.85656
G1 F1500 X78.323 Y106.064 E462.86637
G1 X78.332 Y106.591 E462.87998
G1 X78.382 Y107.643 E462.90716
G1 X78.454 Y108.256 E462.92309
G1 X78.561 Y108.814 E462.93775
G1 X78.732 Y109.402 E462.95356
G1 X78.935 Y109.746 E462.96387
G1 X79.174 Y109.989 E462.97266
G1 F1495.3 X79.515 Y110.09 E462.98187
G1 F1486.1 X79.721 Y110.086 E462.98724
G1 F1463.4 X80.071 Y109.96 E462.99708
G1 F1437.1 X80.214 Y109.821 E463.00245
G1 F2700 E456.00245
G0 F9000 X81.031 Y110.132
G0 X80.516 Y110.725
G0 X79.866 Y110.952
G0 X79.388 Y110.956
G0 X78.9 Y110.809
G0 X78.567 Y110.61
G0 X78.219 Y110.239
G0 X77.866 Y109.515
G0 X77.713 Y108.867
G0 X77.567 Y107.993
G0 X76.963 Y107.299
G1 F2700 E463.00245
G1 F1500 X77.246 Y107.204 E463.01016
G1 X77.297 Y107.066 E463.01395
G1 X77.23 Y106.699 E463.02358
G1 X77.161 Y106.095 E463.03927
G1 X77.151 Y105.797 E463.04697
G1 X77.159 Y105.476 E463.05526
G1 F1276.6 X77.116 Y105 E463.06975
G1 F1142.9 X77.242 Y104.488 E463.08761
G1 F1048 X77.306 Y104.186 E463.09902
G1 F839.2 X77.43 Y104.054 E463.10737
G1 X77.218 Y104.088 E463.11728
G1 F1045.8 X77.076 Y104.168 E463.12331
G1 F1173.6 X76.937 Y104.378 E463.13162
G1 F1137.4 X76.827 Y104.671 E463.14227
G1 F1071.4 X76.75 Y105.009 E463.1548
G1 F1233.9 X76.59 Y105.115 E463.16082
G1 F1411.8 X76.445 Y105.148 E463.1649
G1 F1212.1 X76.272 Y105.083 E463.1708
G1 F1276.6 X76.486 Y105.77 E463.19262
G1 F1500 X76.56 Y106.19 E463.20363
G1 X76.548 Y106.471 E463.21089
G1 X76.475 Y106.721 E463.21761
G1 F1307.9 X76.311 Y107.088 E463.22951
G1 F1108.5 X76.391 Y107.048 E463.23263
G1 F1243.5 X76.643 Y107.084 E463.24056
G1 F1500 X76.764 Y107.252 E463.2459
G1 X76.963 Y107.299 E463.25118
G0 F9000 X76.287 Y107.1
G1 F985.6 X76.122 Y107.172 E463.25825
G1 F1036.7 X75.939 Y107.172 E463.26508
G1 F1045.8 X75.638 Y106.935 E463.27927
G1 F1106 X75.433 Y106.607 E463.29281
G1 F1276.6 X75.382 Y106.269 E463.30317
G1 F1450.2 X75.386 Y106.245 E463.30382
G1 F1500 X75.275 Y105.821 E463.31513
G1 X75.22 Y105.427 E463.3254
G1 X75.217 Y104.96 E463.33746
G1 X75.258 Y104.534 E463.3485
G1 F1151.1 X75.383 Y104.093 E463.36392
G1 F854.1 X75.479 Y104.016 E463.3695
G1 F1004.2 X75.11 Y104.018 E463.38372
G1 F1441.4 X74.855 Y104.225 E463.39254
G1 F1500 X74.705 Y104.486 E463.40031
G1 X74.594 Y104.906 E463.41153
G1 X74.582 Y105.228 E463.41984
G1 X74.595 Y105.542 E463.42795
G1 F1476.9 X74.64 Y105.984 E463.4396
G1 F1297.3 X74.543 Y106.112 E463.44439
G1 F1118.9 X74.44 Y106.148 E463.44817
G1 F1209.1 X74.701 Y106.22 E463.45684
G1 F1379.3 X74.847 Y106.531 E463.46648
G1 F1188.1 X75.235 Y106.983 E463.48589
G1 F1048 X75.47 Y107.116 E463.49587
G1 X75.88 Y107.207 E463.51138
G1 F1039 X76.122 Y107.172 E463.52049
G1 F2700 E456.52049
G0 F9000 X75.563 Y107.02
G0 X74.903 Y106.012
G0 X74.44 Y106.148
G1 F2700 E463.52049
G1 F1083.5 X74.204 Y106.15 E463.52892
G0 F9000 X73.803 Y106.135
G0 X73.618 Y106.741
G0 X73.441 Y107.101
G1 F1209.1 X73.721 Y106.899 E463.53998
G1 F1500 X73.899 Y106.597 E463.54903
G1 F1454.5 X74.036 Y106.236 E463.55931
G1 F1233.9 X74.204 Y106.15 E463.56523
G1 X74.042 Y106.046 E463.57127
G1 F1454.5 X73.923 Y105.516 E463.58572
G1 F1500 X73.724 Y105.083 E463.59802
G1 X73.498 Y104.757 E463.60826
G1 X73.332 Y104.56 E463.61491
G1 X73.115 Y104.355 E463.62262
G1 X72.912 Y104.202 E463.62918
G1 X72.572 Y104.007 E463.63929
G1 X72.204 Y103.899 E463.64919
G1 X71.82 Y103.831 E463.65926
G1 X71.422 Y103.872 E463.66958
G1 F1476.9 X71.174 Y103.957 E463.67646
G1 F1259.8 X70.991 Y104.095 E463.6835
G1 F1004.2 X70.885 Y104.236 E463.6903
G1 X71.037 Y104.19 E463.69642
G1 F1276.6 X71.383 Y104.23 E463.70699
G1 F1500 X71.984 Y104.474 E463.72373
G1 X72.317 Y104.707 E463.73422
G1 X72.518 Y104.877 E463.74101
G1 X72.791 Y105.166 E463.75127
G1 X73.068 Y105.545 E463.76339
G1 X73.086 Y105.68 E463.7669
G1 F1403.5 X73.007 Y105.83 E463.77158
G1 F1113.7 X72.813 Y105.939 E463.77931
G1 F1173.6 X73.269 Y106.135 E463.79569
G1 F1500 X73.346 Y106.224 E463.79873
G1 F1340.8 X73.431 Y106.694 E463.81252
G1 F1100.9 X73.382 Y107.043 E463.82491
G1 F935.7 X73.31 Y107.144 E463.83004
G1 X73.441 Y107.101 E463.83575
G0 F9000 X73.618 Y106.741
G0 X73.281 Y105.905
G0 X72.813 Y105.939
G1 F946.7 X72.319 Y105.772 E463.85707
G1 F930.2 X72.019 Y105.656 E463.87046
G1 F912.5 X71.709 Y105.51 E463.88499
G0 F9000 X71.161 Y105.474
G0 X70.949 Y104.993
G0 X70.794 Y104.707
G1 F736.2 X70.754 Y104.584 E463.8918
G1 F788.2 X70.794 Y104.356 E463.90317
G1 F880.7 X70.885 Y104.236 E463.90979
G1 F2700 E456.90979
G0 F9000 X71.47 Y104.044
G0 X70.825 Y103.159
G0 X70.463 Y103.356
G0 X70.213 Y103.599
G0 X68.52 Y105.638
G0 X69.068 Y106.449
G1 F2700 E463.90979
G1 F967.7 X68.994 Y106.829 E463.92527
G1 F928.4 X69.144 Y107.296 E463.94573
G1 F917.8 X69.448 Y107.648 E463.96535
G1 F943 X69.792 Y107.936 E463.98377
G1 F967.7 X70.088 Y108.155 E463.9985
G1 F2700 E456.9985
G0 F9000 X70.539 Y108.272
G0 X71.11 Y109.193
G0 X71.515 Y108.986
G1 F2700 E463.9985
G1 F1023.5 X71.832 Y108.835 E464.01178
G1 F776.7 X72.081 Y109.215 E464.03442
G0 F9000 X71.832 Y108.835
G1 F826.2 X71.696 Y108.564 E464.04863
G0 F9000 X71.338 Y108.064
G0 X72.308 Y107.39
G0 X72.864 Y109.292
G1 F1064.3 X72.709 Y109.436 E464.05633
G1 F1088.4 X72.635 Y109.362 E464.06005
G1 F989.7 X72.196 Y109.273 E464.07757
G1 F814.9 X72.081 Y109.215 E464.08369
G1 X72.153 Y109.339 E464.0905
G1 F989.7 X72.41 Y109.596 E464.10472
G1 F1276.6 X72.696 Y109.557 E464.11347
G1 F1243.5 X72.723 Y109.479 E464.11604
G1 F1064.3 X72.979 Y109.393 E464.12587
G1 X73.241 Y109.133 E464.13929
G1 X73.285 Y108.786 E464.15202
G1 X73.21 Y108.477 E464.16358
G1 F1100.9 X73.013 Y108.104 E464.17842
G1 F1197 X72.714 Y107.692 E464.19488
G1 F1307.9 X72.695 Y107.596 E464.19778
G1 F1424.3 X72.734 Y107.477 E464.20118
G1 F1500 X72.811 Y107.397 E464.20405
G1 F1170.7 X73.195 Y107.225 E464.21796
G1 F1023.5 X73.256 Y107.174 E464.22097
G1 F1266.5 X72.772 Y107.086 E464.23601
G1 F1500 X72.403 Y106.982 E464.2459
G1 F1445.8 X72.03 Y106.834 E464.25665
G1 F1403.5 X71.756 Y106.64 E464.26591
G1 F1454.5 X71.418 Y106.379 E464.27728
G1 F1500 X71.37 Y106.264 E464.28049
G1 X71.402 Y105.738 E464.29409
G1 X71.441 Y105.637 E464.29689
G1 F1237.1 X71.577 Y105.515 E464.30261
G1 F967.7 X71.709 Y105.51 E464.30789
G1 X71.617 Y105.414 E464.31321
G1 F1137.4 X71.467 Y105.156 E464.32337
G1 F1355.9 X71.459 Y104.876 E464.33137
G1 F1500 X71.312 Y104.811 E464.33551
G1 F1212.1 X70.968 Y104.82 E464.34651
G1 F854.1 X70.794 Y104.707 E464.35591
G1 F916 X70.803 Y104.985 E464.36766
G1 F1340.8 X70.594 Y105.37 E464.38031
G1 F1504.7 X70.504 Y105.704 E464.38921
G1 X70.458 Y106.02 E464.39743
G1 F1500 X70.4 Y106.59 E464.41222
G1 X70.385 Y107.045 E464.42397
G1 X70.397 Y107.428 E464.43386
G1 X70.443 Y107.942 E464.44718
G1 F1391.3 X70.302 Y108.118 E464.45345
G1 F1106 X70.088 Y108.155 E464.46105
G1 F1173.6 X70.514 Y108.532 E464.47982
G1 F1500 X70.685 Y109.092 E464.49493
G1 X70.866 Y109.382 E464.50376
G1 X70.959 Y109.463 E464.50694
G1 X71.177 Y109.503 E464.51266
G1 X71.341 Y109.401 E464.51764
G1 X71.394 Y109.264 E464.52144
G1 X71.379 Y109.161 E464.52412
G1 F1454.5 X71.515 Y108.986 E464.53002
G1 X71.319 Y109.021 E464.53532
G1 F1500 X71.237 Y108.834 E464.54059
G1 X71.258 Y108.671 E464.54483
G1 X71.331 Y108.6 E464.54746
G1 F1259.8 X71.691 Y108.541 E464.55867
G1 X71.615 Y108.164 E464.57049
G1 F1500 X71.573 Y108.055 E464.5735
G1 X71.469 Y107.611 E464.58527
G1 X71.41 Y107.233 E464.59515
G1 X71.448 Y107.107 E464.59854
G1 F1454.5 X71.649 Y106.984 E464.60482
G1 F1371.4 X71.789 Y107.008 E464.60883
G1 F1344.5 X72.36 Y107.709 E464.63486
G1 F1273.2 X72.649 Y108.142 E464.65069
G1 F1153.8 X72.795 Y108.431 E464.66155
G1 F1093.4 X72.893 Y108.717 E464.67226
G1 F1069 X72.935 Y109.022 E464.68341
G1 F1064.3 X72.864 Y109.292 E464.69356
G1 F2700 E457.69356
G0 F9000 X73.022 Y109.182
G0 X72.906 Y108.176
G0 X73.923 Y107.873
G0 X75.637 Y108.109
G0 X76.353 Y108.033
G0 X76.272 Y105.083
G1 F2700 E464.69356
G1 F1118.9 X76.156 Y104.8 E464.70415
G1 F1052.6 X75.975 Y104.412 E464.71989
G1 F928.4 X75.808 Y104.155 E464.73267
G1 F866.4 X75.699 Y104.055 E464.73928
G1 F820.5 X75.479 Y104.016 E464.74983
G1 F2700 E457.74983
G0 F9000 X75.149 Y104.212
G0 X77.054 Y104.446
G0 X77.43 Y104.054
G1 F2700 E464.74983
G1 F757.1 X77.593 Y104.035 E464.75822
G1 F776.7 X77.716 Y104.081 E464.76476
G1 F820.5 X77.856 Y104.263 E464.7756
G1 F885.6 X77.995 Y104.591 E464.79117
G1 F2700 E457.79117
G0 F9000 X78.312 Y104.968
G0 X79.026 Y104.664
G0 X79.598 Y104.504
G1 F2700 E464.79117
G1 F979.6 X79.765 Y104.328 E464.80076
G1 F967.7 X80.002 Y104.165 E464.81227
G1 F2700 E457.81227
G0 F9000 X80.472 Y104.196
G0 X79.093 Y104.533
G0 X78.839 Y105.326
;TYPE:SKIN
G1 F2700 E464.81227
G1 F1496.3 X78.769 Y105.091 E464.8202
G1 F2700 E457.8202
G0 F9000 X78.608 Y104.877
G0 X78.969 Y104.206
G0 X79.03 Y103.15
G0 X80.937 Y103.15
G0 X81.409 Y103.333
G0 X81.825 Y103.651
G0 X82.751 Y104.4
;TYPE:WALL-INNER
G1 F2700 E464.8202
G1 F1083.5 X82.678 Y104.575 E464.82697
G1 F991.7 X82.609 Y104.993 E464.84351
G1 F921.3 X82.573 Y105.583 E464.86835
G1 F879.1 X82.588 Y106.232 E464.89694
G1 F893.9 X82.653 Y106.946 E464.92799
G1 F2700 E457.92799
G0 F9000 X82.799 Y106.148
G0 X84.298 Y105.95
G0 X84.586 Y105.987
G1 F2700 E464.92799
G1 F948.6 X84.762 Y105.585 E464.9459
G1 F1083.5 X84.844 Y105.24 E464.95857
G1 F1034.5 X84.797 Y105.011 E464.96732
G1 F1103.4 X84.806 Y104.416 E464.9882
G1 F904 X84.71 Y104.048 E465.00449
G1 F871.1 X84.773 Y103.714 E465.01959
G1 F979.6 X84.709 Y103.125 E465.04301
G1 X84.593 Y102.611 E465.06383
G1 F1050.3 X84.446 Y102.228 E465.07895
G1 F1170.7 X84.365 Y102.084 E465.08442
G0 F9000 X83.691 Y101.421
G0 X83.33 Y101.304
;TYPE:WALL-OUTER
G1 F874.3 X83.118 Y101.282 E465.09385
G1 F939.3 X82.967 Y101.313 E465.10021
G1 F919.5 X82.812 Y101.409 E465.10788
G1 F827.6 X82.638 Y101.713 E465.12427
G1 F778 X82.631 Y102.111 E465.14408
G1 F814.9 X82.795 Y102.517 E465.16488
G1 F874.3 X82.996 Y102.814 E465.18076
G1 F902.3 X83.186 Y103.062 E465.19416
G1 F932 X83.458 Y103.35 E465.21062
G1 F944.9 X84.022 Y103.904 E465.24301
G0 F9000 X83.534 Y104.504
G1 F932 X83.813 Y105.114 E465.27087
G1 F993.8 X84.012 Y105.578 E465.29054
G0 F9000 X84.369 Y105.988
G0 X84.644 Y105.908
G0 X84.898 Y105.304
G0 X85.493 Y105.478
G1 F1076.2 X85.755 Y105.825 E465.30618
G1 F1095.9 X85.875 Y106.012 E465.31403
G1 F2700 E458.31403
G0 F9000 X84.859 Y105.886
G0 X84.576 Y107.13
G1 F2700 E465.31403
G1 F1500 X84.733 Y107.05 E465.31858
G1 X84.884 Y106.883 E465.32439
G1 X84.973 Y106.413 E465.33674
G1 X85.086 Y105.55 E465.3592
G1 X85.14 Y105.471 E465.36167
G1 F1415.9 X85.29 Y105.403 E465.36618
G1 F1203 X85.493 Y105.478 E465.37314
G1 X85.348 Y105.267 E465.38138
G1 F1375.4 X85.122 Y104.994 E465.39135
G1 F1459 X85.146 Y104.34 E465.40872
G1 F1500 X85.122 Y103.593 E465.42801
G1 X85.071 Y103.067 E465.44165
G1 X84.938 Y102.491 E465.45691
G1 X84.735 Y102.061 E465.46918
G1 F1399.4 X84.518 Y101.798 E465.47861
G1 F1137.4 X84.265 Y101.624 E465.48907
G1 F1014.8 X84.143 Y101.495 E465.49584
G1 F1025.6 X83.914 Y101.378 E465.50555
G1 F997.9 X83.62 Y101.304 E465.51731
G1 F905.7 X83.33 Y101.304 E465.5297
G1 F880.7 X83.467 Y101.376 E465.53651
G1 F967.7 X83.811 Y101.695 E465.55528
G1 F1081.1 X84.037 Y102.02 E465.56945
G1 F1297.3 X84.266 Y102.786 E465.59331
G1 F1500 X84.346 Y103.168 E465.60338
G1 X84.411 Y103.69 E465.61696
G1 X84.368 Y103.793 E465.61984
G1 F1428.6 X84.254 Y103.883 E465.62378
G1 F1124.1 X84.022 Y103.904 E465.6318
G1 F1159.4 X84.245 Y104.18 E465.64365
G1 F1486.1 X84.372 Y104.308 E465.64835
G1 F1500 X84.472 Y104.555 E465.65522
G1 X84.463 Y105.494 E465.67946
G1 X84.369 Y105.609 E465.68329
G1 F1273.2 X84.095 Y105.641 E465.69168
G1 F1048 X84.012 Y105.578 E465.69553
G1 F1179.4 X84.097 Y105.896 E465.70634
G1 F1472.4 X84.264 Y106.412 E465.7206
G1 F1500 X84.32 Y106.643 E465.72673
G1 X84.455 Y107.11 E465.73928
G1 X84.576 Y107.13 E465.74244
G1 F2700 E458.74244
G0 F9000 X84.614 Y106.862
G0 X84.484 Y106.57
G0 X82.855 Y106.683
G0 X82.825 Y107.318
G1 F2700 E465.74244
G1 F1500 X82.993 Y107.254 E465.74708
G1 X83.05 Y107.165 E465.74981
G1 X82.978 Y106.136 E465.77644
G1 X82.958 Y105.381 E465.79593
G1 X82.97 Y105.114 E465.80283
G1 X83.028 Y104.596 E465.81628
G1 X83.081 Y104.5 E465.81911
G1 F1459 X83.283 Y104.424 E465.82484
G1 F1086 X83.534 Y104.504 E465.83423
G1 X83.427 Y104.134 E465.84796
G1 F1459 X83.328 Y104.026 E465.85185
G1 F1500 X83.098 Y103.943 E465.85816
G1 X82.78 Y103.978 E465.86642
G1 X82.661 Y104.031 E465.86978
G1 X82.474 Y104.207 E465.87641
G1 X82.327 Y104.552 E465.88608
G1 X82.242 Y104.936 E465.89624
G1 X82.183 Y105.564 E465.91252
G1 X82.18 Y105.933 E465.92204
G1 X82.194 Y106.262 E465.93054
G1 X82.22 Y106.583 E465.93885
G1 X82.303 Y107.194 E465.95477
G1 X82.344 Y107.257 E465.95671
G1 X82.622 Y107.332 E465.96414
G1 X82.825 Y107.318 E465.96939
G1 F2700 E458.96939
G0 F9000 X82.768 Y107.064
G0 X82.799 Y106.148
G0 X83.781 Y107.598
G0 X84.016 Y107.915
G0 X84.646 Y108.014
G0 X127.825 Y96.844
G0 X129.054 Y96.567
;TYPE:WALL-INNER
G1 F2700 E465.96939
G1 F848.1 X129.126 Y96.796 E465.98035
G1 F839.2 X129.268 Y97.112 E465.99633
G1 F2700 E458.99633
G0 F9000 X129.881 Y97.572
G0 X130.903 Y97.816
G0 X131.261 Y99.081
G1 F2700 E465.99633
G1 F1375.4 X131.204 Y98.841 E466.00327
G1 F1371.4 X131.21 Y98.438 E466.01465
G1 F1363.6 X131.39 Y97.858 E466.03189
G1 F1359.8 X131.929 Y97.062 E466.05926
G1 F1424.3 X132.046 Y96.682 E466.07007
G1 F1490.7 X132.055 Y96.37 E466.07818
G1 X131.912 Y95.976 E466.08906
G1 X131.873 Y95.922 E466.09079
G1 F1467.9 X131.854 Y96.248 E466.09941
G1 F1424.3 X131.698 Y96.725 E466.11305
G1 F1359.8 X131.469 Y97.096 E466.12546
G1 F1326 X131.149 Y97.554 E466.14177
G1 F1340.8 X131.017 Y97.851 E466.15116
G1 F1363.6 X130.952 Y98.232 E466.16213
G1 F1375.4 X130.984 Y98.527 E466.17048
G1 X131.106 Y98.871 E466.18076
G1 X131.261 Y99.081 E466.18811
G1 F2700 E459.18811
G0 F9000 X131.326 Y98.454
G0 X132.473 Y98.201
G0 X132.905 Y98.436
G1 F2700 E466.18811
G1 F1032.3 X132.998 Y98.607 E466.19541
G1 F1064.3 X133.077 Y98.85 E466.2047
G0 F9000 X133.922 Y99.012
G0 X134.113 Y99.184
G1 F1286.9 X134.219 Y99.278 E466.20896
G0 F9000 X134.917 Y99.532
G0 X135.41 Y99.126
G1 F855.6 X135.336 Y98.806 E466.22382
G1 F923.1 X135.114 Y98.401 E466.24319
G1 F893.9 X134.609 Y97.347 E466.29382
G1 F806.7 X134.506 Y97.017 E466.31041
G1 F790.8 X134.315 Y96.738 E466.32696
G1 F760.7 X134.134 Y96.502 E466.3421
G1 F755.9 X134.066 Y96.217 E466.3571
G1 F833.3 X133.65 Y95.333 E466.40249
G1 F2700 E459.40249
G0 F9000 X134.284 Y96.098
G0 X135.833 Y95.481
G0 X136.04 Y95.275
G1 F2700 E466.40249
G1 F801.3 X136.089 Y95.464 E466.41192
G1 X136.521 Y96.391 E466.46133
G1 F765.6 X136.572 Y96.577 E466.47109
G1 F770.5 X136.731 Y96.828 E466.48602
G1 F839.2 X137.848 Y99.174 E466.60589
G0 F9000 X138.505 Y99.632
;TYPE:WALL-OUTER
G1 F1500 X136.552 Y95.479 E466.72434
G1 X136.421 Y95.088 E466.73498
G1 X136.438 Y94.901 E466.73983
G1 X136.173 Y94.847 E466.74681
G1 X135.84 Y94.872 E466.75543
G1 X135.71 Y94.95 E466.75934
G1 X135.602 Y95.182 E466.76595
G1 X135.662 Y95.539 E466.77529
G1 X136.117 Y96.502 E466.80278
G1 F1297.3 X136.103 Y96.702 E466.80876
G1 F995.9 X135.968 Y96.825 E466.81586
G1 X136.179 Y96.863 E466.8242
G1 F1297.3 X136.36 Y97.007 E466.8311
G1 F1500 X137.594 Y99.563 E466.90436
G1 X138.25 Y99.594 E466.92131
G1 X138.505 Y99.632 E466.92796
G1 F2700 E459.92796
G0 F9000 X138.153 Y99.378
G0 X137.169 Y98.321
G0 X134.917 Y99.532
G0 X134.809 Y99.297
G1 F2700 E466.92796
G1 F1185.2 X134.695 Y99.303 E466.93169
G1 F1379.3 X134.412 Y99.036 E466.94261
G1 F1415.9 X134.09 Y98.753 E466.95433
G1 F1340.8 X133.919 Y98.569 E466.96159
G1 X133.767 Y98.762 E466.96868
G1 F1086 X133.609 Y98.883 E466.97577
G1 X133.744 Y99.031 E466.98292
G1 F1415.9 X133.851 Y99.352 E466.99217
G1 F1500 X134.047 Y99.542 E466.99921
G1 F1399.4 X134.39 Y99.657 E467.00922
G1 F1200 X134.863 Y99.645 E467.02449
G1 F1153.8 X134.984 Y99.655 E467.02856
G1 F1337 X135.391 Y99.615 E467.0404
G1 F1500 X135.78 Y99.413 E467.05171
G1 X135.953 Y99.279 E467.05736
G1 X134.963 Y97.181 E467.11724
G1 F1379.3 X134.968 Y96.964 E467.12333
G1 F989.7 X135.145 Y96.798 E467.13282
G1 X134.846 Y96.7 E467.14513
G1 F1379.3 X134.698 Y96.598 E467.15018
G1 F1500 X133.914 Y94.938 E467.19756
G1 X133.448 Y94.913 E467.2096
G1 X132.968 Y94.85 E467.2221
G1 X133.672 Y96.325 E467.26428
G1 F1476.9 X133.64 Y96.505 E467.26907
G1 F1387.3 X133.516 Y96.596 E467.27337
G1 F1329.6 X133.3 Y96.588 E467.27966
G1 F1333.3 X133.087 Y96.874 E467.29001
G1 F1329.6 X133.54 Y96.875 E467.3032
G1 F1367.5 X133.892 Y96.893 E467.31318
G1 F1454.5 X133.99 Y96.976 E467.3166
G1 F1500 X134.778 Y98.589 E467.36293
G1 X134.992 Y98.925 E467.37322
G1 X134.991 Y99.05 E467.37644
G1 F1273.2 X134.809 Y99.297 E467.38577
G1 F2700 E460.38577
G0 F9000 X134.69 Y99.515
G0 X133.922 Y99.012
G0 X133.188 Y98.925
G0 X132.619 Y99.586
G1 F2700 E467.38577
G1 F935.7 X132.359 Y99.687 E467.39731
G1 F890.5 X131.94 Y99.639 E467.41565
G0 F9000 X131.654 Y99.638
G1 F1019.1 X131.94 Y99.639 E467.42651
G1 X131.766 Y99.44 E467.43655
G1 F1359.8 X131.6 Y99.215 E467.44451
G1 F1500 X131.494 Y98.792 E467.45577
G1 X131.511 Y98.46 E467.46435
G1 X131.651 Y98.014 E467.47641
G1 X132.109 Y97.338 E467.49749
G1 X132.235 Y97.077 E467.50497
G1 X132.326 Y96.721 E467.51445
G1 X132.338 Y96.324 E467.5247
G1 X132.162 Y95.84 E467.538
G1 F1375.4 X131.979 Y95.636 E467.54571
G1 F1064.3 X131.656 Y95.471 E467.5589
G1 F1137.4 X131.593 Y95.889 E467.57329
G1 F1500 X131.566 Y96.225 E467.58199
G1 X131.455 Y96.558 E467.59105
G1 X131.217 Y96.928 E467.60241
G1 X131 Y97.235 E467.61211
G1 X130.839 Y97.507 E467.62027
G1 X130.734 Y97.758 E467.62729
G1 X130.644 Y98.128 E467.63712
G1 X130.695 Y98.593 E467.64919
G1 X130.839 Y99 E467.66033
G1 X130.966 Y99.204 E467.66654
G1 X131.274 Y99.5 E467.67756
G1 F1359.8 X131.654 Y99.638 E467.68907
G0 F9000 X132.619 Y99.586
G1 F1045.8 X132.811 Y99.545 E467.69634
G1 F1307.9 X133.121 Y99.394 E467.70655
G1 F1500 X133.369 Y99.031 E467.71789
G1 F1344.5 X133.395 Y98.97 E467.7198
G1 F1041.2 X133.565 Y98.881 E467.72694
G1 X133.406 Y98.769 E467.73417
G1 F1344.5 X133.335 Y98.509 E467.74193
G1 F1500 X133.192 Y98.208 E467.75053
G1 X132.989 Y98.046 E467.75724
G1 X132.776 Y97.962 E467.76314
G1 X132.471 Y97.99 E467.77105
G1 X132.296 Y98.12 E467.77668
G1 X132.241 Y98.234 E467.77994
G1 X132.476 Y98.423 E467.78773
G1 X132.684 Y98.756 E467.79786
G1 X132.772 Y99.046 E467.80568
G1 F1420.1 X132.764 Y99.338 E467.81365
G1 F1116.3 X132.619 Y99.586 E467.82361
G1 F2700 E460.82361
G0 F9000 X132.988 Y99.228
G0 X133.455 Y100.2
G0 X133.166 Y100.368
G0 X132.538 Y100.584
G0 X131.846 Y100.586
G0 X131.378 Y100.487
G0 X130.807 Y100.24
G0 X130.296 Y99.759
G0 X130.078 Y99.416
G0 X129.841 Y98.633
G0 X129.771 Y97.772
G1 F2700 E467.82361
G1 F1500 X130.049 Y97.703 E467.831
G1 X130.143 Y97.604 E467.83453
G1 X129.818 Y97.258 E467.84678
G1 X129.599 Y96.878 E467.8581
G1 X129.449 Y96.503 E467.86852
G1 X129.378 Y96.178 E467.87711
G1 X129.381 Y95.812 E467.88655
G1 X129.52 Y95.418 E467.89734
G1 X129.707 Y95.181 E467.90513
G1 F1371.4 X130.086 Y94.909 E467.9183
G1 F1215.2 X130.002 Y94.915 E467.92098
G1 F1315.1 X129.538 Y95.08 E467.93548
G1 F1500 X129.203 Y95.309 E467.94595
G1 X128.936 Y95.596 E467.95607
G1 X128.78 Y95.858 E467.96394
G1 X128.664 Y96.269 E467.97496
G1 X128.657 Y96.612 E467.98382
G1 X128.74 Y96.935 E467.99242
G1 X128.93 Y97.34 E468.00397
G1 X129.144 Y97.569 E468.01206
G1 X129.475 Y97.752 E468.02182
G1 X129.771 Y97.772 E468.02948
G1 F2700 E461.02948
G0 F9000 X129.75 Y97.513
G0 X129.423 Y96.971
G0 X129.325 Y96.728
G0 X129.196 Y96.177
G0 X130.107 Y94.908
G1 F2700 E468.02948
G1 F1098.4 X130.516 Y94.883 E468.04392
G1 F1086 X130.929 Y94.937 E468.05877
G1 F960 X131.384 Y95.189 E468.07975
G1 F752.4 X131.64 Y95.464 E468.09908
G1 F2700 E461.09908
G0 F9000 X131.756 Y95.65
G0 X132.147 Y96.702
G0 X133.688 Y96.726
G0 X135.145 Y96.798
G1 F2700 E468.09908
G1 F843.6 X135.968 Y96.825 E468.13687
G1 F2700 E461.13687
G0 F9000 X136.45 Y96.598
G0 X136.959 Y96.719
G0 X137.882 Y96.522
G0 X138.058 Y96.203
;TYPE:WALL-INNER
G1 F2700 E468.13687
G1 F830.4 X138.137 Y96.537 E468.15287
G1 F772.9 X138.21 Y96.78 E468.16558
G1 F745.3 X138.323 Y97.087 E468.18257
G1 F733.9 X138.458 Y97.4 E468.20055
G1 F747.7 X138.61 Y97.715 E468.21866
G1 F790.8 X138.847 Y98.129 E468.24202
G1 F885.6 X139.096 Y98.497 E468.26144
G1 F2700 E461.26144
G0 F9000 X139.53 Y98.828
G0 X141.32 Y98.417
G0 X141.598 Y98.56
G1 F2700 E468.26144
G1 F820.5 X141.545 Y98.224 E468.27749
G1 F754.7 X141.439 Y97.819 E468.29897
G1 F726.2 X141.161 Y97.162 E468.337
G1 F738.5 X140.907 Y96.67 E468.36603
G1 F802.7 X140.643 Y96.238 E468.39045
G1 F898.9 X140.504 Y96.045 E468.40069
G1 F2700 E461.40069
G0 F9000 X139.722 Y95.275
G0 X139.065 Y94.962
;TYPE:WALL-OUTER
G1 F2700 E468.40069
G1 F1045.8 X138.767 Y94.936 E468.41177
G1 F2700 E461.41177
G0 F9000 X138.173 Y95.279
G0 X138.153 Y95.719
G0 X138.472 Y96.804
G0 X139.211 Y98.359
G0 X139.887 Y99.289
G0 X140.347 Y99.61
G1 F2700 E468.41177
G1 F1162.2 X140.473 Y99.605 E468.41597
G1 F1326 X139.946 Y99.096 E468.43736
G1 F1500 X139.672 Y98.72 E468.44937
G1 X139.381 Y98.256 E468.4635
G1 X139.145 Y97.813 E468.47646
G1 X138.97 Y97.461 E468.4866
G1 X138.655 Y96.728 E468.50719
G1 X138.451 Y96.156 E468.52287
G1 X138.354 Y95.713 E468.53457
G1 X138.34 Y95.401 E468.54263
G1 X138.435 Y95.128 E468.55009
G1 F1428.6 X138.507 Y95.034 E468.5533
G1 F1200 X138.767 Y94.936 E468.56227
G1 F1191.1 X138.482 Y94.928 E468.57154
G1 F1415.9 X138.131 Y95.07 E468.58189
G1 F1500 X137.889 Y95.295 E468.59042
G1 X137.774 Y95.492 E468.5963
G1 X137.667 Y95.841 E468.60573
G1 X137.664 Y96.228 E468.61571
G1 X137.724 Y96.638 E468.62641
G1 X137.795 Y96.919 E468.63389
G1 X137.906 Y97.247 E468.64283
G1 X138.055 Y97.592 E468.65253
G1 X138.233 Y97.933 E468.66245
G1 X138.522 Y98.382 E468.67624
G1 X138.767 Y98.693 E468.68645
G1 X139.088 Y98.999 E468.6979
G1 X139.502 Y99.304 E468.71117
G1 X139.949 Y99.511 E468.72389
G1 F1293.8 X140.347 Y99.61 E468.73616
G0 F9000 X140.502 Y99.604
G1 F1023.5 X140.776 Y99.641 E468.74662
G1 F1054.9 X140.947 Y99.628 E468.75291
G0 F9000 X141.062 Y99.636
G1 F1300.8 X141.362 Y99.568 E468.76207
G1 F1500 X141.619 Y99.413 E468.76981
G1 X141.766 Y99.256 E468.77536
G1 X141.946 Y98.879 E468.78615
G1 X141.998 Y98.58 E468.79398
G1 X141.969 Y98.167 E468.80466
G1 X141.868 Y97.671 E468.81773
G1 X141.558 Y96.945 E468.8381
G1 X141.426 Y96.692 E468.84547
G1 X141.27 Y96.425 E468.85345
G1 X141.014 Y96.052 E468.86513
G1 X140.775 Y95.787 E468.87434
G1 X140.577 Y95.592 E468.88151
G1 X140.299 Y95.371 E468.89068
G1 X140.006 Y95.201 E468.89942
G1 X139.492 Y94.983 E468.91383
G1 F1326 X139.087 Y94.963 E468.92567
G1 F1286.9 X139.346 Y95.147 E468.93523
G1 F1454.5 X139.688 Y95.497 E468.94825
G1 F1500 X140.003 Y95.94 E468.96228
G1 X140.216 Y96.289 E468.97283
G1 X140.385 Y96.601 E468.98199
G1 X140.742 Y97.33 E469.00294
G1 X140.913 Y97.724 E469.01403
G1 X141.051 Y98.081 E469.02391
G1 X141.153 Y98.406 E469.0327
G1 X141.287 Y98.978 E469.04786
G1 X141.225 Y99.362 E469.0579
G1 F1300.8 X141.046 Y99.582 E469.06634
G1 F1093.4 X140.947 Y99.628 E469.07021
G1 X141.062 Y99.636 E469.07429
G1 F2700 E462.07429
G0 F9000 X141.441 Y99.284
G0 X142.733 Y99.033
G0 X143.007 Y99.205
;TYPE:WALL-INNER
G1 F2700 E469.07429
G1 F1237.1 X142.936 Y99.246 E469.07685
G1 X143.007 Y99.287 E469.07942
G1 X143.032 Y99.246 E469.08092
G0 F9000 X143.763 Y99.422
G1 F1490.7 X144.013 Y99.388 E469.08748
G1 F1495.3 X144.449 Y99.228 E469.0995
G1 F1441.4 X143.995 Y98.724 E469.11772
G1 F1403.5 X144.03 Y98.833 E469.12088
G1 F1459 X144.013 Y99.11 E469.12824
G1 F1490.7 X143.905 Y99.303 E469.13398
G1 F1486.1 X143.763 Y99.422 E469.13881
G0 F9000 X143.995 Y98.724
G1 F1399.4 X143.945 Y98.655 E469.14117
G1 F1315.1 X143.645 Y98.308 E469.15467
G1 F1153.8 X143.342 Y97.914 E469.17135
G1 F1039 X143.088 Y97.551 E469.18786
G1 F973.6 X142.894 Y97.238 E469.2025
G1 F921.3 X142.733 Y96.939 E469.21677
G1 F877.5 X142.505 Y96.428 E469.24146
G1 F855.6 X142.344 Y95.94 E469.26471
G1 F861.8 X142.31 Y95.612 E469.27952
G1 F887.2 X142.326 Y95.417 E469.28806
G1 F2700 E462.28806
G0 F9000 X142.596 Y96.004
G0 X144.105 Y95.929
G0 X144.454 Y95.953
G1 F2700 E469.28806
G1 F755.9 X144.967 Y96.973 E469.34654
G1 F823.3 X145.948 Y98.997 E469.4523
G1 F2700 E462.4523
G0 F9000 X146.244 Y99.108
G0 X147.557 Y98.661
G0 X147.757 Y98.395
G1 F2700 E469.4523
G1 F810.8 X147.427 Y97.715 E469.48839
G1 F921.3 X147.273 Y97.433 E469.50189
G1 F1083.5 X146.925 Y96.874 E469.52542
G0 F9000 X147.906 Y99.377
G1 F1411.8 X148.145 Y99.348 E469.53202
G1 F1276.6 X148.21 Y99.151 E469.53831
G1 F1069 X148.055 Y98.685 E469.5561
G1 F855.6 X147.757 Y98.395 E469.57491
G1 F987.7 X147.746 Y98.822 E469.59166
G1 F1428.6 X147.8 Y98.976 E469.59608
G1 F1420.1 X147.906 Y99.377 E469.60739
G0 F9000 X147.852 Y99.668
;TYPE:WALL-OUTER
G1 F1500 X148.146 Y99.663 E469.61498
G1 X148.291 Y99.607 E469.61899
G1 X148.398 Y99.511 E469.6227
G1 X148.491 Y99.22 E469.63058
G1 X148.474 Y99.022 E469.63571
G1 X148.294 Y98.495 E469.65009
G1 X148.076 Y98.053 E469.66281
G1 X147.756 Y97.499 E469.67932
G1 X147.538 Y97.169 E469.68953
G1 X147.174 Y96.68 E469.70526
G1 F1203 X146.848 Y96.417 E469.71874
G1 F1023.5 X146.705 Y96.236 E469.72747
G1 F1098.4 X146.382 Y95.868 E469.74472
G1 F1162.2 X146.005 Y95.541 E469.76135
G1 X145.616 Y95.256 E469.77741
G1 X145.436 Y95.162 E469.78418
G1 F1148.3 X145.196 Y95.012 E469.79372
G1 F1137.4 X145.131 Y94.991 E469.79604
G1 F1151.1 X145.419 Y95.188 E469.80778
G1 F1162.2 X145.698 Y95.497 E469.82165
G1 X146.022 Y95.924 E469.8395
G1 F1078.7 X146.524 Y96.643 E469.87097
G1 F1203 X146.652 Y97.03 E469.88409
G1 F1500 X146.95 Y97.609 E469.9009
G1 X147.223 Y98.224 E469.91827
G1 X147.362 Y98.584 E469.92823
G1 X147.521 Y99.05 E469.94093
G1 X147.626 Y99.458 E469.95181
G1 X147.634 Y99.604 E469.95558
G1 X147.852 Y99.668 E469.96145
G0 F9000 X147.885 Y99.409
G0 X147.691 Y98.994
G0 X146.322 Y99.248
G0 X146.603 Y99.449
G1 F1500 X144.694 Y95.405 E470.07687
G1 F1224.5 X144.632 Y95.415 E470.07885
G1 F1041.2 X144.594 Y95.207 E470.08671
G1 F1050.3 X144.631 Y95.084 E470.09145
G1 F1066.7 X144.847 Y94.931 E470.10106
G1 X144.548 Y94.975 E470.11202
G1 F1050.3 X144.349 Y95.091 E470.12051
G1 F1048 X144.289 Y95.172 E470.12424
G1 F1041.2 X144.255 Y95.476 E470.13561
G1 F1224.5 X144.186 Y95.485 E470.13781
G1 F1500 X144.127 Y95.641 E470.14212
G1 F1476.9 X144.021 Y95.703 E470.14534
G1 F1194 X143.774 Y95.679 E470.15338
G1 X143.934 Y95.978 E470.16438
G1 F1476.9 X144.063 Y96.179 E470.17064
G1 F1500 X144.224 Y96.456 E470.17891
G1 X144.594 Y97.171 E470.19969
G1 X145.698 Y99.393 E470.26372
G1 X146.239 Y99.407 E470.27769
G1 X146.603 Y99.449 E470.28715
G1 F2700 E463.28715
G0 F9000 X146.258 Y99.201
G0 X145.446 Y98.527
G0 X143.751 Y99.542
G0 X143.612 Y99.248
G1 F2700 E470.28715
G1 F1121.5 X143.466 Y99.286 E470.29236
G1 F1253.3 X143.194 Y99.013 E470.30426
G1 F1500 X142.974 Y98.816 E470.31188
G1 X142.728 Y98.543 E470.32137
G1 X142.653 Y98.628 E470.32429
G1 X142.559 Y98.875 E470.33112
G1 X142.551 Y99.028 E470.33507
G1 X142.607 Y99.249 E470.34095
G1 X142.771 Y99.491 E470.3485
G1 F1403.5 X143.112 Y99.635 E470.35871
G1 F1179.4 X143.585 Y99.651 E470.37425
G1 F1118.9 X143.704 Y99.67 E470.37842
G1 F1240.3 X144.052 Y99.672 E470.38928
G1 F1403.5 X144.539 Y99.495 E470.40357
G1 F1500 X144.87 Y99.263 E470.414
G1 X144.501 Y98.874 E470.42784
G1 X144.283 Y98.617 E470.43654
G1 X143.904 Y98.131 E470.45245
G1 X143.503 Y97.545 E470.47077
G1 X143.23 Y97.079 E470.48471
G1 X143.027 Y96.654 E470.49687
G1 X142.873 Y96.278 E470.50736
G1 X142.77 Y95.962 E470.51593
G1 X142.704 Y95.575 E470.52607
G1 X142.718 Y95.369 E470.5314
G1 X142.799 Y95.227 E470.53562
G1 F1415.9 X142.926 Y95.143 E470.53978
G1 F1140.1 X143.201 Y95.158 E470.54913
G1 X142.939 Y94.969 E470.5601
G1 F1415.9 X142.571 Y94.901 E470.57033
G1 F1500 X142.21 Y94.971 E470.57982
G1 X142.052 Y95.102 E470.58512
G1 X141.955 Y95.296 E470.59072
G1 X141.916 Y95.526 E470.59674
G1 X141.93 Y95.917 E470.60684
G1 X142.07 Y96.396 E470.61972
G1 X142.17 Y96.659 E470.62698
G1 X142.39 Y97.121 E470.64019
G1 X142.543 Y97.38 E470.64795
G1 X142.794 Y97.76 E470.65971
G1 X143.083 Y98.136 E470.67195
G1 X143.44 Y98.549 E470.68604
G1 X143.735 Y98.863 E470.69716
G1 X143.747 Y99.022 E470.70127
G1 F1315.1 X143.612 Y99.248 E470.70902
G1 F2700 E463.70902
G0 F9000 X143.477 Y99.504
G0 X143.228 Y99.283
G0 X142.975 Y100.509
G0 X143.619 Y100.567
G0 X145.815 Y100.259
G0 X143.774 Y95.679
G1 F2700 E470.70902
G1 F1021.3 X143.495 Y95.365 E470.72494
G1 F1010.5 X143.201 Y95.158 E470.73872
G1 F2700 E463.73872
G0 F9000 X142.617 Y95.119
G0 X144.355 Y95.385
G0 X144.915 Y94.934
G1 F2700 E470.73872
G1 F1113.7 X145.067 Y94.971 E470.74416
G1 F2700 E463.74416
G0 F9000 X144.46 Y95.196
G0 X146.322 Y99.248
G0 X146.172 Y100.27
G0 X143.861 Y101.845
G0 X144.005 Y102.973
;TYPE:WALL-INNER
G1 F2700 E470.74416
G1 F1463.4 X143.944 Y103.008 E470.74602
G1 X144.005 Y103.043 E470.74788
G1 X144.026 Y103.008 E470.74896
G0 F9000 X144.515 Y103.569
G1 F813.6 X145.37 Y105.327 E470.84199
G1 F781.8 X145.451 Y105.443 E470.84899
G1 F792.1 X145.539 Y105.687 E470.86167
G1 F827.6 X145.815 Y106.254 E470.89117
G1 F2700 E463.89117
G0 F9000 X145.663 Y105.371
G0 X146.437 Y105.09
G0 X146.784 Y105.012
G1 F2700 E470.89117
G1 F1076.2 X146.756 Y105.059 E470.89314
G1 X146.702 Y105.059 E470.89508
G1 X146.674 Y105.012 E470.89705
G1 X146.702 Y104.965 E470.89902
G1 X146.756 Y104.965 E470.90096
G0 F9000 X146.844 Y104.676
G1 F1363.6 X147.186 Y104.351 E470.91435
G1 X147.23 Y104.018 E470.92389
G1 F1344.5 X147.173 Y103.778 E470.93099
G1 F1113.7 X146.852 Y103.517 E470.94538
G1 X146.839 Y103.916 E470.95925
G1 F1344.5 X146.896 Y104.242 E470.96878
G1 F1363.6 X146.844 Y104.676 E470.98119
G0 F9000 X146.55 Y105.096
G0 X147.603 Y105.808
G1 F849.6 X147.738 Y106.024 E470.9928
G1 F823.3 X147.812 Y106.27 E471.00488
G1 F2700 E464.00488
G0 F9000 X147.542 Y106.16
G0 X144.868 Y107.055
G0 X144.067 Y106.293
G1 F2700 E471.00488
G1 F1027.8 X143.935 Y106.034 E471.01583
G1 F973.6 X143.89 Y105.877 E471.02232
G1 F2700 E464.02232
G0 F9000 X143.944 Y105.376
G0 X143.639 Y104.619
G0 X143.172 Y104.186
G1 F2700 E471.02232
G1 F898.9 X143.112 Y104.053 E471.02861
G1 F904 X143.088 Y103.801 E471.03945
G1 F919.5 X143.089 Y103.793 E471.03979
G1 X143.088 Y103.801 E471.04013
G1 F2700 E464.04013
G0 F9000 X143.5 Y103.087
G0 X144.364 Y102.662
;TYPE:WALL-OUTER
G1 F2700 E471.04013
G1 F952.4 X144.472 Y102.638 E471.04462
G1 F937.5 X144.739 Y102.608 E471.05572
G1 F872.7 X145.062 Y102.603 E471.07005
G1 F775.4 X145.455 Y102.641 E471.08976
G1 F2700 E464.08976
G0 F9000 X145.682 Y102.696
G0 X146.065 Y102.912
G0 X146.398 Y103.226
G0 X146.659 Y103.686
G0 X146.807 Y104.152
G0 X146.758 Y104.574
G0 X146.516 Y105.076
G0 X146.095 Y105.164
G1 F2700 E471.08976
G1 F944.9 X145.947 Y105.208 E471.09609
G1 F2700 E464.09609
G0 F9000 X145.564 Y105.393
G0 X146.153 Y106.479
G0 X146.516 Y106.754
G1 F2700 E471.09609
G1 F1500 X145.907 Y105.507 E471.13191
G1 F1375.4 X145.876 Y105.368 E471.13592
G1 F1086 X145.947 Y105.208 E471.14216
G1 X145.778 Y105.161 E471.14841
G1 F1375.4 X145.709 Y105.083 E471.15134
G1 F1500 X144.773 Y103.157 E471.20661
G1 X144.468 Y103.157 E471.21448
G1 X144.324 Y103.098 E471.2185
G1 F1391.3 X144.256 Y102.85 E471.22565
G1 F1098.4 X144.364 Y102.662 E471.2333
G1 F1151.1 X144.014 Y102.706 E471.24516
G1 F1420.1 X143.721 Y102.804 E471.25358
G1 F1297.3 X143.483 Y102.951 E471.26193
G1 F1283.4 X143.179 Y103.111 E471.27229
G1 F1428.6 X142.839 Y103.402 E471.28442
G1 F1500 X142.719 Y103.695 E471.29259
G1 X142.693 Y103.891 E471.2977
G1 X142.735 Y104.174 E471.30508
G1 X142.859 Y104.416 E471.3121
G1 X143.083 Y104.637 E471.32022
G1 X143.348 Y104.779 E471.32798
G1 F1495.3 X143.768 Y104.791 E471.33886
G1 F1450.2 X143.883 Y104.935 E471.34378
G1 F1441.4 X143.9 Y104.788 E471.34775
G1 F1467.9 X144.012 Y104.733 E471.35104
G1 F1486.1 X143.784 Y104.529 E471.35902
G1 F1500 X143.614 Y104.261 E471.36721
G1 X143.465 Y103.885 E471.37765
G1 F1432.8 X143.503 Y103.418 E471.3903
G1 F1276.6 X143.574 Y103.263 E471.39548
G1 F1286.9 X143.789 Y103.233 E471.40201
G1 F1445.8 X143.948 Y103.344 E471.4072
G1 F1500 X145.553 Y106.651 E471.50207
G1 X146.128 Y106.682 E471.51694
G1 X146.516 Y106.754 E471.52712
G0 F9000 X146.839 Y107.337
G1 F1066.7 X146.429 Y107.405 E471.5422
G1 F1078.7 X145.949 Y107.4 E471.55943
G1 F943 X145.505 Y107.312 E471.57802
G1 F790.8 X145.127 Y107.182 E471.59759
G1 F720.7 X144.992 Y107.123 E471.6055
G0 F9000 X144.816 Y107.126
G1 F935.7 X144.981 Y107.123 E471.61233
G1 F1173.6 X144.78 Y106.732 E471.62683
G1 F1500 X144.61 Y106.554 E471.63318
G1 X144.435 Y106.279 E471.6416
G1 X144.278 Y105.917 E471.65178
G1 X144.189 Y105.51 E471.66253
G1 X144.176 Y105.188 E471.67085
G1 X144.009 Y105.173 E471.67518
G1 X143.922 Y105.101 E471.67809
G1 X143.878 Y105.206 E471.68103
G1 X143.671 Y105.347 E471.6875
G1 X143.525 Y105.629 E471.69569
G1 X143.52 Y105.935 E471.70359
G1 X143.62 Y106.226 E471.71153
G1 X143.792 Y106.501 E471.71991
G1 X143.98 Y106.707 E471.7271
G1 X144.179 Y106.873 E471.73379
G1 X144.534 Y107.087 E471.74449
G1 F1134.8 X144.816 Y107.126 E471.7542
G1 F2700 E464.7542
G0 F9000 X144.669 Y106.918
G0 X144.815 Y108.122
G0 X145.365 Y108.248
G0 X146.351 Y108.271
G0 X147.393 Y108.146
G0 X146.864 Y107.334
G1 F2700 E471.7542
G1 F1250 X147.175 Y107.301 E471.76389
G1 F1445.8 X147.543 Y107.186 E471.77421
G1 F1500 X147.892 Y106.988 E471.78457
G1 X148.128 Y106.692 E471.79434
G1 X148.209 Y106.474 E471.80034
G1 X148.198 Y106.068 E471.81083
G1 X148.106 Y105.832 E471.81736
G1 X147.894 Y105.539 E471.8267
G1 F1363.6 X147.604 Y105.291 E471.83753
G1 F1203 X147.126 Y105.194 E471.85323
G1 F1250 X147.064 Y105.027 E471.85874
G1 F1424.3 X147.084 Y104.856 E471.86342
G1 F1500 X147.389 Y104.567 E471.87427
G1 X147.479 Y104.393 E471.87932
G1 X147.53 Y104.01 E471.8893
G1 X147.473 Y103.703 E471.89736
G1 F1504.7 X147.335 Y103.435 E471.90511
G1 X147.062 Y103.087 E471.91649
G1 F1500 X146.725 Y102.85 E471.92713
G1 X146.469 Y102.723 E471.9345
G1 X146.04 Y102.584 E471.94614
G1 F1253.3 X145.704 Y102.575 E471.95652
G1 F1025.6 X145.433 Y102.647 E471.96711
G1 F1188.1 X145.858 Y103.018 E471.98549
G1 F1500 X145.959 Y103.085 E471.98862
G1 X146.243 Y103.35 E471.99864
G1 X146.481 Y103.783 E472.0114
G1 X146.606 Y104.174 E472.02199
G1 X146.552 Y104.618 E472.03354
G1 X146.421 Y104.864 E472.04073
G1 F1297.3 X146.234 Y105.075 E472.04914
G1 F1032.3 X146.095 Y105.164 E472.05533
G1 F1036.7 X146.285 Y105.198 E472.06254
G1 F1304.3 X146.601 Y105.329 E472.07269
G1 F1424.3 X146.651 Y105.337 E472.07407
G1 F1266.5 X146.992 Y105.507 E472.08572
G1 F1286.9 X147.141 Y105.759 E472.09453
G1 F1445.8 X147.148 Y105.789 E472.09535
G1 F1500 X147.373 Y106.221 E472.10792
G1 X147.426 Y106.432 E472.11354
G1 X147.395 Y106.798 E472.12302
G1 F1375.4 X147.251 Y107.053 E472.13126
G1 F1197 X146.864 Y107.334 E472.14673
G1 F2700 E465.14673
G0 F9000 X147.509 Y106.988
G0 X148.026 Y106.116
G0 X149.583 Y105.755
G0 X149.74 Y105.507
;TYPE:WALL-INNER
G1 F2700 E472.14673
G1 F917.8 X149.821 Y105.747 E472.15741
G1 F879.1 X149.969 Y106.06 E472.17266
G1 F910.8 X150.243 Y106.547 E472.19641
G1 F871.1 X150.314 Y106.856 E472.2105
G1 F2700 E465.2105
G0 F9000 X150.326 Y106.856
G0 X150.38 Y106.392
G0 X151.502 Y105.684
G0 X151.77 Y105.743
G1 F2700 E472.2105
G1 F939.3 X152.001 Y106.082 E472.22741
G0 F9000 X152.187 Y107.082
G1 F1403.5 X152.451 Y107.069 E472.2347
G1 X152.511 Y107.008 E472.23706
G1 F1399.4 X152.501 Y106.817 E472.24235
G1 F1407.6 X152.42 Y106.559 E472.24979
G1 F1467.9 X152.289 Y106.271 E472.25814
G1 F1509.4 X152.1 Y106.022 E472.26615
G1 X151.905 Y106.144 E472.27205
G1 F1490.7 X152.078 Y106.59 E472.28448
G1 F1428.6 X152.16 Y106.88 E472.29264
G1 F1399.4 X152.187 Y107.082 E472.29828
G1 F2700 E465.29828
G0 F9000 X151.662 Y105.864
G0 X151.2 Y105.245
G0 X150.834 Y104.895
G0 X150.419 Y104.591
G0 X150.041 Y104.302
G1 F2700 E472.29828
G1 F875.9 X149.943 Y104.133 E472.30692
G1 F843.6 X149.433 Y103.055 E472.36165
G1 F2700 E465.36165
G0 F9000 X150.419 Y104.591
G0 X148.824 Y106.548
G0 X149.742 Y107.02
;TYPE:WALL-OUTER
G1 F2700 E472.36165
G1 F1111.1 X149.639 Y107.029 E472.36525
G1 F1276.6 X149.134 Y106.623 E472.3849
G1 F1500 X148.794 Y106.273 E472.39749
G1 X148.665 Y106.483 E472.40386
G1 X148.63 Y106.796 E472.41198
G1 X148.669 Y106.942 E472.41588
G1 X148.79 Y107.141 E472.4219
G1 X148.907 Y107.244 E472.42592
G1 F1428.6 X149.271 Y107.386 E472.43651
G1 F1322.3 X150.032 Y107.367 E472.45879
G1 F1383.3 X150.415 Y107.277 E472.46981
G1 F1500 X150.852 Y107.027 E472.4828
G1 X150.094 Y105.404 E472.52903
G1 X149.951 Y104.997 E472.54017
G1 X149.965 Y104.802 E472.54521
G1 X150.113 Y104.681 E472.55015
G1 F1486.1 X150.407 Y104.764 E472.55811
G1 X150.699 Y104.991 E472.56774
G1 F1500 X150.951 Y105.241 E472.5769
G1 X151.274 Y105.62 E472.58976
G1 X151.487 Y105.956 E472.60002
G1 X151.664 Y106.292 E472.60982
G1 X151.805 Y106.669 E472.62021
G1 X151.873 Y106.934 E472.62727
G1 X151.925 Y107.325 E472.63746
G1 X152.207 Y107.384 E472.64489
G1 X152.551 Y107.365 E472.65378
G1 X152.748 Y107.198 E472.66045
G1 X152.804 Y107.057 E472.66436
G1 X152.792 Y106.764 E472.67193
G1 X152.687 Y106.45 E472.68048
G1 X152.527 Y106.125 E472.68983
G1 X152.217 Y105.712 E472.70316
G1 X152.025 Y105.496 E472.71062
G1 X151.806 Y105.288 E472.71841
G1 X151.581 Y105.108 E472.72585
G1 X151.215 Y104.869 E472.73713
G1 X150.91 Y104.746 E472.74562
G1 F1495.3 X150.688 Y104.682 E472.7516
G1 F1476.9 X150.609 Y104.613 E472.75435
G1 F1481.5 X149.697 Y102.661 E472.81065
G1 F1500 X149.126 Y102.63 E472.82541
G1 X148.744 Y102.56 E472.83544
G1 X149.707 Y104.567 E472.89289
G1 X149.68 Y104.657 E472.89532
G1 X149.448 Y104.905 E472.90408
G1 X149.369 Y105.157 E472.9109
G1 X149.372 Y105.551 E472.92107
G1 X149.448 Y105.877 E472.92971
G1 X149.628 Y106.255 E472.94051
G1 X149.894 Y106.647 E472.95274
G1 X149.907 Y106.773 E472.95601
G1 F1280 X149.742 Y107.02 E472.96499
G1 F2700 E465.96499
G0 F9000 X149.637 Y107.27
G0 X149.219 Y106.965
G0 X148.824 Y106.548
G0 X150.56 Y99.487
G0 X150.099 Y98.784
;TYPE:WALL-INNER
G1 F2700 E472.96499
G1 F839.2 X150.161 Y98.418 E472.98212
G1 F1043.5 X150.295 Y98.187 E472.99203
G1 F1159.4 X150.384 Y97.919 E473.00146
G1 F2700 E466.00146
G0 F9000 X150.386 Y97.919
G0 X150.223 Y97.705
G0 X149.739 Y97.498
G0 X148.872 Y96.994
G1 F2700 E473.00146
G1 F932 X148.707 Y96.806 E473.01185
G1 F794.7 X148.574 Y96.608 E473.02347
G1 F952.4 X148.618 Y96.216 E473.0395
G1 F1300.8 X148.594 Y96.009 E473.0457
G1 F1311.5 X148.642 Y95.688 E473.05528
G1 F1318.7 X148.812 Y95.315 E473.06732
G1 X148.635 Y95.382 E473.07287
G1 X148.416 Y95.553 E473.08103
G1 X148.293 Y95.728 E473.08731
G1 F1315.1 X148.229 Y95.944 E473.09394
G1 F1304.3 X148.265 Y96.316 E473.10504
G1 F952.4 X148.574 Y96.608 E473.12232
G1 F2700 E466.12232
G0 F9000 X148.751 Y95.738
G0 X152.214 Y95.055
G0 X152.617 Y95.333
G1 F2700 E473.12232
G1 F821.9 X153.625 Y97.415 E473.23128
G1 F781.8 X153.725 Y97.556 E473.23984
G1 F786.9 X153.816 Y97.813 E473.25325
G1 F827.6 X154.162 Y98.528 E473.29041
G1 F2700 E466.29041
G0 F9000 X154.416 Y98.527
G0 X155.493 Y97.844
G0 X155.793 Y97.862
G1 F2700 E473.29041
G1 F824.7 X155.944 Y98.074 E473.30263
G1 F805.4 X156.072 Y98.449 E473.32168
G1 F2700 E466.32168
G0 F9000 X155.732 Y98.047
G0 X155.08 Y97.395
G0 X154.853 Y96.891
G1 F2700 E473.32168
G1 F1340.8 X154.941 Y96.716 E473.32733
G1 X155.144 Y96.479 E473.33634
G1 X155.148 Y96.124 E473.34659
G1 X155.016 Y95.555 E473.36346
G1 F1337 X155.014 Y95.122 E473.376
G1 X154.767 Y95.186 E473.38339
G1 F1322.3 X154.647 Y95.42 E473.39108
G1 F1297.3 X154.686 Y95.781 E473.40192
G1 F1311.5 X154.846 Y96.355 E473.41951
G1 F1340.8 X154.875 Y96.699 E473.42948
G1 X154.853 Y96.891 E473.43506
G1 F2700 E466.43506
G0 F9000 X154.81 Y96.841
G0 X154.628 Y97.184
G0 X152.397 Y97.838
G0 X152.186 Y99.023
G1 F2700 E473.43506
G1 F1132.1 X152.371 Y98.899 E473.44268
G1 F1126.8 X152.506 Y98.867 E473.44744
G1 X152.647 Y98.892 E473.45236
G1 X152.521 Y98.684 E473.46072
G1 X152.381 Y98.361 E473.47281
G1 F1124.1 X152.272 Y97.968 E473.48686
G1 X152.079 Y98.237 E473.49826
G1 X151.856 Y98.342 E473.50675
G1 F1134.8 X152.04 Y98.622 E473.51818
G1 F1142.9 X152.186 Y99.023 E473.53264
G0 F9000 X151.653 Y99.648
;TYPE:WALL-OUTER
G1 F1054.9 X151.403 Y99.703 E473.54203
G0 F9000 X151.653 Y99.648
G1 F1165 X151.977 Y99.597 E473.55293
G1 F1437.1 X152.287 Y99.412 E473.56266
G1 F1500 X152.443 Y99.235 E473.56875
G1 X152.54 Y99.198 E473.57143
G1 X152.65 Y99.218 E473.57431
G1 X152.968 Y99.417 E473.58399
G1 X153.413 Y99.578 E473.59621
G1 F1333.3 X153.693 Y99.646 E473.60457
G1 F1088.4 X154.141 Y99.663 E473.62052
G1 F1162.2 X153.835 Y99.522 E473.63174
G1 F1445.8 X153.582 Y99.384 E473.63946
G1 F1500 X153.302 Y99.17 E473.64856
G1 X153.012 Y98.843 E473.65984
G1 X152.826 Y98.55 E473.66879
G1 X152.692 Y98.242 E473.67746
G1 X152.575 Y97.805 E473.68914
G1 X152.566 Y97.465 E473.69792
G1 X152.286 Y97.48 E473.70516
G1 X152.031 Y97.635 E473.71286
G1 X151.867 Y97.981 E473.72274
G1 X151.578 Y98.058 E473.73046
G1 X151.333 Y98.201 E473.73778
G1 X151.304 Y98.252 E473.7393
G1 X151.499 Y98.419 E473.74592
G1 X151.737 Y98.755 E473.75655
G1 X151.851 Y99.095 E473.7658
G1 X151.852 Y99.289 E473.77081
G1 F1337 X151.772 Y99.527 E473.77808
G1 F1098.4 X151.653 Y99.648 E473.78406
G0 F9000 X151.134 Y99.744
G1 F1300.8 X151.367 Y99.708 E473.79108
G1 F1311.5 X151.015 Y99.584 E473.8021
G1 F1432.8 X150.744 Y99.313 E473.81245
G1 F1500 X150.526 Y98.862 E473.82538
G1 X150.543 Y98.424 E473.83669
G1 X150.678 Y98.082 E473.84618
G1 X150.825 Y97.892 E473.85238
G1 X151.125 Y97.683 E473.86182
G1 X150.712 Y97.641 E473.87254
G1 X150.368 Y97.573 E473.88159
G1 F1481.5 X150.029 Y97.469 E473.89085
G1 F1286.9 X149.533 Y97.25 E473.90716
G1 F1081.1 X149.301 Y97.086 E473.91734
G1 F1212.1 X148.956 Y96.392 E473.94209
G1 F1500 X148.898 Y96.005 E473.95219
G1 X148.929 Y95.782 E473.958
G1 X149.09 Y95.434 E473.9679
G1 F1403.5 X149.429 Y95.195 E473.97934
G1 F995.9 X149.722 Y95.018 E473.99265
G1 F905.7 X149.323 Y94.897 E474.01047
G1 F1230.8 X148.853 Y94.976 E474.02546
G1 F1500 X148.486 Y95.116 E474.0356
G1 X148.195 Y95.342 E474.04511
G1 X148.018 Y95.593 E474.05304
G1 X147.926 Y95.897 E474.06124
G1 X147.913 Y96.153 E474.06785
G1 X147.966 Y96.393 E474.0742
G1 X148.077 Y96.664 E474.08175
G1 X148.34 Y97.038 E474.09356
G1 F1495.3 X148.67 Y97.278 E474.10412
G1 F1352.1 X149.587 Y97.611 E474.13205
G1 F1286.9 X149.919 Y97.68 E474.14226
G1 F1411.8 X150.026 Y97.817 E474.14702
G1 F1495.3 X150.021 Y98.023 E474.15236
G1 F1500 X149.861 Y98.173 E474.15802
G1 X149.717 Y98.424 E474.16549
G1 X149.657 Y98.842 E474.17639
G1 X149.821 Y99.222 E474.18707
G1 X150.2 Y99.53 E474.19967
G1 X150.509 Y99.66 E474.20833
G1 X150.814 Y99.723 E474.21636
G1 F1420.1 X151.134 Y99.744 E474.22511
G1 F2700 E467.22511
G0 F9000 X150.667 Y99.501
G0 X151.142 Y100.618
G0 X154.022 Y100.562
G0 X154.141 Y99.663
G1 F2700 E474.22511
G1 F1041.2 X154.557 Y99.684 E474.24059
G1 F1054.9 X155.055 Y99.621 E474.25901
G1 F1153.8 X155.343 Y99.594 E474.26872
G1 F1407.6 X155.678 Y99.49 E474.27837
G1 F1500 X155.975 Y99.324 E474.28715
G1 X156.177 Y99.158 E474.2939
G1 X156.4 Y98.864 E474.30342
G1 X156.497 Y98.457 E474.31422
G1 X156.427 Y98.1 E474.32361
G1 X156.298 Y97.843 E474.33103
G1 X156.062 Y97.557 E474.3406
G1 X155.739 Y97.351 E474.35049
G1 F1424.3 X155.436 Y97.257 E474.35911
G1 F1243.5 X155.245 Y97.245 E474.36507
G1 F1004.2 X155.059 Y97.04 E474.37574
G1 F892.2 X155.057 Y96.94 E474.38008
G1 F1118.9 X155.166 Y96.948 E474.38386
G1 F1500 X155.194 Y96.876 E474.38586
G1 X155.375 Y96.673 E474.39288
G1 X155.444 Y96.479 E474.39819
G1 X155.447 Y96.094 E474.40813
G1 X155.315 Y95.461 E474.42482
G1 X155.314 Y95.198 E474.43161
G1 X155.397 Y95.02 E474.43668
G1 X155.556 Y94.93 E474.44139
G1 X155.556 Y94.888 E474.44248
G1 X155.251 Y94.82 E474.45054
G1 X154.89 Y94.823 E474.45986
G1 X154.608 Y94.925 E474.4676
G1 X154.53 Y94.991 E474.47024
G1 X154.341 Y95.358 E474.48089
G1 X154.383 Y95.838 E474.49333
G1 X154.545 Y96.388 E474.50812
G1 X154.584 Y96.81 E474.51906
G1 F1118.9 X154.663 Y96.852 E474.52216
G1 F892.2 X154.578 Y97.11 E474.53395
G1 F895.5 X154.452 Y97.209 E474.54087
G1 F900.6 X154.269 Y97.277 E474.54927
G1 F902.3 X154.441 Y97.231 E474.55691
G1 F897.2 X154.734 Y97.287 E474.56978
G1 F1004.2 X155.043 Y97.514 E474.58456
G1 F1300.8 X155.33 Y97.881 E474.59843
G1 F1500 X155.562 Y98.247 E474.60961
G1 X155.665 Y98.536 E474.61753
G1 X155.68 Y98.909 E474.62716
G1 X155.578 Y99.186 E474.63478
G1 F1407.6 X155.301 Y99.486 E474.64601
G1 F1153.8 X155.055 Y99.621 E474.65543
G0 F9000 X154.858 Y99.028
G1 F1500 X154.185 Y97.635 E474.69536
G1 F1233.9 X154.175 Y97.396 E474.70286
G1 F971.7 X154.247 Y97.291 E474.70794
G1 X154.128 Y97.299 E474.71269
G1 F1233.9 X153.961 Y97.173 E474.71925
G1 F1500 X152.88 Y94.937 E474.78335
G1 X152.415 Y94.913 E474.79537
G1 X151.927 Y94.849 E474.80807
G1 X153.91 Y98.945 E474.92553
G1 X154.149 Y98.937 E474.9317
G1 X154.592 Y98.979 E474.94318
G1 X154.858 Y99.028 E474.95017
G1 F2700 E467.95017
G0 F9000 X154.499 Y98.762
G0 X152.214 Y95.055
G0 X151.197 Y95.509
G1 F2700 E474.95017
G1 F1054.9 X150.827 Y95.285 E474.96604
G1 F1000 X150.375 Y95.104 E474.98489
G1 F880.7 X149.933 Y95.03 E475.00459
G1 F802.7 X149.722 Y95.018 E475.01478
G1 F2700 E468.01478
G0 F9000 X149.242 Y95.104
G0 X148.94 Y95.292
G0 X148.822 Y95.541
G0 X148.411 Y96.831
G0 X141.46 Y102.755
G0 X141.229 Y103.031
;TYPE:WALL-INNER
G1 F2700 E475.01478
G1 F783 X141.244 Y103.091 E475.01784
G1 F801.3 X141.394 Y103.454 E475.03682
G1 F821.9 X141.554 Y103.799 E475.05473
G1 F776.7 X141.604 Y103.972 E475.0637
G1 F785.6 X141.762 Y104.22 E475.0782
G1 F846.6 X142.812 Y106.407 E475.18914
G1 F877.5 X142.883 Y106.597 E475.19809
G1 F2700 E468.19809
G0 F9000 X141.601 Y104.41
G0 X140.213 Y105.431
G0 X139.918 Y105.227
G1 F2700 E475.19809
G1 F1170.7 X139.606 Y104.823 E475.21497
G1 F888.9 X139.425 Y104.447 E475.23314
G1 F790.8 X139.312 Y104.35 E475.24044
G1 F843.6 X139.149 Y104.138 E475.25271
G1 F741.9 X138.902 Y103.843 E475.27279
G1 F699.7 X138.8 Y103.503 E475.29243
G1 F987.7 X138.804 Y103.083 E475.30889
G1 F1428.6 X138.662 Y102.644 E475.3214
G1 X138.442 Y102.667 E475.32739
G1 F1424.3 X138.393 Y102.914 E475.33423
G1 F1167.9 X138.497 Y103.223 E475.34504
G1 F855.6 X138.8 Y103.503 E475.36371
G0 F9000 X139.428 Y104.241
G0 X140.051 Y104.19
;TYPE:WALL-OUTER
G1 F857.1 X141.005 Y104.225 E475.40683
G1 F2700 E468.40683
G0 F9000 X141.485 Y104.002
G0 X142.542 Y106.344
G0 X141.681 Y107.001
G1 F2700 E475.40683
G1 F933.9 X141.998 Y107.197 E475.42228
G1 F1034.5 X142.232 Y107.311 E475.43202
G1 F1100.9 X142.416 Y107.35 E475.43863
G0 F9000 X142.665 Y107.376
G1 F1424.3 X143.007 Y107.287 E475.44824
G1 F1500 X143.175 Y107.134 E475.45411
G1 X143.253 Y106.986 E475.45842
G1 X143.287 Y106.774 E475.46396
G1 X143.264 Y106.524 E475.47044
G1 X143.186 Y106.263 E475.47748
G1 X141.755 Y103.258 E475.56338
G1 X141.637 Y102.916 E475.57272
G1 X141.643 Y102.624 E475.58025
G1 X141.349 Y102.554 E475.58805
G1 X140.997 Y102.614 E475.59727
G1 X140.828 Y102.77 E475.60321
G1 X140.793 Y102.904 E475.60678
G1 X140.825 Y103.207 E475.61465
G1 X141.154 Y103.91 E475.63468
G1 F1311.5 X141.141 Y104.105 E475.64045
G1 F1023.5 X141.005 Y104.225 E475.64731
G1 X141.216 Y104.258 E475.65539
G1 F1311.5 X141.396 Y104.398 E475.66212
G1 F1500 X142.381 Y106.421 E475.72019
G1 X142.618 Y106.957 E475.73532
G1 F1424.3 X142.58 Y107.238 E475.74303
G1 F1243.5 X142.416 Y107.35 E475.74921
G1 X142.665 Y107.376 E475.757
G0 F9000 X142.809 Y107.141
G0 X142.635 Y106.598
G0 X141.694 Y107.019
G1 F1233.9 X141.389 Y106.604 E475.77316
G1 F1399.4 X141.244 Y106.467 E475.77868
G1 F1266.5 X140.869 Y106.069 E475.7954
G1 F1132.1 X140.597 Y105.755 E475.8096
G1 F1045.8 X140.33 Y105.421 E475.82543
G1 F1206 X140.174 Y105.057 E475.83815
G1 F1500 X139.891 Y104.633 E475.8513
G1 X139.859 Y104.498 E475.85488
G1 F1424.3 X139.893 Y104.383 E475.85814
G1 F1012.7 X140.051 Y104.19 E475.86768
G1 F914.3 X139.534 Y104.013 E475.89082
G1 F1237.1 X139.245 Y103.438 E475.91096
G1 F1504.7 X139.129 Y103.152 E475.9189
G1 X138.986 Y102.714 E475.93075
G1 F1500 X138.958 Y102.411 E475.93861
G1 X138.639 Y102.333 E475.94708
G1 X138.318 Y102.394 E475.95552
G1 X138.208 Y102.489 E475.95927
G1 X138.12 Y102.675 E475.96458
G1 X138.102 Y102.953 E475.97177
G1 F1504.7 X138.248 Y103.388 E475.98358
G1 X138.405 Y103.691 E475.99236
G1 F1500 X138.398 Y103.858 E475.99667
G1 X138.291 Y103.955 E476.0004
G1 X138.044 Y104.285 E476.01104
G1 X138.714 Y104.286 E476.02833
G1 X138.824 Y104.369 E476.03189
G1 X138.992 Y104.606 E476.03938
G1 X139.423 Y105.143 E476.05715
G1 X139.692 Y105.434 E476.06738
G1 F1206 X140.031 Y105.68 E476.08083
G1 F1039 X140.301 Y105.967 E476.09551
G1 F1124.1 X140.637 Y106.296 E476.11171
G1 F1227.6 X140.893 Y106.523 E476.1225
G1 F1352.1 X141.228 Y106.8 E476.13494
G1 F1233.9 X141.694 Y107.019 E476.1511
G1 F2700 E469.1511
G0 F9000 X141.118 Y107.765
G0 X139.077 Y106.566
G0 X137.825 Y106.31
;TYPE:WALL-INNER
G1 F2700 E476.1511
G1 F810.8 X137.806 Y106.153 E476.15865
G1 F823.3 X137.675 Y105.89 E476.17247
G0 F9000 X136.69 Y105.14
G0 X136.749 Y105.015
G1 F1137.4 X136.894 Y104.606 E476.18724
G1 F1246.8 X137.16 Y104.384 E476.19799
G1 F1333.3 X137.25 Y104.121 E476.20607
G1 F1326 X137.226 Y103.853 E476.21392
G1 F1340.8 X137.1 Y103.585 E476.22247
G1 F1375.4 X136.808 Y103.255 E476.23488
G1 X136.527 Y103.059 E476.24452
G1 X136.301 Y102.969 E476.25137
G1 X136.576 Y103.311 E476.26372
G1 X136.729 Y103.572 E476.27224
G1 F1333.3 X136.885 Y103.997 E476.28538
G1 F1283.4 X136.913 Y104.403 E476.29766
G1 F1227.6 X136.894 Y104.606 E476.30409
G1 F2700 E469.30409
G0 F9000 X136.457 Y105.09
G0 X135.72 Y105.447
G0 X135.833 Y106.253
G1 F2700 E476.30409
G1 F826.2 X135.558 Y105.687 E476.33358
G1 F792.1 X135.471 Y105.448 E476.34601
G1 F784.3 X135.386 Y105.325 E476.35339
G1 F817.7 X134.533 Y103.569 E476.44582
G0 F9000 X134.044 Y103.004
G1 F1500 X134.023 Y103.038 E476.44685
G1 X133.964 Y103.004 E476.44861
G1 X134.023 Y102.97 E476.45036
G0 F9000 X133.814 Y103.013
G0 X133.46 Y103.124
G0 X133.114 Y103.929
G1 F874.3 X133.189 Y104.184 E476.46213
G1 F2700 E469.46213
G0 F9000 X133.656 Y104.616
G0 X133.995 Y105.359
G0 X133.892 Y105.687
G1 F2700 E476.46213
G1 F1027.8 X133.907 Y105.891 E476.46984
G1 F1041.2 X134.003 Y106.171 E476.48084
G1 F1173.6 X134.225 Y106.496 E476.49383
G0 F9000 X134.817 Y107.007
G0 X135.446 Y107.29
;TYPE:WALL-OUTER
G1 F1061.9 X135.115 Y107.034 E476.50908
G1 F1415.9 X135.078 Y107.015 E476.51022
G1 F1454.5 X134.663 Y106.607 E476.52571
G1 F1500 X134.469 Y106.305 E476.53497
G1 X134.259 Y105.806 E476.54895
G1 X134.196 Y105.384 E476.55996
G1 F1495.3 X134.193 Y105.181 E476.56522
G1 F1490.7 X134.025 Y105.174 E476.56958
G1 F1450.2 X133.917 Y105.021 E476.57458
G1 X133.917 Y105.202 E476.57941
G1 F1495.3 X133.744 Y105.298 E476.58454
G1 F1500 X133.627 Y105.424 E476.58897
G1 X133.549 Y105.618 E476.59437
G1 X133.544 Y105.943 E476.60276
G1 X133.638 Y106.244 E476.6109
G1 X133.811 Y106.503 E476.61894
G1 X134.096 Y106.812 E476.62979
G1 X134.521 Y107.073 E476.64266
G1 F1459 X135.015 Y107.271 E476.65678
G1 F1061.9 X135.446 Y107.29 E476.67251
G1 F939.3 X135.97 Y107.399 E476.69457
G1 F1078.7 X136.379 Y107.404 E476.70925
G1 F1076.2 X136.742 Y107.36 E476.7224
G1 F989.7 X137.098 Y107.269 E476.73678
G1 F983.6 X137.196 Y107.263 E476.74064
G1 F1224.5 X137.6 Y107.169 E476.75376
G1 F1500 X137.91 Y106.971 E476.76325
G1 X138.059 Y106.825 E476.76863
G1 X138.176 Y106.635 E476.77439
G1 X138.243 Y106.336 E476.7823
G1 X138.208 Y105.974 E476.79169
G1 X137.989 Y105.63 E476.80221
G1 F1363.6 X137.626 Y105.289 E476.81635
G1 F1203 X137.142 Y105.193 E476.83223
G1 F1250 X137.08 Y105.027 E476.83772
G1 F1424.3 X137.101 Y104.852 E476.84251
G1 F1500 X137.405 Y104.568 E476.85325
G1 X137.509 Y104.361 E476.85923
G1 X137.549 Y104.137 E476.8651
G1 X137.524 Y103.771 E476.87457
G1 X137.351 Y103.431 E476.88442
G1 X137.194 Y103.218 E476.89125
G1 X136.995 Y103.027 E476.89836
G1 X136.667 Y102.798 E476.90869
G1 X136.192 Y102.61 E476.92187
G1 X135.719 Y102.525 E476.93428
G1 X135.352 Y102.506 E476.94376
G1 X135.321 Y102.74 E476.94986
G1 X135.722 Y102.891 E476.96091
G1 X136.135 Y103.231 E476.97472
G1 X136.323 Y103.46 E476.98237
G1 X136.462 Y103.697 E476.98946
G1 X136.594 Y104.11 E477.00065
G1 X136.606 Y104.455 E477.00956
G1 X136.452 Y104.852 E477.02055
G1 F1297.3 X136.272 Y105.07 E477.02899
G1 F1023.5 X136.116 Y105.16 E477.0358
G1 X136.307 Y105.196 E477.04315
G1 F1297.3 X136.62 Y105.328 E477.05329
G1 F1424.3 X136.669 Y105.336 E477.05464
G1 F1269.8 X137.009 Y105.507 E477.06624
G1 F1293.8 X137.16 Y105.766 E477.07521
G1 F1454.5 X137.166 Y105.791 E477.0759
G1 F1500 X137.389 Y106.215 E477.08826
G1 X137.452 Y106.615 E477.09871
G1 F1348.3 X137.413 Y106.814 E477.10454
G1 F1121.5 X137.169 Y107.214 E477.12071
G1 F983.6 X137.098 Y107.269 E477.12425
G0 F9000 X136.534 Y106.753
G1 F1500 X135.927 Y105.507 E477.16002
G1 F1375.4 X135.896 Y105.368 E477.16403
G1 F1083.5 X135.968 Y105.206 E477.17036
G1 X135.795 Y105.162 E477.17674
G1 F1375.4 X135.723 Y105.082 E477.17977
G1 F1500 X134.79 Y103.158 E477.23496
G1 X134.482 Y103.157 E477.24291
G1 X134.335 Y103.094 E477.24704
G1 F1387.3 X134.272 Y102.849 E477.2541
G1 F1095.9 X134.379 Y102.662 E477.26171
G1 F1151.1 X134.03 Y102.707 E477.27354
G1 F1424.3 X133.727 Y102.807 E477.28221
G1 F1311.5 X133.433 Y102.989 E477.29242
G1 F1297.3 X133.21 Y103.089 E477.29972
G1 F1432.8 X132.944 Y103.321 E477.30925
G1 F1500 X132.831 Y103.475 E477.31418
G1 X132.721 Y103.766 E477.32221
G1 X132.743 Y104.147 E477.33206
G1 X132.864 Y104.4 E477.3393
G1 X133.025 Y104.581 E477.34555
G1 X133.233 Y104.714 E477.35192
G1 X133.415 Y104.774 E477.35687
G1 X133.71 Y104.788 E477.36449
G1 F1490.7 X133.867 Y104.848 E477.36886
G1 F1481.5 X133.892 Y104.787 E477.37058
G1 X134.016 Y104.735 E477.37409
G1 F1490.7 X133.82 Y104.552 E477.38106
G1 F1500 X133.622 Y104.238 E477.39064
G1 X133.52 Y103.948 E477.39857
G1 X133.494 Y103.687 E477.40534
G1 F1432.8 X133.546 Y103.351 E477.41453
G1 F1304.3 X133.635 Y103.225 E477.41911
G1 F1318.7 X133.798 Y103.222 E477.42389
G1 F1450.2 X133.961 Y103.333 E477.42916
G1 F1500 X135.571 Y106.651 E477.52435
G1 X136.147 Y106.682 E477.53923
G1 X136.534 Y106.753 E477.54939
G1 F2700 E470.54939
G0 F9000 X136.172 Y106.479
G0 X135.711 Y105.472
G0 X136.457 Y105.09
G0 X136.116 Y105.16
G1 F2700 E477.54939
G1 F935.7 X135.968 Y105.206 E477.5558
G1 F2700 E470.5558
G0 F9000 X135.581 Y105.391
G0 X134.685 Y103.342
G0 X135.623 Y102.682
G0 X135.339 Y102.624
G1 F2700 E477.5558
G1 F798.7 X135.02 Y102.601 E477.57131
G1 F887.2 X134.743 Y102.61 E477.5834
G1 F939.3 X134.491 Y102.638 E477.59385
G1 F952.4 X134.379 Y102.662 E477.5985
G1 F2700 E470.5985
;MESH:NONMESH
G0 F300 X134.379 Y102.662 Z1.2
G0 F9000 X133.845 Y102.996
G0 X69.897 Y95.569
G0 X69.614 Y95.781
;TIME_ELAPSED:1094.670030
;LAYER:5
;TYPE:WALL-INNER
;MESH:baby_shower.stl
G1 F2700 E477.5985
G1 F985.6 X69.52 Y96.164 E477.614
G1 F1081.1 X69.435 Y96.403 E477.62308
G1 F1194 X69.011 Y97.42 E477.65881
G1 F1253.3 X68.914 Y97.818 E477.67146
G1 F1111.1 X68.845 Y97.993 E477.67801
G1 F1054.9 X68.857 Y98.412 E477.6934
G1 F1113.7 X68.927 Y98.631 E477.70139
G1 F1129.4 X69.082 Y98.819 E477.70974
G1 F2700 E470.70974
G0 F9000 X69.35 Y98.883
G0 X71.187 Y98.278
G0 X71.461 Y98.661
G1 F2700 E477.70974
G1 F1322.3 X71.404 Y98.482 E477.71524
G1 F1203 X71.269 Y97.965 E477.73244
G1 F1095.9 X71.174 Y97.36 E477.75407
G1 F1066.7 X71.123 Y96.869 E477.77199
G1 F921.3 X71.143 Y96.503 E477.78739
G1 F833.3 X71.121 Y96.418 E477.79147
G1 F855.6 X71.03 Y95.727 E477.82301
G1 F888.9 X71.046 Y95.56 E477.83031
G1 F1025.6 X71.336 Y95.184 E477.84824
G1 F1162.2 X71.465 Y95.122 E477.85301
G1 X71.308 Y94.508 E477.87412
G1 X71.14 Y93.911 E477.89478
G1 X71.12 Y93.952 E477.8963
G1 X71.036 Y94.583 E477.9175
G1 X71.017 Y95.002 E477.93147
G1 F1025.6 X71.046 Y95.56 E477.95256
G0 F9000 X69.883 Y95.545
G0 X69.614 Y95.781
G1 F1004.2 X69.732 Y95.583 E477.96145
G1 F1221.4 X69.803 Y95.21 E477.97348
G1 F1395.3 X69.804 Y94.867 E477.983
G1 F1375.4 X69.694 Y94.423 E477.99588
G1 F1359.8 X69.498 Y94.013 E478.00882
G1 F1399.4 X69.186 Y93.76 E478.01993
G1 F1415.9 X68.926 Y93.66 E478.02755
G1 X68.822 Y93.65 E478.0304
G1 X69.124 Y94.098 E478.04517
G1 F1391.3 X69.319 Y94.447 E478.0563
G1 F1379.3 X69.463 Y94.866 E478.06874
G1 F1363.6 X69.471 Y95.156 E478.07697
G1 F1337 X69.361 Y95.322 E478.08274
G1 F1203 X69.576 Y95.604 E478.09415
G1 F1004.2 X69.614 Y95.781 E478.10113
G1 F2700 E471.10113
G0 F9000 X69.872 Y95.64
G0 X72.955 Y95.774
G0 X73.08 Y96.126
G1 F2700 E478.10113
G1 F1297.3 X73.088 Y95.694 E478.11402
G1 F1179.4 X73.042 Y95.012 E478.13646
G1 F1103.4 X73.014 Y94.415 E478.15743
G1 F2700 E471.15743
G0 F9000 X73.206 Y94.889
G0 X74.471 Y94.717
G0 X74.764 Y94.852
G1 F2700 E478.15743
G1 F1043.5 X74.86 Y95.721 E478.18987
G1 F1263.2 X74.989 Y96.169 E478.20416
G1 F1375.4 X75.124 Y96.441 E478.21271
G1 F2700 E471.21271
G0 F9000 X75.442 Y96.708
G0 X77.77 Y96.506
G0 X77.989 Y96.506
G1 F2700 E478.21271
G1 F939.3 X77.937 Y96.026 E478.2326
G1 F923.1 X77.91 Y95.502 E478.25461
G1 F882.4 X77.91 Y95.148 E478.27014
G1 F806.7 X77.873 Y94.855 E478.28432
G1 F840.6 X77.947 Y94.554 E478.29859
G1 F967.7 X78.002 Y94.231 E478.3117
G1 F924.9 X78.2 Y93.949 E478.32612
G1 F877.5 X78.326 Y93.891 E478.33224
G1 F2700 E471.33224
G0 F9000 X78.326 Y93.878
G0 X78.115 Y95.709
G0 X80.149 Y96.216
G0 X80.301 Y95.792
;TYPE:WALL-OUTER
G1 F2700 E478.33224
G1 F857.1 X80.495 Y95.597 E478.34467
G1 F975.6 X80.631 Y95.525 E478.35077
G0 F9000 X81.176 Y95.563
G0 X81.145 Y96.225
G0 X81.034 Y96.755
G0 X80.348 Y97.035
G0 X80.677 Y96.919
G1 F1243.5 X80.466 Y96.891 E478.3574
G1 F1209.1 X80.4 Y96.818 E478.36055
G1 F1227.6 X80.314 Y96.59 E478.36823
G1 F1176.5 X80.262 Y96.13 E478.38347
G1 F930.2 X80.301 Y95.792 E478.39763
G1 F852.6 X80.17 Y95.898 E478.40528
G1 F1032.3 X79.996 Y96.118 E478.4158
G1 F1106 X79.575 Y96.076 E478.43061
G1 F961.9 X79.472 Y95.602 E478.45013
G1 F869.6 X79.472 Y95.051 E478.47467
G1 F827.6 X79.535 Y94.701 E478.4913
G1 F923.1 X79.822 Y94.101 E478.5192
G1 F1106 X80.026 Y93.829 E478.5311
G1 F1188.1 X80.178 Y93.765 E478.53647
G1 F1227.6 X80.342 Y93.798 E478.54175
G1 F1263.2 X80.596 Y94.117 E478.55425
G1 F1286.9 X80.806 Y94.595 E478.56995
G1 F1165 X80.983 Y95.354 E478.59585
G1 F1036.7 X80.862 Y95.471 E478.60214
G1 F1006.3 X80.631 Y95.525 E478.61126
G1 F1014.8 X80.777 Y95.502 E478.6169
G1 F983.6 X80.994 Y95.589 E478.6261
G1 F1027.8 X81.029 Y95.759 E478.63264
G1 F1095.9 X81.01 Y96.333 E478.65293
G1 F1116.3 X80.913 Y96.719 E478.66673
G1 F1200 X80.826 Y96.851 E478.67183
G1 F1276.6 X80.677 Y96.919 E478.6768
G1 F2700 E471.6768
G0 F9000 X80.953 Y98.079
G0 X83.672 Y97.773
G0 X84.07 Y97.656
G0 X84.353 Y97.479
G0 X85.183 Y96.218
;TYPE:WALL-INNER
G1 F2700 E478.6768
G1 F804 X85.215 Y96.442 E478.6877
G0 F9000 X85.183 Y96.218
G1 F872.7 X85.467 Y95.721 E478.71309
G1 F983.6 X85.621 Y95.646 E478.71983
G1 F1014.8 X85.538 Y95.212 E478.73669
G1 X85.389 Y94.607 E478.76046
G1 F1000 X85.29 Y94.002 E478.78419
G1 X85.167 Y94.543 E478.80567
G1 X84.911 Y94.796 E478.81961
G1 F1008.4 X85.074 Y95.193 E478.83608
G1 F991.7 X85.092 Y95.544 E478.8498
G1 F872.7 X85.183 Y96.218 E478.87997
G0 F9000 X85.466 Y96.559
G0 X86.285 Y96.285
G0 X86.517 Y96.512
G1 F1290.3 X86.619 Y96.439 E478.88374
G1 X86.726 Y96.204 E478.89149
G1 X86.757 Y95.936 E478.89958
G1 X86.734 Y95.505 E478.91253
G1 X86.54 Y95.832 E478.92394
G1 X86.322 Y95.93 E478.93111
G1 X86.517 Y96.512 E478.94953
G0 F9000 X85.912 Y95.931
;TYPE:WALL-OUTER
G1 F1259.8 X86.028 Y96.014 E478.95391
G1 F1403.5 X86.169 Y96.438 E478.96623
G1 F1500 X86.316 Y96.755 E478.97525
G1 X86.472 Y96.819 E478.97961
G1 X86.651 Y96.793 E478.98427
G1 X86.863 Y96.64 E478.99102
G1 X87.024 Y96.287 E479.00104
G1 X87.064 Y95.945 E479.00992
G1 X87.03 Y95.263 E479.02755
G1 F1363.6 X87.057 Y95.101 E479.03221
G1 F1106 X87.185 Y94.957 E479.03895
G1 X86.937 Y94.966 E479.04764
G1 F1363.6 X86.692 Y95.076 E479.05527
G1 F1500 X86.468 Y95.347 E479.06434
G1 X86.342 Y95.599 E479.07161
G1 F1403.5 X86.194 Y95.668 E479.07612
G1 F1259.8 X86.03 Y95.642 E479.08122
G1 F1269.8 X85.977 Y95.56 E479.0842
G1 F1415.9 X85.743 Y94.543 E479.11273
G1 F1500 X85.687 Y94.231 E479.12091
G1 X85.596 Y93.597 E479.13744
G1 X85.527 Y93.486 E479.14081
G1 X85.383 Y93.445 E479.14468
G1 X85.263 Y93.475 E479.14787
G1 X85.091 Y93.592 E479.15324
G1 X84.958 Y93.846 E479.16064
G1 X84.831 Y94.394 E479.17516
G1 X84.744 Y94.478 E479.17828
G1 F1224.5 X84.486 Y94.526 E479.18658
G1 F977.6 X84.4 Y94.478 E479.19048
G1 F1137.4 X84.515 Y94.809 E479.2024
G1 F1486.1 X84.599 Y94.979 E479.20734
G1 F1500 X84.717 Y95.265 E479.21533
G1 X84.724 Y95.566 E479.2231
G1 X84.769 Y96.317 E479.24252
G1 X84.839 Y96.681 E479.25209
G1 X84.943 Y96.857 E479.25736
G1 X85.293 Y96.857 E479.2664
G1 X85.551 Y96.754 E479.27357
G1 X85.65 Y96.598 E479.27833
G1 X85.604 Y96.193 E479.28885
G1 X85.685 Y96.018 E479.29383
G1 F1337 X85.912 Y95.931 E479.30087
G1 F2700 E472.30087
G0 F9000 X86.238 Y95.95
G0 X86.83 Y95.231
G1 F2700 E479.30087
G0 F9000 X87.185 Y94.957
G1 F995.9 X87.257 Y94.949 E479.30369
G1 F1027.8 X87.494 Y95.063 E479.31359
G1 F1034.5 X87.78 Y95.308 E479.32769
G1 F1025.6 X87.911 Y95.518 E479.33703
G1 F2700 E472.33703
G0 F9000 X85.754 Y95.341
G0 X84.4 Y94.478
G1 F2700 E479.33703
G1 F919.5 X84.161 Y94.084 E479.35643
G1 F887.2 X83.949 Y93.842 E479.37047
G1 F863.3 X83.755 Y93.675 E479.38195
G1 F861.8 X83.507 Y93.551 E479.39441
G1 F898.9 X83.24 Y93.502 E479.4061
G0 F9000 X82.726 Y93.817
G0 X82.347 Y94.823
G0 X82.836 Y94.922
G1 F1162.2 X83.168 Y95 E479.41746
G1 F960 X83.562 Y95.274 E479.43681
G1 F871.1 X83.825 Y95.623 E479.45623
G1 F829 X83.984 Y96.095 E479.47949
G1 F805.4 X83.976 Y96.487 E479.49834
G1 F888.9 X83.755 Y96.8 E479.51503
G1 F1000 X83.657 Y96.843 E479.51917
G0 F9000 X83.443 Y96.883
G1 F1021.3 X83.657 Y96.843 E479.52742
G1 F1023.5 X83.517 Y96.858 E479.53275
G1 F1016.9 X83.244 Y96.761 E479.54378
G1 F1010.5 X82.985 Y96.437 E479.55967
G1 F981.6 X82.718 Y95.961 E479.5812
G1 F930.2 X82.564 Y95.385 E479.60601
G1 F939.3 X82.529 Y95.125 E479.61682
G1 F950.5 X82.542 Y94.988 E479.62243
G1 F973.6 X82.679 Y94.914 E479.62862
G1 F1010.5 X82.526 Y94.812 E479.63566
G1 F1032.3 X82.681 Y94.129 E479.66193
G1 F1095.9 X82.959 Y93.702 E479.67993
G1 F1050.3 X83.144 Y93.532 E479.68919
G1 F963.9 X83.24 Y93.502 E479.69323
G1 X83.134 Y93.509 E479.6975
G1 F1057.3 X82.77 Y93.633 E479.71158
G1 F1106 X82.446 Y93.848 E479.72519
G1 F1048 X82.268 Y94.204 E479.73989
G1 F995.9 X82.154 Y94.554 E479.75421
G1 F954.3 X82.115 Y94.809 E479.76467
G1 F921.3 X82.13 Y95.367 E479.78813
G1 F937.5 X82.016 Y95.481 E479.79479
G1 F1032.3 X81.782 Y95.485 E479.80356
G1 X82.022 Y95.512 E479.81262
G1 F954.3 X82.184 Y95.584 E479.81981
G1 X82.291 Y95.958 E479.83559
G1 F981.6 X82.469 Y96.349 E479.85254
G1 F1000 X82.68 Y96.579 E479.86462
G1 F1008.4 X83.059 Y96.808 E479.88162
G1 F1012.7 X83.443 Y96.883 E479.89658
G1 F2700 E472.89658
G0 F9000 X83.036 Y96.683
G0 X82.287 Y95.424
G1 F2700 E479.89658
G0 F9000 X81.782 Y95.485
G1 F1098.4 X81.662 Y95.449 E479.901
G1 F2700 E472.901
G0 F9000 X81.17 Y95.473
G0 X81.144 Y96.208
G0 X81.034 Y96.755
G0 X80.348 Y97.035
G0 X80.727 Y97.208
G1 F2700 E479.901
G1 F1276.6 X81.024 Y97.078 E479.91083
G1 F1188.1 X81.248 Y96.792 E479.92267
G1 F1098.4 X81.33 Y96.583 E479.93058
G1 F1071.4 X81.385 Y96.235 E479.94331
G1 F1036.7 X81.388 Y95.551 E479.96885
G1 F1030 X81.523 Y95.453 E479.97512
G1 F1071.4 X81.662 Y95.449 E479.98015
G1 X81.522 Y95.443 E479.98521
G1 F1054.9 X81.365 Y95.378 E479.99145
G1 F1116.3 X81.17 Y94.704 E480.01578
G1 F1212.1 X81.019 Y94.321 E480.02893
G1 F1283.4 X80.813 Y93.93 E480.04226
G1 F1259.8 X80.538 Y93.543 E480.05685
G1 F1209.1 X80.362 Y93.459 E480.0631
G1 F1230.8 X80.133 Y93.465 E480.0703
G1 F1221.4 X79.851 Y93.559 E480.07972
G1 F1126.8 X79.513 Y93.878 E480.09569
G1 F1054.9 X79.343 Y94.233 E480.11014
G1 F910.8 X79.21 Y94.407 E480.11945
G1 F806.7 X79.039 Y94.415 E480.12766
G1 X78.911 Y94.368 E480.13421
G1 F1050.3 X78.916 Y94.211 E480.14
G1 F1500 X78.824 Y93.97 E480.14665
G1 X78.67 Y93.639 E480.15608
G1 X78.484 Y93.499 E480.16209
G1 X78.267 Y93.499 E480.16769
G1 X78.063 Y93.563 E480.1732
G1 X77.919 Y93.665 E480.17776
G1 X77.753 Y93.892 E480.18502
G1 X77.627 Y94.19 E480.19337
G1 X77.569 Y94.555 E480.20291
G1 F1333.3 X77.348 Y94.674 E480.21019
G1 F1108.5 X77.195 Y94.635 E480.21571
G1 X77.314 Y94.762 E480.22179
G1 F1263.2 X77.513 Y95.108 E480.23402
G1 F1411.8 X77.524 Y95.534 E480.24571
G1 F1500 X77.632 Y96.781 E480.27801
G1 X77.761 Y96.879 E480.28219
G1 X77.944 Y96.897 E480.28694
G1 X78.171 Y96.86 E480.29288
G1 X78.379 Y96.735 E480.29914
G1 X78.403 Y96.661 E480.30115
G1 X78.351 Y96.379 E480.30855
G1 X78.307 Y95.985 E480.31878
G1 X78.294 Y95.701 E480.32612
G1 X78.324 Y94.418 E480.35924
G1 X78.369 Y94.32 E480.36202
G1 X78.466 Y94.257 E480.36501
G1 X78.613 Y94.246 E480.36881
G1 X78.749 Y94.336 E480.37302
G1 F1050.3 X78.911 Y94.368 E480.37911
G1 F806.7 X79.188 Y95.184 E480.42046
G1 F848.1 X79.284 Y95.622 E480.44093
G1 F1071.4 X79.268 Y95.932 E480.45215
G1 F1407.6 X79.359 Y96.375 E480.46459
G1 F1594.7 X79.723 Y96.29 E480.47366
G1 F1403.5 X79.97 Y96.329 E480.48056
G1 F1209.1 X80.014 Y96.662 E480.49132
G1 F1230.8 X80.13 Y96.98 E480.50196
G1 F1209.1 X80.288 Y97.165 E480.50975
G1 F1218.3 X80.512 Y97.226 E480.51713
G1 F1263.2 X80.727 Y97.208 E480.52375
G1 F2700 E473.52375
G0 F9000 X79.277 Y97.249
G0 X78.496 Y97.684
G0 X77.968 Y97.768
G0 X77.488 Y97.721
G0 X76.89 Y97.292
G0 X76.517 Y96.321
G1 F2700 E480.52375
G1 F1240.3 X76.76 Y95.972 E480.53702
G1 F1348.3 X76.8 Y95.578 E480.54839
G1 F1290.3 X76.781 Y95.133 E480.56175
G1 F1103.4 X76.682 Y94.824 E480.57314
G1 F1023.5 X76.731 Y94.667 E480.57936
G1 F1059.6 X76.853 Y94.555 E480.58541
G1 F1054.9 X76.985 Y94.525 E480.59038
G1 F1045.8 X77.157 Y94.601 E480.59734
G1 X76.993 Y94.485 E480.60478
G1 F1054.9 X76.673 Y94.421 E480.61675
G1 F1165 X76.493 Y93.99 E480.63227
G1 F1250 X76.291 Y93.738 E480.64228
G1 F1054.9 X76.124 Y93.666 E480.64895
G1 F839.2 X75.918 Y93.65 E480.65848
G1 X76.058 Y93.773 E480.66708
G1 F1103.4 X76.191 Y94.034 E480.67736
G1 F1259.8 X76.392 Y94.519 E480.69349
G1 F1078.7 X76.266 Y94.809 E480.70484
G1 F989.7 X76.264 Y94.969 E480.7111
G1 X76.396 Y95.026 E480.71672
G1 F1071.4 X76.487 Y95.156 E480.72246
G1 F1256.5 X76.525 Y95.468 E480.73214
G1 F1371.4 X76.495 Y95.911 E480.74468
G1 F1246.8 X76.517 Y96.321 E480.75743
G0 F9000 X76.502 Y96.319
G1 F771.7 X76.418 Y96.448 E480.76515
G1 F869.6 X76.185 Y96.678 E480.77973
G1 F997.9 X75.939 Y96.807 E480.7905
G1 F1048 X75.856 Y96.821 E480.79361
G1 F1162.2 X75.684 Y96.739 E480.79996
G1 F1379.3 X75.439 Y96.451 E480.81057
G1 F1500 X75.292 Y96.115 E480.82004
G1 X75.168 Y95.657 E480.83228
G1 X75.126 Y95.169 E480.84493
G1 X75.164 Y94.719 E480.85658
G1 X75.301 Y94.172 E480.87114
G1 F1259.8 X75.547 Y93.651 E480.88884
G1 F1081.1 X75.376 Y93.669 E480.895
G1 F1253.3 X75.078 Y93.8 E480.90505
G1 F1500 X74.858 Y94.029 E480.91325
G1 X74.629 Y94.466 E480.92598
G1 X74.555 Y94.527 E480.92846
G1 F1176.5 X74.317 Y94.554 E480.93634
G1 F932 X74.261 Y94.516 E480.93915
G1 F1124.1 X74.495 Y95.283 E480.96677
G1 F1500 X74.526 Y95.65 E480.97628
G1 X74.604 Y96.027 E480.98621
G1 X74.715 Y96.303 E480.99389
G1 X74.908 Y96.632 E481.00373
G1 X75.123 Y96.796 E481.01071
G1 X75.43 Y96.876 E481.0189
G1 F1246.8 X75.856 Y96.821 E481.03224
G1 F2700 E474.03224
G0 F9000 X75.368 Y96.678
G0 X74.538 Y94.761
G1 F2700 E481.03224
G0 F9000 X74.261 Y94.516
G1 F900.6 X74.121 Y94.265 E481.0446
G1 F858.7 X73.872 Y93.858 E481.06611
G1 F2700 E474.06611
G0 F9000 X73.291 Y93.715
G0 X75.009 Y94.128
G0 X75.575 Y93.648
G1 F2700 E481.06611
G1 F831.9 X75.756 Y93.609 E481.07472
G1 F785.6 X75.918 Y93.65 E481.08296
G1 F2700 E474.08296
G0 F9000 X76.364 Y94.064
G0 X76.356 Y94.846
G0 X77.103 Y93.344
G0 X76.652 Y92.874
G0 X76.27 Y92.705
G0 X75.665 Y92.631
G0 X68.561 Y92.462
G0 X67.963 Y92.574
G0 X67.517 Y92.773
G0 X67.128 Y93.145
G0 X66.065 Y95.897
G0 X66.022 Y96.477
G0 X66.232 Y97.133
G0 X68.275 Y99.725
G0 X68.644 Y99.963
G0 X71.948 Y100.576
G0 X72.538 Y100.512
G0 X73.109 Y100.227
G0 X73.486 Y99.816
G0 X73.65 Y99.329
G0 X74.035 Y96.807
G0 X73.039 Y96.623
G1 F2700 E481.08296
G1 F1246.8 X73.265 Y96.452 E481.09176
G1 F1500 X73.367 Y96.192 E481.09897
G1 X73.407 Y95.678 E481.11228
G1 X73.37 Y95.004 E481.1297
G1 X73.359 Y94.55 E481.14142
G1 F1472.4 X73.374 Y93.938 E481.15751
G1 F1348.3 X73.48 Y93.827 E481.16192
G1 F1173.6 X73.653 Y93.779 E481.16784
G1 F937.5 X73.872 Y93.858 E481.17746
G1 X73.719 Y93.601 E481.18981
G1 F1179.4 X73.549 Y93.507 E481.19619
G1 F1333.3 X73.122 Y93.591 E481.20882
G1 F1441.4 X72.87 Y93.789 E481.21743
G1 F1500 X72.736 Y94.053 E481.22507
G1 X72.664 Y94.393 E481.23404
G1 X72.777 Y95.786 E481.27011
G1 X72.789 Y96.271 E481.28263
G1 F1246.8 X72.806 Y96.371 E481.28578
G1 F780.5 X72.709 Y96.605 E481.29835
G1 F652.2 X72.783 Y96.641 E481.30323
G1 F839.2 X73.039 Y96.623 E481.31507
G0 F9000 X72.709 Y96.605
G1 F699.7 X72.458 Y96.533 E481.32952
G1 F861.8 X72.344 Y96.42 E481.33673
G1 F952.4 X72.122 Y96.052 E481.3542
G1 F985.6 X71.897 Y95.521 E481.37686
G1 F969.7 X71.856 Y95.443 E481.38037
G0 F9000 X71.538 Y95.009
G0 X71.222 Y95.104
G0 X71.288 Y96.416
G0 X71.864 Y96.679
G1 F1273.2 X72.07 Y96.957 E481.3909
G1 F1167.9 X72.283 Y97.315 E481.4047
G1 F1100.9 X72.443 Y97.669 E481.41837
G1 F1043.5 X72.545 Y97.962 E481.42988
G1 F995.9 X72.655 Y98.406 E481.44766
G1 F928.4 X72.73 Y99.062 E481.47519
G1 F851.1 X72.643 Y99.315 E481.48736
G1 F852.6 X72.535 Y99.472 E481.49602
G1 F905.7 X72.417 Y99.539 E481.50182
G0 F9000 X72.27 Y99.605
G1 F937.5 X72.417 Y99.539 E481.50847
G1 X72.269 Y99.542 E481.51458
G1 F981.6 X72.032 Y99.364 E481.52627
G1 F1008.4 X71.79 Y98.943 E481.54492
G1 F1206 X71.747 Y98.57 E481.55697
G1 F1500 X71.701 Y98.425 E481.5609
G1 X71.587 Y97.839 E481.5763
G1 X71.512 Y97.312 E481.59004
G1 X71.469 Y96.838 E481.60233
G1 X71.54 Y96.665 E481.60715
G1 F1450.2 X71.76 Y96.613 E481.61319
G1 F1379.3 X71.864 Y96.679 E481.61665
G1 F1391.3 X71.523 Y96.353 E481.62977
G1 F1463.4 X71.438 Y95.997 E481.63946
G1 F1500 X71.426 Y95.602 E481.64966
G1 X71.515 Y95.456 E481.65407
G1 F1463.4 X71.633 Y95.414 E481.65738
G1 F1145.6 X71.856 Y95.443 E481.66498
G1 F1167.9 X71.794 Y95.08 E481.67719
G1 F1500 X71.622 Y94.42 E481.69479
G1 X71.386 Y93.584 E481.71721
G1 X71.298 Y93.538 E481.71978
G1 X71.111 Y93.547 E481.72461
G1 X70.904 Y93.666 E481.73077
G1 X70.805 Y93.849 E481.73614
G1 X70.711 Y94.548 E481.75434
G1 F1481.5 X70.658 Y95.625 E481.78252
G1 F1304.3 X70.516 Y95.738 E481.78791
G1 F1145.6 X70.442 Y95.747 E481.79043
G1 F1250 X70.642 Y95.845 E481.79733
G1 F1459 X70.684 Y95.957 E481.8005
G1 F1500 X70.717 Y96.424 E481.81258
G1 X70.873 Y97.688 E481.84546
G1 X70.942 Y98.05 E481.85497
G1 F1337 X71.208 Y98.853 E481.87946
G1 F1098.4 X71.5 Y99.23 E481.89627
G1 F1008.4 X71.771 Y99.523 E481.91159
G1 X72.003 Y99.621 E481.92126
G1 F981.6 X72.27 Y99.605 E481.93181
G1 F2700 E474.93181
G0 F9000 X71.983 Y99.503
G0 X71.584 Y99.175
G0 X69.352 Y98.909
G0 X69.159 Y99.189
G1 F2700 E481.93181
G1 F1500 X69.438 Y99.086 E481.93949
G1 X69.532 Y98.966 E481.94342
G1 X69.525 Y98.796 E481.94781
G1 X69.238 Y98.503 E481.9584
G1 X69.173 Y98.247 E481.96521
G1 X69.222 Y97.887 E481.97459
G1 X69.314 Y97.477 E481.98544
G1 X69.524 Y96.972 E481.99955
G1 X69.743 Y96.533 E482.01221
G1 X69.848 Y96.286 E482.01914
G1 F1467.9 X70.019 Y95.78 E482.03323
G1 F1276.6 X70.21 Y95.715 E482.03935
G1 X70.058 Y95.571 E482.0457
G1 F1467.9 X70.098 Y95.215 E482.05515
G1 F1500 X70.095 Y94.856 E482.06441
G1 X70.056 Y94.597 E482.07117
G1 X69.974 Y94.315 E482.07875
G1 X69.812 Y93.981 E482.08833
G1 X69.637 Y93.753 E482.09575
G1 X69.332 Y93.505 E482.1059
G1 X68.993 Y93.377 E482.11525
G1 X68.599 Y93.335 E482.12548
G1 F1185.2 X68.235 Y93.468 E482.13814
G1 F868 X68.102 Y93.577 E482.14581
G1 X68.257 Y93.594 E482.15276
G1 F1185.2 X68.469 Y93.776 E482.16189
G1 F1500 X68.652 Y93.915 E482.16782
G1 X68.895 Y94.277 E482.17907
G1 X69.052 Y94.576 E482.18779
G1 X69.191 Y94.999 E482.19928
G1 X69.17 Y95.101 E482.20197
G1 F1355.9 X69.071 Y95.227 E482.20654
G1 F1030 X68.872 Y95.305 E482.21458
G1 F983.6 X69.195 Y95.54 E482.2303
G1 F1276.6 X69.248 Y95.672 E482.23461
G1 F1500 X69.178 Y96.09 E482.24555
G1 X69.046 Y96.532 E482.25746
G1 X68.697 Y97.405 E482.28172
G1 X68.619 Y97.697 E482.28952
G1 F1297.3 X68.494 Y97.843 E482.29526
G1 F995.9 X68.313 Y97.865 E482.30235
G1 X68.464 Y98.015 E482.31062
G1 F1297.3 X68.529 Y98.187 E482.31611
G1 F1500 X68.543 Y98.447 E482.32283
G1 X68.622 Y98.781 E482.33169
G1 X68.856 Y99.069 E482.34126
G1 X68.977 Y99.148 E482.34499
G1 X69.159 Y99.189 E482.34981
G1 F2700 E475.34981
G0 F9000 X69.144 Y98.924
G0 X68.805 Y97.999
G1 F2700 E482.34981
G0 F9000 X68.313 Y97.865
G1 F879.1 X67.917 Y97.574 E482.37145
G1 F863.3 X67.479 Y97.203 E482.39719
G1 F848.1 X67.115 Y96.766 E482.42316
G1 F833.3 X66.989 Y96.364 E482.44273
G1 F863.3 X66.995 Y96.021 E482.45811
G1 F993.8 X67.175 Y95.597 E482.47606
G1 F2700 E475.47606
G0 F9000 X69.255 Y95.379
G0 X68.872 Y95.305
G1 F2700 E482.47606
G1 F880.7 X68.755 Y95.244 E482.48186
G1 F863.3 X68.483 Y95.066 E482.49643
G1 F813.6 X68.243 Y94.85 E482.5118
G1 F758.3 X67.965 Y94.522 E482.53375
G1 F743 X67.855 Y94.276 E482.54779
G1 X67.84 Y94.063 E482.55892
G1 F741.9 X67.929 Y93.75 E482.5759
G1 F763.1 X68.102 Y93.577 E482.58831
G1 F2700 E475.58831
G0 F9000 X68.498 Y93.555
G0 X68.786 Y93.758
G0 X69.794 Y95.623
G1 F2700 E482.58831
G0 F9000 X70.21 Y95.715
G1 F1132.1 X70.442 Y95.747 E482.59632
G1 F2700 E475.59632
G0 F9000 X70.898 Y95.601
G0 X71.397 Y97.944
G0 X71.817 Y99.43
G0 X71.298 Y100.335
G0 X71.91 Y102.976
G0 X71.909 Y104.13
;TYPE:WALL-INNER
G1 F2700 E482.59632
G1 F1375.4 X72.065 Y104.18 E482.60093
G0 F9000 X72.435 Y104.351
G1 F943 X72.679 Y104.504 E482.61275
G1 F871.1 X73.039 Y104.824 E482.63416
G1 F858.7 X73.382 Y105.287 E482.66014
G1 F855.6 X73.486 Y105.511 E482.67131
G1 F784.3 X73.52 Y105.76 E482.68372
G1 F830.4 X73.671 Y106.058 E482.69929
G1 F965.8 X73.692 Y106.12 E482.70192
G1 F2700 E475.70192
G0 F9000 X74.827 Y106.045
G0 X75.186 Y106.575
G1 F2700 E482.70192
G1 F1185.2 X74.97 Y106.019 E482.7214
G1 F1140.1 X74.903 Y105.407 E482.74231
G1 F1233.9 X74.905 Y104.932 E482.75721
G1 F2700 E475.75721
G0 F9000 X75.094 Y105.677
G0 X76.541 Y105.389
G0 X76.781 Y105.444
G1 F2700 E482.75721
G1 F1061.9 X76.844 Y105.941 E482.77547
G1 F1212.1 X76.882 Y106.497 E482.79327
G1 F1032.3 X76.857 Y106.771 E482.80359
G1 F2700 E475.80359
G0 F9000 X77.01 Y106.167
G0 X78.508 Y106.174
G0 X78.699 Y105.98
G1 F2700 E482.80359
G1 F1083.5 X78.805 Y105.761 E482.81229
G1 F1363.6 X79.007 Y105.578 E482.82002
G1 F1500 X79.219 Y105.499 E482.82586
G1 X79.095 Y105.051 E482.83786
G1 X79.109 Y104.858 E482.84286
G1 X79.171 Y104.724 E482.84667
G1 X78.997 Y104.567 E482.85272
G1 X78.903 Y104.293 E482.86019
G1 X78.822 Y104.317 E482.86237
G1 X78.708 Y104.67 E482.87195
G1 X78.568 Y104.834 E482.87751
G1 X78.356 Y104.915 E482.88337
G1 F1363.6 X78.642 Y105.725 E482.90776
G1 F1083.5 X78.699 Y105.98 E482.91709
G1 F952.4 X78.699 Y106.539 E482.93982
G1 F854.1 X78.775 Y106.835 E482.95367
G1 F857.1 X78.734 Y107.204 E482.97044
G1 F946.7 X78.756 Y107.613 E482.98719
G1 F943 X78.821 Y108.187 E483.0109
G1 F973.6 X78.907 Y108.716 E483.03221
G1 F1057.3 X79.003 Y109.136 E483.04799
G1 F1156.6 X79.071 Y109.348 E483.05544
G1 F2700 E476.05544
G0 F9000 X79.013 Y108.154
G0 X81.095 Y106.926
G0 X81.252 Y105.974
G1 F2700 E483.05544
G1 F1069 X81.233 Y105.58 E483.06973
G1 F909.1 X81.162 Y105.161 E483.08783
G1 F805.4 X81.072 Y104.846 E483.10357
G1 F798.7 X80.976 Y104.631 E483.11499
G1 F2700 E476.11499
G0 F9000 X80.403 Y104.169
G0 X79.652 Y103.333
G0 X79.332 Y103.161
G0 X77.926 Y103.049
G0 X71.371 Y102.984
G0 X70.84 Y103.154
G0 X70.472 Y103.351
G0 X70.067 Y103.725
G0 X69.817 Y104.182
G0 X69.741 Y104.636
G0 X69.844 Y104.968
G0 X71.092 Y105.37
G1 F2700 E483.11499
G1 F766.8 X70.953 Y105.725 E483.13424
G0 F9000 X70.955 Y107.108
G0 X71.007 Y108.965
G1 F1032.3 X71.236 Y108.621 E483.14974
G1 X71.383 Y108.543 E483.15598
G1 F1019.1 X71.219 Y108.107 E483.17367
G1 F1004.2 X71.148 Y107.818 E483.18515
G1 F1071.4 X71.174 Y107.795 E483.1864
G1 F1179.4 X71.12 Y107.519 E483.19563
G1 F1209.1 X71.086 Y107.15 E483.2075
G1 F1116.3 X71.162 Y106.892 E483.21683
G1 F1039 X71.324 Y106.748 E483.2249
G1 X71.15 Y106.605 E483.2333
G1 F1179.4 X71.072 Y106.282 E483.2442
G1 F1387.3 X71.081 Y106.135 E483.24831
G1 F985.6 X70.953 Y105.725 E483.26519
G1 F948.6 X70.722 Y106.14 E483.28457
G1 F1203 X70.728 Y106.626 E483.30021
G1 F1090.9 X70.745 Y106.749 E483.30462
G1 F1113.7 X70.706 Y107.061 E483.31555
G1 F1206 X70.722 Y107.508 E483.32991
G1 F1179.4 X70.764 Y107.862 E483.34161
G1 F1071.4 X70.799 Y107.871 E483.34291
G1 F1004.2 X70.765 Y108.096 E483.35169
G1 X70.699 Y108.215 E483.35693
G1 F1012.7 X70.828 Y108.345 E483.36393
G1 F1025.6 X71.007 Y108.965 E483.38829
G0 F9000 X71.81 Y108.811
;TYPE:WALL-OUTER
G1 F810.8 X71.868 Y108.883 E483.39271
G1 F804 X72.049 Y109.187 E483.40974
G1 F751.2 X72.279 Y109.386 E483.42542
G1 F740.7 X72.444 Y109.465 E483.43498
G1 F801.3 X72.731 Y109.45 E483.44887
G0 F9000 X72.985 Y109.364
G1 F1027.8 X73.138 Y109.253 E483.45599
G1 F1076.2 X73.225 Y109.133 E483.46132
G1 F1073.8 X73.309 Y108.887 E483.47069
G1 F1069 X73.205 Y108.461 E483.48657
G1 F1095.9 X73.049 Y108.167 E483.49833
G1 F1188.1 X72.715 Y107.692 E483.51725
G1 F1066.7 X72.648 Y107.431 E483.52703
G1 F910.8 X72.778 Y107.295 E483.53503
G1 F879.1 X73.182 Y107.199 E483.55331
G1 F872.7 X73.248 Y107.167 E483.55657
G1 F904 X72.792 Y107.202 E483.57615
G1 F926.6 X72.358 Y107.07 E483.59511
G1 F1012.7 X72.1 Y106.908 E483.60675
G1 F1212.1 X71.984 Y106.798 E483.61186
G1 F1367.5 X71.405 Y106.374 E483.63218
G1 F1454.5 X71.368 Y106.26 E483.63537
G1 F1500 X71.397 Y105.698 E483.64989
G1 F1432.8 X71.477 Y105.576 E483.65383
G1 F1142.9 X71.614 Y105.501 E483.65912
G1 F935.7 X71.691 Y105.505 E483.66231
G1 F995.9 X71.474 Y105.203 E483.67677
G1 F1283.4 X71.471 Y104.885 E483.68636
G1 F1500 X71.321 Y104.81 E483.69069
G1 F1162.2 X70.956 Y104.825 E483.70286
G1 F829 X70.811 Y104.733 E483.71088
G1 F902.3 X70.825 Y104.958 E483.72055
G1 F1311.5 X70.594 Y105.393 E483.73509
G1 F1500 X70.51 Y105.687 E483.74298
G1 X70.44 Y106.169 E483.75556
G1 X70.399 Y106.599 E483.7667
G1 X70.385 Y107.055 E483.77848
G1 X70.405 Y107.535 E483.79088
G1 X70.438 Y107.895 E483.80021
G1 X70.395 Y108.034 E483.80396
G1 F1399.4 X70.303 Y108.117 E483.80739
G1 F1121.5 X70.089 Y108.153 E483.81488
G1 F1185.2 X70.517 Y108.533 E483.83358
G1 F1500 X70.671 Y109.077 E483.84817
G1 X70.864 Y109.382 E483.85749
G1 X70.959 Y109.463 E483.86071
G1 X71.178 Y109.503 E483.86646
G1 X71.364 Y109.387 E483.87211
G1 X71.396 Y109.29 E483.87475
G1 X71.373 Y109.014 E483.8819
G1 F1246.8 X71.46 Y108.885 E483.88673
G1 F985.6 X71.806 Y108.796 E483.90076
G1 F1137.4 X71.727 Y108.453 E483.91274
G1 F1500 X71.56 Y107.994 E483.92535
G1 X71.437 Y107.482 E483.93894
G1 X71.404 Y107.187 E483.9466
G1 X71.477 Y107.064 E483.95029
G1 F1459 X71.668 Y106.979 E483.95584
G1 F1237.1 X71.813 Y107.007 E483.96046
G1 F1048 X72.246 Y107.384 E483.98167
G1 F1100.9 X72.415 Y107.781 E483.99684
G1 F1212.1 X72.645 Y108.137 E484.01038
G1 F1159.4 X72.792 Y108.423 E484.02112
G1 F1095.9 X72.894 Y108.718 E484.03214
G1 F1076.2 X72.932 Y109.047 E484.04406
G1 F1027.8 X72.879 Y109.275 E484.05288
G1 F907.4 X72.731 Y109.45 E484.06265
G1 X72.985 Y109.364 E484.0741
G1 F2700 E477.0741
G0 F9000 X73.032 Y109.172
G0 X72.917 Y108.191
G0 X73.579 Y106.808
G0 X73.432 Y107.098
G1 F2700 E484.0741
G1 F1182.3 X73.718 Y106.902 E484.08545
G1 F1500 X73.904 Y106.588 E484.09487
G1 F1450.2 X74.038 Y106.234 E484.10497
G1 F1221.4 X74.205 Y106.147 E484.11094
G1 X74.049 Y106.042 E484.1169
G1 F1450.2 X73.899 Y105.421 E484.13396
G1 F1500 X73.723 Y105.083 E484.14379
G1 X73.51 Y104.772 E484.15352
G1 X73.255 Y104.47 E484.16373
G1 X72.891 Y104.175 E484.17582
G1 X72.472 Y103.967 E484.18789
G1 X71.94 Y103.841 E484.202
G1 X71.518 Y103.847 E484.2129
G1 F1450.2 X71.137 Y103.977 E484.22364
G1 F1113.7 X70.875 Y104.229 E484.23628
G1 F1010.5 X71.03 Y104.19 E484.2424
G1 F1280 X71.387 Y104.232 E484.25328
G1 F1500 X71.959 Y104.459 E484.26916
G1 X72.311 Y104.702 E484.2802
G1 X72.541 Y104.898 E484.288
G1 X72.798 Y105.172 E484.29769
G1 X73.066 Y105.531 E484.30926
G1 X73.083 Y105.666 E484.31277
G1 F1403.5 X73.008 Y105.815 E484.31737
G1 F1093.4 X72.816 Y105.935 E484.32539
G1 F1151.1 X73.265 Y106.127 E484.34181
G1 F1500 X73.333 Y106.209 E484.34456
G1 F1407.6 X73.44 Y106.564 E484.35476
G1 F1250 X73.398 Y107.023 E484.36903
G1 F989.7 X73.318 Y107.133 E484.37435
G1 F909.1 X73.432 Y107.098 E484.37943
G0 F9000 X73.618 Y106.738
G0 X73.806 Y106.128
G0 X74.205 Y106.147
G1 F1073.8 X74.436 Y106.147 E484.38776
G1 F2700 E477.38776
G0 F9000 X74.904 Y106.025
G0 X74.777 Y105.743
G0 X73.863 Y105.961
G0 X72.816 Y105.935
G1 F2700 E484.38776
G1 F941.2 X72.515 Y105.842 E484.40072
G1 F948.6 X72.126 Y105.698 E484.41765
G1 F921.3 X71.691 Y105.505 E484.43765
G0 F9000 X71.226 Y105.221
G0 X70.98 Y105.034
G0 X70.811 Y104.733
G1 F740.7 X70.755 Y104.597 E484.44533
G1 F814.9 X70.798 Y104.332 E484.45809
G1 F910.8 X70.875 Y104.229 E484.46355
G1 F2700 E477.46355
G0 F9000 X71.476 Y104.044
G0 X70.84 Y103.154
G0 X70.472 Y103.351
G0 X70.144 Y103.654
G0 X69.193 Y105.205
G0 X69.385 Y106.032
G1 F2700 E484.46355
G1 F1197 X69.184 Y106.228 E484.47263
G1 F1041.2 X69.063 Y106.475 E484.48286
G1 F933.9 X69.007 Y106.767 E484.49519
G1 F871.1 X69.052 Y107.046 E484.50775
G1 F849.6 X69.132 Y107.239 E484.51727
G1 F882.4 X69.359 Y107.571 E484.53491
G1 F943 X69.776 Y107.923 E484.55732
G1 F975.6 X70.089 Y108.153 E484.57273
G1 F2700 E477.57273
G0 F9000 X70.54 Y108.272
G0 X70.856 Y109.001
G0 X69.835 Y109.297
G0 X70.182 Y109.927
G0 X70.494 Y110.208
G0 X70.906 Y110.376
G0 X72.388 Y110.473
G0 X72.902 Y110.403
G0 X73.451 Y110.186
G0 X73.804 Y109.907
G0 X74.051 Y109.578
G0 X74.184 Y109.194
G0 X74.396 Y107.415
G0 X75.966 Y107.221
G1 F2700 E484.57273
G1 F1095.9 X76.116 Y107.175 E484.57827
G1 X75.973 Y107.15 E484.5834
G1 F1318.7 X75.734 Y106.934 E484.59286
G1 F1500 X75.548 Y106.68 E484.60098
G1 X75.388 Y106.254 E484.61273
G1 X75.275 Y105.82 E484.6243
G1 X75.22 Y105.414 E484.63488
G1 X75.217 Y104.959 E484.64662
G1 X75.259 Y104.532 E484.6577
G1 F1194 X75.385 Y104.096 E484.67241
G1 F900.6 X75.493 Y104.014 E484.67824
G1 X75.347 Y103.983 E484.68466
G1 F1167.9 X75.11 Y104.014 E484.69258
G1 F1459 X74.855 Y104.225 E484.70136
G1 F1500 X74.705 Y104.486 E484.70913
G1 X74.595 Y104.899 E484.72016
G1 X74.582 Y105.228 E484.72866
G1 X74.595 Y105.542 E484.73677
G1 F1476.9 X74.641 Y105.978 E484.74827
G1 F1300.8 X74.545 Y106.108 E484.75308
G1 F1118.9 X74.436 Y106.147 E484.75708
G1 F1230.8 X74.707 Y106.216 E484.76588
G1 F1476.9 X74.929 Y106.738 E484.78075
G1 F1500 X75.167 Y107.004 E484.78996
G1 X75.363 Y107.147 E484.79622
G1 X75.634 Y107.247 E484.80368
G1 F1318.7 X75.966 Y107.221 E484.81345
G0 F9000 X76.116 Y107.175
G1 F977.6 X76.383 Y107.031 E484.82547
G0 F9000 X76.956 Y107.296
G1 F1500 X77.123 Y107.259 E484.82988
G1 X77.305 Y107.115 E484.83587
G1 X77.227 Y106.677 E484.84735
G1 X77.159 Y106.045 E484.86376
G1 X77.148 Y105.617 E484.87481
G1 X77.159 Y105.476 E484.87846
G1 F1243.5 X77.132 Y105.006 E484.89312
G1 F1090.9 X77.197 Y104.656 E484.90575
G1 F1034.5 X77.32 Y104.188 E484.92386
G1 F855.6 X77.489 Y104.051 E484.9337
G1 X77.227 Y104.084 E484.94565
G1 F1039 X77.072 Y104.188 E484.95261
G1 F1129.4 X76.89 Y104.466 E484.964
G1 X76.752 Y104.997 E484.9828
G1 F1290.3 X76.589 Y105.116 E484.98886
G1 F1432.8 X76.446 Y105.147 E484.99281
G1 F1315.1 X76.266 Y105.07 E484.99858
G1 F1344.5 X76.349 Y105.355 E485.00712
G1 F1467.9 X76.463 Y105.694 E485.01656
G1 F1500 X76.542 Y106.015 E485.02509
G1 X76.557 Y106.478 E485.03705
G1 X76.507 Y106.626 E485.04108
G1 F1304.3 X76.398 Y107.027 E485.05341
G1 F1090.9 X76.472 Y107.009 E485.05611
G1 F1224.5 X76.64 Y107.082 E485.06191
G1 F1500 X76.797 Y107.267 E485.06817
G1 X76.956 Y107.296 E485.07234
G1 F2700 E478.07234
G0 F9000 X76.932 Y107.036
G0 X76.606 Y105.435
G1 F2700 E485.07234
G0 F9000 X76.255 Y105.058
G1 F1121.5 X76.153 Y104.796 E485.08205
G1 F1057.3 X75.996 Y104.449 E485.09599
G1 F943 X75.792 Y104.126 E485.11168
G1 F882.4 X75.697 Y104.045 E485.11715
G1 F848.1 X75.493 Y104.014 E485.12657
G1 F2700 E478.12657
G0 F9000 X75.147 Y104.211
G0 X77.006 Y104.521
G0 X77.489 Y104.051
G1 F2700 E485.12657
G1 F771.7 X77.625 Y104.043 E485.13341
G1 F810.8 X77.771 Y104.111 E485.1411
G1 F885.6 X77.96 Y104.469 E485.1588
G1 F912.5 X77.999 Y104.566 E485.16323
G1 F2700 E478.16323
G0 F9000 X78.314 Y104.978
G0 X79.23 Y104.744
G1 F2700 E485.16323
G0 F9000 X79.587 Y104.512
G1 F985.6 X79.845 Y104.249 E485.1777
G1 F979.6 X80.008 Y104.162 E485.185
G1 F2700 E478.185
G0 F9000 X80.478 Y104.197
G0 X80.701 Y104.653
G0 X79.221 Y105.068
G0 X79.57 Y105.858
G1 F2700 E485.185
G1 F888.9 X79.747 Y106.251 E485.20378
G1 F871.1 X79.954 Y106.631 E485.22301
G1 F863.3 X80.292 Y107.071 E485.24789
G1 F909.1 X80.522 Y107.241 E485.26007
G1 F987.7 X80.699 Y107.273 E485.26712
G0 F9000 X80.94 Y107.199
G1 F1100.9 X81.185 Y106.998 E485.27826
G1 F1116.3 X81.352 Y106.717 E485.2896
G1 F1259.8 X81.525 Y106.348 E485.30212
G1 F1472.4 X81.582 Y106.008 E485.31119
G1 F1500 X81.6 Y105.701 E485.31913
G1 X81.596 Y105.431 E485.3261
G1 X81.567 Y105.098 E485.33472
G1 X81.475 Y104.7 E485.34527
G1 X81.323 Y104.399 E485.35397
G1 X81.13 Y104.176 E485.36158
G1 X80.945 Y104.064 E485.36716
G1 X80.583 Y103.969 E485.37682
G1 F1371.4 X80.226 Y104.042 E485.38711
G1 F1108.5 X80.008 Y104.162 E485.3958
G1 X80.214 Y104.202 E485.40313
G1 F1371.4 X80.431 Y104.477 E485.41302
G1 F1500 X80.612 Y104.832 E485.4233
G1 X80.748 Y105.198 E485.43338
G1 X80.861 Y105.63 E485.4449
G1 X80.92 Y105.983 E485.45414
G1 F1472.4 X80.952 Y106.304 E485.46262
G1 F1259.8 X81.021 Y106.614 E485.47238
G1 F1116.3 X80.972 Y106.968 E485.48478
G1 F1100.9 X80.893 Y107.153 E485.49185
G1 F1054.9 X80.699 Y107.273 E485.50022
G1 X80.94 Y107.199 E485.50948
G0 F9000 X81.135 Y106.857
G0 X79.053 Y106.764
G0 X79.487 Y107.007
G1 F1209.1 X79.536 Y107.07 E485.51203
G1 F1162.2 X79.712 Y107.374 E485.52373
G1 F1043.5 X79.877 Y107.735 E485.53846
G1 F941.2 X80.022 Y108.156 E485.55677
G1 F882.4 X80.124 Y108.569 E485.57544
G1 F824.7 X80.192 Y108.997 E485.59578
G1 F770.5 X80.189 Y109.55 E485.62357
G1 F729.5 X80.098 Y109.766 E485.63601
G1 F737.3 X79.901 Y109.907 E485.64873
G0 F9000 X79.728 Y110.027
G1 F877.5 X79.901 Y109.907 E485.65802
G1 X79.724 Y109.858 E485.66612
G1 F1113.7 X79.487 Y109.564 E485.67925
G1 F1344.5 X79.36 Y109.201 E485.69032
G1 F1500 X79.298 Y108.93 E485.6975
G1 X79.184 Y108.09 E485.71938
G1 X79.121 Y107.496 E485.73479
G1 X79.105 Y107.186 E485.74281
G1 X79.136 Y107.066 E485.746
G1 F1428.6 X79.305 Y106.968 E485.7513
G1 F1280 X79.487 Y107.007 E485.75693
G1 F1269.8 X79.074 Y106.526 E485.77626
G1 F1415.9 X79.07 Y105.918 E485.79288
G1 F1500 X79.16 Y105.812 E485.79647
G1 F1290.3 X79.424 Y105.755 E485.80457
G1 F997.9 X79.57 Y105.858 E485.81151
G1 F1118.9 X79.486 Y105.416 E485.82707
G1 F1500 X79.361 Y104.974 E485.83893
G1 F1333.3 X79.57 Y104.517 E485.85352
G1 F1269.8 X79.357 Y104.512 E485.86002
G1 F1420.1 X79.223 Y104.423 E485.8644
G1 F1500 X79.127 Y104.019 E485.87512
G1 X78.74 Y104.007 E485.88511
G1 X78.577 Y104.165 E485.89097
G1 X78.431 Y104.602 E485.90286
G1 X78.255 Y104.657 E485.90762
G1 F1129.4 X77.999 Y104.566 E485.91694
G1 X78.067 Y104.942 E485.93003
G1 F1500 X78.238 Y105.407 E485.94282
G1 X78.329 Y105.685 E485.95037
G1 X78.328 Y106.489 E485.97112
G1 X78.382 Y107.643 E486.00094
G1 X78.454 Y108.256 E486.01687
G1 X78.562 Y108.815 E486.03156
G1 X78.691 Y109.256 E486.04342
G1 X78.782 Y109.489 E486.04988
G1 X78.985 Y109.827 E486.06006
G1 X79.207 Y109.989 E486.06715
G1 X79.457 Y110.081 E486.07402
G1 F1218.3 X79.728 Y110.027 E486.08281
G0 F9000 X79.5 Y109.882
G0 X79.313 Y109.668
G0 X79.105 Y108.979
G0 X78.923 Y107.52
G0 X78.879 Y105.515
G0 X79.015 Y104.676
G0 X78.894 Y104.784
;TYPE:SKIN
G1 F1600 X78.769 Y105.094 E486.09291
G1 F1496.3 X78.834 Y105.31 E486.10021
G1 F2700 E479.10021
G0 F9000 X78.975 Y105.526
G0 X78.976 Y104.204
G0 X79.034 Y103.149
G0 X80.625 Y103.089
G0 X81.284 Y103.257
G0 X81.796 Y103.636
G0 X82.746 Y104.398
;TYPE:WALL-INNER
G1 F2700 E486.10021
G1 F1108.5 X82.694 Y104.53 E486.10517
G1 F1027.8 X82.63 Y104.851 E486.11749
G1 F948.6 X82.583 Y105.295 E486.13572
G1 F909.1 X82.572 Y105.6 E486.14871
G1 F879.1 X82.576 Y105.917 E486.16267
G1 F875.9 X82.61 Y106.552 E486.19078
G1 F902.3 X82.651 Y106.944 E486.20769
G1 F2700 E479.20769
G0 F9000 X84.423 Y106.404
G0 X84.626 Y106.695
G1 F2700 E486.20769
G1 F1509.4 X84.676 Y106.542 E486.21182
G1 X84.742 Y106.005 E486.2257
G1 F1371.4 X84.763 Y105.58 E486.23771
G1 X84.506 Y105.848 E486.24819
G1 F1509.4 X84.383 Y105.891 E486.25153
G1 X84.497 Y106.221 E486.26049
G1 X84.626 Y106.695 E486.27309
G0 F9000 X84.763 Y105.58
G1 F1064.3 X84.85 Y105.224 E486.28642
G1 F1006.3 X84.804 Y104.994 E486.29544
G1 F1113.7 X84.806 Y104.559 E486.31057
G1 F1032.3 X84.774 Y104.264 E486.32169
G1 F858.7 X84.71 Y104.045 E486.33198
G1 F868 X84.772 Y103.71 E486.34718
G1 F975.6 X84.703 Y103.09 E486.37193
G1 F977.6 X84.592 Y102.609 E486.39148
G1 F1050.3 X84.447 Y102.231 E486.4064
G1 F1173.6 X84.357 Y102.074 E486.41237
G0 F9000 X83.689 Y101.42
G0 X83.323 Y101.304
;TYPE:WALL-OUTER
G1 F875.9 X83.064 Y101.306 E486.42382
G1 F937.5 X82.859 Y101.362 E486.4326
G1 F872.7 X82.744 Y101.476 E486.43978
G1 F798.7 X82.659 Y101.638 E486.44865
G1 F760.7 X82.615 Y101.966 E486.46549
G1 F789.5 X82.657 Y102.226 E486.47841
G1 F854.1 X82.824 Y102.555 E486.49513
G1 F880.7 X82.99 Y102.806 E486.50836
G1 F905.7 X83.187 Y103.059 E486.52207
G1 F923.1 X83.474 Y103.365 E486.53966
G1 F944.9 X83.986 Y103.871 E486.56916
G0 F9000 X83.537 Y104.507
G1 F937.5 X83.888 Y105.279 E486.60418
G1 F995.9 X84.011 Y105.571 E486.6165
G0 F9000 X84.359 Y105.989
G0 X84.644 Y105.905
G0 X84.898 Y105.304
G0 X85.495 Y105.477
G1 F1078.7 X85.762 Y105.834 E486.6325
G1 F1090.9 X85.877 Y106.01 E486.63996
G1 F2700 E479.63996
G0 F9000 X84.861 Y105.884
G0 X84.519 Y107.138
G1 F2700 E486.63996
G1 F1500 X84.711 Y107.065 E486.64526
G1 X84.836 Y106.942 E486.64979
G1 X84.927 Y106.674 E486.65709
G1 X84.975 Y106.397 E486.66435
G1 X85.087 Y105.547 E486.68647
G1 X85.137 Y105.473 E486.68878
G1 F1454.5 X85.258 Y105.413 E486.69237
G1 F1230.8 X85.495 Y105.477 E486.7001
G1 F1263.2 X85.136 Y104.938 E486.71994
G1 F1500 X85.145 Y104.253 E486.73763
G1 X85.122 Y103.59 E486.75475
G1 X85.066 Y103.03 E486.76927
G1 X84.937 Y102.488 E486.78365
G1 X84.735 Y102.062 E486.79582
G1 F1415.9 X84.522 Y101.801 E486.80503
G1 F1148.3 X84.264 Y101.621 E486.81564
G1 F1076.2 X83.892 Y101.34 E486.83241
G1 F1132.1 X83.684 Y101.282 E486.83979
G1 F1021.3 X83.367 Y101.301 E486.85183
G1 F1027.8 X83.769 Y101.667 E486.87231
G1 F1162.2 X84.001 Y101.919 E486.88372
G1 F1337 X84.27 Y102.799 E486.91036
G1 F1500 X84.332 Y103.084 E486.91789
G1 X84.41 Y103.688 E486.93361
G1 X84.367 Y103.791 E486.93649
G1 F1472.4 X84.251 Y103.876 E486.94027
G1 F1156.6 X83.986 Y103.871 E486.94914
G1 F1173.6 X84.242 Y104.184 E486.96248
G1 F1500 X84.425 Y104.388 E486.96956
G1 X84.472 Y104.558 E486.97411
G1 X84.463 Y105.489 E486.99814
G1 X84.368 Y105.605 E487.00201
G1 F1273.2 X84.097 Y105.637 E487.01031
G1 F1048 X84.011 Y105.571 E487.01431
G1 F1182.3 X84.091 Y105.895 E487.02524
G1 F1476.9 X84.236 Y106.324 E487.03711
G1 F1500 X84.439 Y107.078 E487.05726
G1 X84.519 Y107.138 E487.05985
G1 F2700 E480.05985
G0 F9000 X84.616 Y106.855
G0 X84.474 Y106.591
G0 X82.853 Y106.708
G0 X82.668 Y107.333
G1 F2700 E487.05985
G1 F1500 X83.013 Y107.249 E487.06901
G1 X83.048 Y107.166 E487.07133
G1 X82.986 Y106.32 E487.09323
G1 X82.959 Y105.513 E487.11407
G1 X82.962 Y105.246 E487.12096
G1 X83.026 Y104.6 E487.13771
G1 X83.077 Y104.503 E487.14054
G1 X83.261 Y104.429 E487.14566
G1 F1113.7 X83.537 Y104.507 E487.15563
G1 F1048 X83.394 Y104.05 E487.17332
G1 F1383.3 X83.089 Y103.942 E487.18238
G1 F1500 X82.725 Y103.984 E487.19183
G1 X82.468 Y104.193 E487.20038
G1 X82.347 Y104.493 E487.20873
G1 X82.268 Y104.78 E487.21642
G1 X82.207 Y105.257 E487.22883
G1 X82.182 Y105.598 E487.23765
G1 X82.18 Y105.932 E487.24627
G1 X82.194 Y106.262 E487.2548
G1 X82.222 Y106.603 E487.26363
G1 X82.305 Y107.204 E487.27929
G1 X82.382 Y107.279 E487.28206
G1 X82.668 Y107.333 E487.28957
G1 F2700 E480.28957
G0 F9000 X82.682 Y107.072
G0 X82.807 Y106.334
G0 X83.773 Y107.606
G0 X84.192 Y107.979
G0 X84.546 Y108.015
G0 X127.825 Y96.841
G0 X129.052 Y96.548
;TYPE:WALL-INNER
G1 F2700 E487.28957
G1 F851.1 X129.126 Y96.795 E487.3013
G1 F842.1 X129.245 Y97.064 E487.31483
G1 F890.5 X129.404 Y97.291 E487.32687
G1 F2700 E480.32687
G0 F9000 X129.883 Y97.574
G0 X130.902 Y97.821
G0 X131.243 Y99.074
G1 F2700 E487.32687
G1 F1375.4 X131.195 Y98.85 E487.33332
G1 X131.212 Y98.432 E487.3451
G1 F1355.9 X131.391 Y97.856 E487.36232
G1 F1326 X131.847 Y97.183 E487.38606
G1 F1355.9 X132.014 Y96.811 E487.3977
G1 F1403.5 X132.045 Y96.584 E487.40402
G1 X132.014 Y96.288 E487.41223
G1 X131.884 Y95.927 E487.42281
G1 X131.855 Y96.337 E487.43415
G1 X131.669 Y96.764 E487.447
G1 F1355.9 X131.535 Y96.992 E487.45455
G1 F1318.7 X131.15 Y97.552 E487.4745
G1 F1340.8 X131.015 Y97.856 E487.4841
G1 F1363.6 X130.952 Y98.232 E487.49493
G1 F1375.4 X130.984 Y98.527 E487.50328
G1 X131.104 Y98.871 E487.51354
G1 X131.243 Y99.074 E487.52046
G1 F2700 E480.52046
G0 F9000 X131.326 Y98.454
G0 X132.486 Y98.193
G0 X132.909 Y98.439
G1 F2700 E487.52046
G1 F1025.6 X132.997 Y98.615 E487.52789
G1 F1059.6 X133.074 Y98.861 E487.53731
G0 F9000 X133.918 Y98.935
G0 X134.148 Y99.217
G1 F1326 X134.346 Y99.359 E487.54442
G0 F9000 X134.91 Y99.53
G0 X135.41 Y99.124
G1 F855.6 X135.336 Y98.806 E487.5592
G1 F923.1 X135.114 Y98.401 E487.57857
G1 F893.9 X134.609 Y97.347 E487.62919
G1 F806.7 X134.506 Y97.017 E487.64578
G1 F790.8 X134.315 Y96.738 E487.66233
G1 F760.7 X134.135 Y96.502 E487.67744
G1 F757.1 X134.067 Y96.218 E487.69237
G1 F836.2 X133.65 Y95.331 E487.73775
G1 F2700 E480.73775
G0 F9000 X134.284 Y96.099
G0 X135.833 Y95.48
G0 X136.039 Y95.276
G1 F2700 E487.73775
G1 F789.5 X136.07 Y95.397 E487.74387
G1 F796 X136.172 Y95.645 E487.75691
G1 F810.8 X136.52 Y96.391 E487.79622
G1 F765.6 X136.572 Y96.577 E487.80598
G1 F771.7 X136.731 Y96.829 E487.82093
G1 F839.2 X137.848 Y99.173 E487.94073
G0 F9000 X138.503 Y99.628
;TYPE:WALL-OUTER
G1 F1500 X136.546 Y95.469 E488.05936
G1 X136.422 Y95.089 E488.06967
G1 X136.437 Y94.901 E488.07454
G1 X136.157 Y94.845 E488.08191
G1 X135.855 Y94.871 E488.08974
G1 X135.732 Y94.93 E488.09326
G1 X135.633 Y95.056 E488.09739
G1 X135.598 Y95.181 E488.10074
G1 X135.658 Y95.527 E488.10981
G1 X136.116 Y96.502 E488.13761
G1 F1297.3 X136.103 Y96.702 E488.14359
G1 F995.9 X135.968 Y96.825 E488.15069
G1 X136.179 Y96.863 E488.15903
G1 F1297.3 X136.36 Y97.008 E488.16595
G1 F1500 X137.593 Y99.565 E488.23921
G1 X138.042 Y99.579 E488.25081
G1 X138.503 Y99.628 E488.26277
G1 F2700 E481.26277
G0 F9000 X138.158 Y99.381
G0 X137.163 Y98.307
G0 X136.724 Y99.694
G0 X136.243 Y100.147
G0 X135.348 Y100.511
G0 X134.783 Y99.302
G1 F2700 E488.26277
G1 F1182.3 X134.648 Y99.254 E488.26747
G1 F1371.4 X134.53 Y99.13 E488.2723
G1 F1500 X134.267 Y98.919 E488.281
G1 F1437.1 X133.909 Y98.568 E488.29451
G1 F1379.3 X133.771 Y98.776 E488.30151
G1 F1086 X133.596 Y98.902 E488.3092
G1 X133.742 Y99.059 E488.31684
G1 F1437.1 X133.773 Y99.192 E488.32052
G1 F1500 X133.922 Y99.438 E488.32795
G1 X134.23 Y99.633 E488.33735
G1 F1371.4 X134.545 Y99.674 E488.34632
G1 F1182.3 X134.727 Y99.655 E488.35231
G1 F1243.5 X135.156 Y99.653 E488.36567
G1 F1454.5 X135.466 Y99.572 E488.3742
G1 F1500 X135.779 Y99.414 E488.38325
G1 X135.953 Y99.28 E488.38892
G1 X134.963 Y97.181 E488.44881
G1 F1379.3 X134.968 Y96.964 E488.45491
G1 F989.7 X135.145 Y96.798 E488.4644
G1 X134.846 Y96.7 E488.47671
G1 F1379.3 X134.698 Y96.598 E488.48175
G1 F1500 X133.914 Y94.935 E488.52921
G1 X133.447 Y94.913 E488.54127
G1 X132.966 Y94.849 E488.5538
G1 X133.673 Y96.325 E488.59604
G1 F1476.9 X133.641 Y96.506 E488.60085
G1 F1391.3 X133.517 Y96.596 E488.60512
G1 F1333.3 X133.299 Y96.588 E488.61145
G1 X133.087 Y96.874 E488.62179
G1 X133.541 Y96.875 E488.63497
G1 F1371.4 X133.893 Y96.893 E488.64492
G1 F1454.5 X133.99 Y96.976 E488.64832
G1 F1500 X134.778 Y98.589 E488.69465
G1 X134.992 Y98.924 E488.70491
G1 X134.994 Y99.035 E488.70778
G1 F1450.2 X134.904 Y99.191 E488.71259
G1 F1240.3 X134.783 Y99.302 E488.71771
G1 F2700 E481.71771
G0 F9000 X134.672 Y99.506
G0 X133.946 Y99.135
G0 X133.159 Y98.95
G0 X132.593 Y99.599
G1 F2700 E488.71771
G1 F956.2 X132.356 Y99.685 E488.72792
G1 F930.2 X132.028 Y99.659 E488.74161
G0 F9000 X131.863 Y99.685
G1 F993.8 X132.028 Y99.659 E488.74812
G1 F1083.5 X131.786 Y99.472 E488.75905
G1 F1363.6 X131.599 Y99.225 E488.76784
G1 F1432.8 X131.488 Y98.873 E488.77782
G1 F1476.9 X131.511 Y98.46 E488.78866
G1 F1500 X131.651 Y98.012 E488.80077
G1 X132.109 Y97.337 E488.82183
G1 X132.284 Y96.987 E488.83193
G1 X132.338 Y96.588 E488.84232
G1 X132.299 Y96.222 E488.85182
G1 X132.162 Y95.839 E488.86232
G1 X131.892 Y95.483 E488.87385
G1 X131.678 Y95.263 E488.88177
G1 F1250 X131.349 Y95.092 E488.89325
G1 F1098.4 X131.217 Y95.073 E488.89795
G1 F1286.9 X131.47 Y95.496 E488.91278
G1 F1500 X131.599 Y95.795 E488.92119
G1 X131.57 Y96.267 E488.93339
G1 X131.41 Y96.626 E488.94354
G1 X131.217 Y96.927 E488.95277
G1 X130.989 Y97.251 E488.96299
G1 X130.843 Y97.501 E488.97046
G1 X130.731 Y97.762 E488.97779
G1 X130.644 Y98.131 E488.98758
G1 X130.695 Y98.593 E488.99958
G1 X130.838 Y99 E489.01071
G1 X130.999 Y99.252 E489.01843
G1 X131.249 Y99.466 E489.02692
G1 X131.541 Y99.624 E489.03549
G1 F1259.8 X131.863 Y99.685 E489.04556
G0 F9000 X132.593 Y99.599
G1 F1076.2 X132.814 Y99.55 E489.0537
G1 F1340.8 X133.118 Y99.394 E489.06357
G1 F1500 X133.357 Y99.049 E489.0744
G1 F1322.3 X133.389 Y98.978 E489.07668
G1 F1023.5 X133.554 Y98.898 E489.08362
G1 X133.404 Y98.794 E489.09052
G1 F1322.3 X133.334 Y98.504 E489.09926
G1 F1500 X133.192 Y98.209 E489.10771
G1 X132.954 Y98.026 E489.11546
G1 X132.768 Y97.959 E489.12056
G1 X132.478 Y97.985 E489.12807
G1 X132.313 Y98.107 E489.13337
G1 X132.247 Y98.229 E489.13695
G1 X132.375 Y98.327 E489.14111
G1 X132.579 Y98.571 E489.14932
G1 X132.721 Y98.85 E489.1574
G1 X132.792 Y99.168 E489.16581
G1 F1340.8 X132.712 Y99.452 E489.17433
G1 F1076.2 X132.593 Y99.599 E489.18113
G1 F2700 E482.18113
G0 F9000 X132.969 Y99.259
G0 X133.422 Y100.219
G0 X133.167 Y100.368
G0 X132.54 Y100.583
G0 X131.734 Y100.587
G0 X131.177 Y100.413
G0 X130.74 Y100.171
G0 X130.34 Y99.829
G0 X130.109 Y99.464
G0 X129.836 Y98.627
G0 X129.656 Y97.802
G1 F2700 E489.18113
G1 F1500 X130.049 Y97.704 E489.19159
G1 X130.142 Y97.605 E489.19509
G1 X129.815 Y97.249 E489.20757
G1 X129.588 Y96.854 E489.21933
G1 X129.439 Y96.469 E489.22998
G1 X129.378 Y96.176 E489.23771
G1 X129.38 Y95.816 E489.247
G1 X129.453 Y95.549 E489.25414
G1 F1329.6 X129.605 Y95.249 E489.26393
G1 F1030 X129.752 Y95.06 E489.27293
G1 F997.9 X129.574 Y95.099 E489.28
G1 F1276.6 X129.271 Y95.262 E489.29044
G1 F1500 X129.007 Y95.51 E489.29979
G1 X128.798 Y95.821 E489.30946
G1 X128.662 Y96.178 E489.31932
G1 X128.657 Y96.61 E489.33047
G1 X128.74 Y96.934 E489.3391
G1 X128.905 Y97.282 E489.34904
G1 X129.147 Y97.572 E489.35879
G1 X129.321 Y97.692 E489.36424
G1 X129.656 Y97.802 E489.37335
G1 F2700 E482.37335
G0 F9000 X129.659 Y97.511
G0 X129.251 Y96.542
G0 X129.183 Y95.888
G0 X129.29 Y95.481
G1 F2700 E489.37335
G0 F9000 X129.752 Y95.06
G1 F923.1 X129.918 Y94.983 E489.38102
G1 F1006.3 X130.231 Y94.893 E489.39355
G1 F1095.9 X130.513 Y94.883 E489.40352
G1 F1052.6 X130.843 Y94.927 E489.41576
G1 F946.7 X131.193 Y95.069 E489.43121
G1 F2700 E482.43121
G0 F9000 X131.668 Y95.507
G0 X132.124 Y96.262
G0 X133.503 Y95.6
G0 X135.145 Y96.798
G1 F2700 E489.43121
G1 F843.6 X135.968 Y96.825 E489.469
G1 F2700 E482.469
G0 F9000 X136.45 Y96.598
G0 X136.834 Y96.454
G0 X137.857 Y96.323
G0 X138.025 Y95.895
;TYPE:WALL-INNER
G1 F2700 E489.469
G1 F935.7 X138.06 Y96.203 E489.48182
G1 F834.8 X138.122 Y96.49 E489.49544
G1 F776.7 X138.209 Y96.78 E489.51053
G1 F744.2 X138.323 Y97.087 E489.52757
G1 F747.7 X138.6 Y97.696 E489.56221
G1 F788.2 X138.849 Y98.129 E489.58675
G1 F2700 E482.58675
G0 F9000 X138.82 Y97.563
G0 X140.607 Y96.69
G0 X140.504 Y96.045
G1 F2700 E489.58675
G1 F877.5 X140.752 Y96.402 E489.60593
G1 F785.6 X140.902 Y96.658 E489.62055
G1 F737.3 X141.16 Y97.161 E489.65023
G1 F721.8 X141.432 Y97.811 E489.68802
G1 F746.5 X141.542 Y98.226 E489.71029
G1 F2700 E482.71029
G0 F9000 X141.471 Y99.288
G1 F2700 E489.71029
G0 F9000 X140.962 Y99.628
;TYPE:WALL-OUTER
G1 F1052.6 X140.776 Y99.641 E489.71715
G1 F1021.3 X140.502 Y99.605 E489.72762
G0 F9000 X140.353 Y99.611
G1 F1156.6 X140.477 Y99.606 E489.73178
G1 F1326 X140.187 Y99.337 E489.74333
G1 F1500 X139.939 Y99.086 E489.75243
G1 X139.67 Y98.717 E489.76422
G1 X139.385 Y98.263 E489.77805
G1 X138.98 Y97.483 E489.80074
G1 X138.651 Y96.719 E489.82221
G1 X138.521 Y96.359 E489.83209
G1 X138.395 Y95.942 E489.84333
G1 X138.343 Y95.591 E489.85249
G1 F1450.2 X138.377 Y95.186 E489.86334
G1 F1179.4 X138.578 Y94.959 E489.87329
G1 F1148.3 X138.306 Y94.996 E489.88255
G1 F1403.5 X138.138 Y95.064 E489.88755
G1 F1500 X137.902 Y95.279 E489.89579
G1 X137.773 Y95.501 E489.90241
G1 X137.668 Y95.84 E489.91157
G1 X137.665 Y96.228 E489.92159
G1 X137.719 Y96.617 E489.93172
G1 X137.789 Y96.902 E489.9393
G1 X137.906 Y97.247 E489.9487
G1 X138.063 Y97.605 E489.95879
G1 X138.233 Y97.933 E489.96832
G1 X138.512 Y98.368 E489.98166
G1 X138.746 Y98.667 E489.99146
G1 X139.122 Y99.032 E490.00499
G1 X139.555 Y99.333 E490.0186
G1 F1387.3 X139.991 Y99.534 E490.032
G1 F1206 X140.353 Y99.611 E490.04388
G0 F9000 X140.962 Y99.628
G1 F1083.5 X141.066 Y99.633 E490.0476
G1 F1286.9 X141.362 Y99.568 E490.05671
G1 F1500 X141.621 Y99.411 E490.06453
G1 X141.807 Y99.197 E490.07185
G1 X141.933 Y98.919 E490.07973
G1 X141.997 Y98.584 E490.08853
G1 X141.969 Y98.167 E490.09932
G1 X141.865 Y97.676 E490.11227
G1 X141.563 Y96.954 E490.13247
G1 X141.435 Y96.708 E490.13963
G1 X141.273 Y96.425 E490.14804
G1 X141.113 Y96.194 E490.1553
G1 X140.951 Y95.982 E490.16218
G1 X140.775 Y95.787 E490.16896
G1 X140.576 Y95.592 E490.17615
G1 X140.299 Y95.371 E490.1853
G1 X140.006 Y95.201 E490.19404
G1 X139.492 Y94.984 E490.20844
G1 F1212.1 X139.061 Y94.96 E490.22223
G1 F1153.8 X139.302 Y95.116 E490.23186
G1 F1411.8 X139.637 Y95.446 E490.24476
G1 F1500 X139.904 Y95.796 E490.25612
G1 X140.206 Y96.27 E490.27062
G1 X140.385 Y96.6 E490.28031
G1 X140.731 Y97.306 E490.30061
G1 X140.915 Y97.73 E490.31254
G1 X141.047 Y98.071 E490.32197
G1 X141.241 Y98.731 E490.33973
G1 F1387.3 X141.279 Y99.274 E490.35492
G1 F1206 X141.052 Y99.591 E490.36743
G1 F1083.5 X140.962 Y99.628 E490.37091
G1 F2700 E483.37091
G0 F9000 X141.471 Y99.288
G0 X141.435 Y98.672
G0 X141.098 Y97.652
G0 X140.38 Y96.176
G0 X140.21 Y95.929
G0 X139.712 Y95.268
G1 F2700 E490.37091
G0 F9000 X139.061 Y94.96
G1 F1048 X138.821 Y94.93 E490.37985
G1 X138.578 Y94.959 E490.38889
G1 F2700 E483.38889
G0 F9000 X138.168 Y95.302
G0 X138 Y94.169
G0 X138.499 Y94.054
G0 X138.972 Y94.041
G0 X139.717 Y94.14
G0 X140.681 Y94.603
G0 X141.165 Y94.98
G0 X142.327 Y95.414
;TYPE:WALL-INNER
G1 F2700 E490.38889
G1 F885.6 X142.306 Y95.606 E490.39733
G1 F857.1 X142.361 Y95.965 E490.41373
G1 F851.1 X142.443 Y96.254 E490.4274
G1 F857.1 X142.535 Y96.501 E490.4393
G1 F892.2 X142.771 Y97.024 E490.4642
G1 F944.9 X142.987 Y97.394 E490.48176
G1 F997.9 X143.186 Y97.699 E490.49589
G1 F1064.3 X143.336 Y97.909 E490.50527
G1 F1162.2 X143.653 Y98.317 E490.52248
G1 F1315.1 X143.945 Y98.656 E490.53566
G1 F1391.3 X143.995 Y98.725 E490.53803
G0 F9000 X143.742 Y99.416
G1 F1486.1 X143.957 Y99.398 E490.54365
G1 F1500 X144.448 Y99.227 E490.55707
G1 F1437.1 X143.995 Y98.725 E490.57528
G1 F1395.3 X144.028 Y98.82 E490.57807
G1 F1454.5 X144.014 Y99.108 E490.58575
G1 F1486.1 X143.883 Y99.341 E490.59271
G1 F1467.9 X143.742 Y99.416 E490.59692
G0 F9000 X143.06 Y99.302
G1 F1283.4 X142.959 Y99.217 E490.60091
G1 F2700 E483.60091
G0 F9000 X143.751 Y99.541
G0 X145.515 Y98.667
G0 X145.948 Y98.996
G1 F2700 E490.60091
G1 F827.6 X145.312 Y97.69 E490.66886
G1 F778 X144.676 Y96.383 E490.74119
G0 F9000 X144.335 Y95.838
G1 F1437.1 X144.228 Y95.905 E490.74459
G1 F1445.8 X144.352 Y96.109 E490.75099
G1 F993.8 X144.676 Y96.383 E490.76752
G1 X144.644 Y95.957 E490.78416
G1 F1445.8 X144.466 Y95.578 E490.79537
G1 F1437.1 X144.335 Y95.838 E490.80322
G1 F2700 E483.80322
G0 F9000 X144.359 Y95.902
G0 X145.485 Y97.493
G0 X146.703 Y96.798
G0 X146.896 Y96.83
G1 F2700 E490.80322
G1 F1100.9 X147.249 Y97.394 E490.82661
G1 F924.9 X147.431 Y97.72 E490.84224
G1 F837.7 X147.643 Y98.141 E490.86403
G1 F776.7 X147.753 Y98.387 E490.87746
G0 F9000 X148.02 Y99.396
G1 F1399.4 X148.144 Y99.345 E490.88117
G1 F1266.5 X148.21 Y99.152 E490.8874
G1 F1064.3 X148.051 Y98.673 E490.90576
G1 F854.1 X147.753 Y98.387 E490.92448
G1 F895.5 X147.754 Y98.681 E490.9372
G1 F1246.8 X147.741 Y98.807 E490.94113
G1 F1420.1 X147.92 Y99.379 E490.95747
G1 F1407.6 X148.02 Y99.396 E490.96026
G0 F9000 X148.05 Y99.695
;TYPE:WALL-OUTER
G1 F1500 X148.289 Y99.606 E490.96684
G1 X148.396 Y99.513 E490.9705
G1 X148.491 Y99.225 E490.97833
G1 X148.474 Y99.023 E490.98356
G1 F1504.7 X148.293 Y98.495 E490.99792
G1 X148.083 Y98.065 E491.01023
G1 F1500 X147.766 Y97.513 E491.02666
G1 X147.546 Y97.181 E491.03694
G1 X147.313 Y96.859 E491.0472
G1 X147.133 Y96.63 E491.05472
G1 F1215.2 X146.803 Y96.358 E491.06834
G1 F1027.8 X146.726 Y96.26 E491.07304
G1 F1036.7 X146.54 Y96.06 E491.08323
G1 X146.29 Y95.816 E491.09628
G1 F973.6 X145.976 Y95.571 E491.11212
G1 F829 X145.75 Y95.443 E491.12425
G1 X145.88 Y95.667 E491.13634
G1 F965.8 X146.493 Y96.593 E491.18086
G1 F1215.2 X146.625 Y96.983 E491.19397
G1 F1500 X146.964 Y97.639 E491.21303
G1 X147.25 Y98.285 E491.23127
G1 X147.438 Y98.797 E491.24534
G1 X147.629 Y99.442 E491.26271
G1 X147.637 Y99.628 E491.26751
G1 X148.05 Y99.695 E491.27831
G0 F9000 X148.027 Y99.432
G0 X147.603 Y98.79
G0 X146.323 Y99.246
G0 X146.604 Y99.449
G1 F1500 X144.73 Y95.472 E491.39178
G1 X144.66 Y95.196 E491.39913
G1 X144.683 Y95.107 E491.4015
G1 F1352.1 X144.861 Y94.942 E491.40845
G1 F1197 X144.943 Y94.928 E491.41114
G1 X144.856 Y94.909 E491.41402
G1 F1352.1 X144.531 Y94.911 E491.42333
G1 F1500 X144.295 Y95.041 E491.43028
G1 X144.183 Y95.276 E491.437
G1 X144.175 Y95.541 E491.44384
G1 X144.125 Y95.64 E491.44671
G1 F1337 X143.922 Y95.731 E491.45315
G1 F1100.9 X143.766 Y95.676 E491.45897
G1 F1209.1 X144.217 Y96.445 E491.48751
G1 F1500 X144.593 Y97.171 E491.50861
G1 X145.695 Y99.388 E491.57251
G1 X146.277 Y99.411 E491.58755
G1 X146.604 Y99.449 E491.59604
G1 F2700 E484.59604
G0 F9000 X146.258 Y99.199
G0 X145.427 Y98.489
G0 X143.751 Y99.541
G0 X143.532 Y99.287
G1 F2700 E491.59604
G1 F1073.8 X143.486 Y99.286 E491.5977
G1 F1253.3 X143.008 Y98.848 E491.61773
G1 F1500 X142.723 Y98.55 E491.62837
G1 X142.653 Y98.629 E491.6311
G1 X142.558 Y98.883 E491.63809
G1 X142.601 Y99.231 E491.64715
G1 X142.727 Y99.428 E491.65318
G1 X142.903 Y99.566 E491.65895
G1 F1379.3 X143.196 Y99.662 E491.66761
G1 F1167.9 X143.456 Y99.649 E491.67624
G1 F1153.8 X143.961 Y99.691 E491.69324
G1 F1359.8 X144.554 Y99.487 E491.71109
G1 F1500 X144.87 Y99.263 E491.72109
G1 X144.531 Y98.907 E491.73378
G1 X144.275 Y98.607 E491.74396
G1 X143.918 Y98.149 E491.75895
G1 X143.621 Y97.726 E491.77229
G1 X143.459 Y97.474 E491.78002
G1 X143.165 Y96.965 E491.79519
G1 X142.869 Y96.27 E491.81469
G1 X142.775 Y95.982 E491.82251
G1 X142.704 Y95.605 E491.83241
G1 X142.725 Y95.339 E491.83929
G1 X142.828 Y95.195 E491.84386
G1 F1253.3 X142.989 Y95.086 E491.84987
G1 F1008.4 X143.105 Y95.1 E491.85435
G1 X143.007 Y95.007 E491.85954
G1 F1253.3 X142.692 Y94.907 E491.86975
G1 F1500 X142.361 Y94.92 E491.8783
G1 X142.199 Y94.981 E491.88277
G1 X142.044 Y95.119 E491.88812
G1 X141.957 Y95.293 E491.89315
G1 X141.904 Y95.6 E491.90119
G1 X141.967 Y96.05 E491.91291
G1 X142.064 Y96.381 E491.92182
G1 X142.168 Y96.657 E491.92943
G1 X142.385 Y97.11 E491.94239
G1 X142.68 Y97.597 E491.95709
G1 X142.91 Y97.916 E491.96724
G1 X143.142 Y98.208 E491.97686
G1 X143.454 Y98.562 E491.98904
G1 X143.749 Y98.87 E492.00005
G1 X143.748 Y99.021 E492.00395
G1 F1250 X143.532 Y99.287 E492.01456
G1 F2700 E485.01456
G0 F9000 X143.431 Y99.479
G0 X143.232 Y99.284
G0 X143.127 Y100.554
G0 X143.563 Y100.59
G0 X145.825 Y100.258
G0 X143.766 Y95.676
G1 F2700 E492.01456
G1 F1030 X143.688 Y95.582 E492.01915
G1 F1043.5 X143.414 Y95.298 E492.03379
G1 F991.7 X143.105 Y95.1 E492.04812
G1 F2700 E485.04812
G0 F9000 X142.631 Y95.106
G0 X144.361 Y95.314
G0 X144.943 Y94.928
G1 F2700 E492.04812
G1 F1008.4 X145.248 Y95.047 E492.06069
G1 F837.7 X145.598 Y95.31 E492.08092
G1 F772.9 X145.75 Y95.443 E492.09104
G1 F2700 E485.09104
G0 F9000 X146.023 Y95.719
G0 X146.994 Y96.74
G0 X148.14 Y96.342
G0 X148.971 Y97.126
;TYPE:WALL-INNER
G1 F2700 E492.09104
G1 F1399.4 X149.104 Y97.19 E492.09512
G1 X148.887 Y96.917 E492.10477
G1 F1371.4 X148.679 Y96.491 E492.11815
G1 F1333.3 X148.585 Y96.042 E492.13147
G1 F1348.3 X148.661 Y95.662 E492.1426
G1 F1375.4 X148.828 Y95.3 E492.15382
G1 X148.436 Y95.51 E492.16634
G1 X148.291 Y95.717 E492.17345
G1 F1340.8 X148.227 Y95.964 E492.18082
G1 F1322.3 X148.228 Y96.214 E492.18814
G1 F1371.4 X148.357 Y96.579 E492.19907
G1 F1399.4 X148.521 Y96.782 E492.20629
G1 X148.756 Y96.988 E492.21493
G1 X148.971 Y97.126 E492.222
G1 F2700 E485.222
G0 F9000 X149.736 Y97.497
G0 X150.21 Y97.701
G0 X150.403 Y97.871
G1 F2700 E492.222
G1 F1116.3 X150.351 Y97.871 E492.22381
G1 X150.324 Y97.916 E492.22563
G1 X150.351 Y97.961 E492.22745
G1 X150.403 Y97.961 E492.22925
G1 X150.43 Y97.916 E492.23107
G0 F9000 X150.108 Y98.594
G1 F770.5 X150.119 Y98.802 E492.24154
G1 F2700 E485.24154
G0 F9000 X150.591 Y99.415
G0 X152.03 Y99.384
G0 X152.179 Y99.034
G1 F2700 E492.24154
G1 F1151.1 X152.381 Y98.902 E492.24965
G1 F1145.6 X152.617 Y98.879 E492.25767
G1 F1129.4 X152.38 Y98.363 E492.27713
G1 F1121.5 X152.271 Y97.97 E492.29121
G1 X152.083 Y98.238 E492.30251
G1 F1129.4 X151.887 Y98.337 E492.31004
G1 F1145.6 X152.124 Y98.799 E492.32758
G1 F1151.1 X152.179 Y99.034 E492.3357
G1 F2700 E485.3357
G0 F9000 X152.452 Y98.9
G0 X153.198 Y99.322
G0 X154.014 Y98.762
G0 X154.164 Y98.533
G1 F2700 E492.3357
G1 F831.9 X153.816 Y97.813 E492.37292
G1 F789.5 X153.724 Y97.553 E492.38644
G1 F780.5 X153.624 Y97.412 E492.39502
G1 F820.5 X152.617 Y95.333 E492.50401
G1 F2700 E485.50401
G0 F9000 X153.822 Y97.258
G0 X154.627 Y97.182
G0 X154.882 Y96.785
G1 F2700 E492.50401
G1 F1326 X155.143 Y96.474 E492.51587
G1 X155.146 Y96.123 E492.52612
G1 F1322.3 X155.014 Y95.485 E492.54519
G1 F1318.7 X155.008 Y95.124 E492.55579
G1 X154.802 Y95.171 E492.56199
G1 X154.695 Y95.288 E492.56665
G1 X154.647 Y95.419 E492.57075
G1 F1307.9 X154.672 Y95.695 E492.57895
G1 F1297.3 X154.727 Y95.945 E492.58659
G1 F1311.5 X154.853 Y96.427 E492.60129
G1 F1326 X154.882 Y96.785 E492.61178
G1 F2700 E485.61178
G0 F9000 X154.865 Y96.756
G0 X154.985 Y97.345
G0 X155.863 Y97.956
G1 F2700 E492.61178
G1 F798.7 X156.017 Y98.239 E492.6274
G1 F790.8 X156.072 Y98.452 E492.63817
G0 F9000 X155.758 Y98.316
G0 X154.565 Y98.809
G0 X154.851 Y99.015
;TYPE:WALL-OUTER
G1 F1500 X154.183 Y97.636 E492.67772
G1 F1237.1 X154.172 Y97.399 E492.68514
G1 F971.7 X154.245 Y97.29 E492.69037
G1 X154.121 Y97.295 E492.69531
G1 F1237.1 X153.961 Y97.17 E492.70167
G1 F1500 X152.878 Y94.935 E492.76577
G1 X152.418 Y94.913 E492.77765
G1 X151.925 Y94.841 E492.79051
G1 X153.904 Y98.933 E492.90783
G1 X154.331 Y98.948 E492.91886
G1 X154.851 Y99.015 E492.93239
G0 F9000 X155.09 Y99.611
G1 F1069 X154.654 Y99.686 E492.94841
G1 F1073.8 X154.225 Y99.669 E492.96389
G1 F975.6 X153.961 Y99.624 E492.97452
G0 F9000 X155.09 Y99.611
G1 F1134.8 X155.348 Y99.589 E492.98335
G1 F1383.3 X155.678 Y99.49 E492.99299
G1 F1500 X155.967 Y99.33 E493.00152
G1 X156.168 Y99.166 E493.00822
G1 X156.395 Y98.883 E493.01758
G1 X156.498 Y98.462 E493.02877
G1 X156.427 Y98.1 E493.03829
G1 X156.297 Y97.841 E493.04577
G1 X156.156 Y97.665 E493.05159
G1 X155.849 Y97.416 E493.06179
G1 F1441.4 X155.509 Y97.255 E493.07189
G1 F1253.3 X155.256 Y97.253 E493.07971
G1 F1002.1 X155.059 Y97.04 E493.09092
G1 F892.2 X155.057 Y96.94 E493.09526
G1 F1118.9 X155.166 Y96.95 E493.09905
G1 F1500 X155.193 Y96.878 E493.10103
G1 X155.382 Y96.66 E493.10848
G1 X155.444 Y96.483 E493.11332
G1 X155.447 Y96.093 E493.12338
G1 X155.315 Y95.46 E493.14007
G1 X155.311 Y95.172 E493.14751
G1 X155.351 Y95.047 E493.15089
G1 X155.556 Y94.947 E493.15678
G1 X155.556 Y94.885 E493.15838
G1 X155.252 Y94.82 E493.1664
G1 X154.888 Y94.823 E493.1758
G1 X154.631 Y94.911 E493.18281
G1 X154.433 Y95.128 E493.19039
G1 X154.34 Y95.376 E493.19723
G1 X154.37 Y95.74 E493.20666
G1 X154.433 Y96.025 E493.21419
G1 X154.551 Y96.45 E493.22557
G1 X154.584 Y96.815 E493.23503
G1 F1118.9 X154.665 Y96.852 E493.23811
G1 F892.2 X154.578 Y97.112 E493.25001
G1 F897.2 X154.269 Y97.276 E493.26511
G1 F902.3 X154.441 Y97.232 E493.27272
G1 F897.2 X154.734 Y97.286 E493.28558
G1 F1002.1 X155.051 Y97.522 E493.30085
G1 F1297.3 X155.339 Y97.892 E493.31484
G1 F1500 X155.56 Y98.243 E493.32555
G1 X155.665 Y98.537 E493.3336
G1 X155.68 Y98.912 E493.34329
G1 X155.581 Y99.185 E493.35079
G1 F1383.3 X155.307 Y99.488 E493.36222
G1 F1134.8 X155.09 Y99.611 E493.37073
G1 F2700 E486.37073
G0 F9000 X153.287 Y99.366
G0 X151.557 Y99.683
G1 F2700 E493.37073
G1 F1059.6 X151.259 Y99.703 E493.38164
G0 F9000 X151.067 Y99.724
G1 F1118.9 X151.259 Y99.703 E493.38832
G1 F1145.6 X151.038 Y99.603 E493.39652
G1 F1383.3 X150.739 Y99.312 E493.4082
G1 F1500 X150.576 Y98.975 E493.41786
G1 X150.529 Y98.527 E493.42949
G1 X150.621 Y98.145 E493.43963
G1 X150.881 Y97.842 E493.44993
G1 X151.122 Y97.684 E493.45737
G1 X150.711 Y97.641 E493.46804
G1 X150.344 Y97.567 E493.4777
G1 F1472.4 X150.029 Y97.471 E493.48636
G1 X149.569 Y97.218 E493.50016
G1 F1500 X149.331 Y97.011 E493.5083
G1 X149.128 Y96.748 E493.51688
G1 X148.956 Y96.383 E493.52729
G1 X148.895 Y96.02 E493.53679
G1 X148.934 Y95.772 E493.54327
G1 X149.062 Y95.496 E493.55112
G1 X149.315 Y95.27 E493.55988
G1 F1371.4 X149.598 Y95.134 E493.56874
G1 F993.8 X149.895 Y95.032 E493.58098
G1 F1059.6 X149.496 Y94.911 E493.59621
G1 F1500 X149.19 Y94.92 E493.60411
G1 X148.83 Y94.982 E493.61354
G1 X148.502 Y95.117 E493.6227
G1 X148.229 Y95.294 E493.63109
G1 X148.022 Y95.586 E493.64033
G1 X147.924 Y95.918 E493.64927
G1 X147.913 Y96.152 E493.65531
G1 X147.966 Y96.393 E493.66168
G1 X148.104 Y96.729 E493.67106
G1 X148.31 Y96.983 E493.6795
G1 X148.574 Y97.217 E493.6886
G1 X148.828 Y97.381 E493.6964
G1 X149.144 Y97.525 E493.70537
G1 X149.394 Y97.609 E493.71217
G1 F1486.1 X149.923 Y97.69 E493.72612
G1 F1481.5 X150.023 Y97.827 E493.73055
G1 F1495.3 X150.028 Y98.005 E493.73516
G1 F1500 X149.842 Y98.197 E493.74206
G1 X149.707 Y98.441 E493.74926
G1 X149.668 Y98.612 E493.75378
G1 X149.689 Y98.902 E493.76129
G1 X149.819 Y99.219 E493.77013
G1 X150.059 Y99.439 E493.77853
G1 X150.363 Y99.607 E493.7875
G1 X150.681 Y99.696 E493.79602
G1 F1344.5 X151.067 Y99.724 E493.80716
G0 F9000 X151.557 Y99.683
G1 F1156.6 X151.736 Y99.669 E493.81317
G1 F1355.9 X152.093 Y99.563 E493.82381
G1 F1500 X152.299 Y99.406 E493.83049
G1 X152.493 Y99.21 E493.83761
G1 X152.613 Y99.195 E493.84073
G1 X152.888 Y99.369 E493.84913
G1 X153.214 Y99.511 E493.85831
G1 F1454.5 X153.603 Y99.619 E493.86905
G1 F1121.5 X153.961 Y99.624 E493.88141
G1 F1134.8 X153.641 Y99.419 E493.89438
G1 F1476.9 X153.303 Y99.172 E493.90535
G1 F1500 X153.097 Y98.955 E493.91308
G1 X152.886 Y98.667 E493.92229
G1 X152.696 Y98.251 E493.93409
G1 X152.575 Y97.811 E493.94587
G1 X152.566 Y97.464 E493.95483
G1 X152.287 Y97.48 E493.96204
G1 X152.031 Y97.636 E493.96978
G1 X151.854 Y98.009 E493.98044
G1 X151.518 Y98.081 E493.98931
G1 X151.311 Y98.255 E493.99629
G1 X151.433 Y98.353 E494.00032
G1 X151.66 Y98.626 E494.00949
G1 X151.851 Y98.981 E494.01989
G1 X151.851 Y99.332 E494.02895
G1 F1355.9 X151.701 Y99.597 E494.03765
G1 F1156.6 X151.557 Y99.683 E494.04326
G1 F2700 E487.04326
G0 F9000 X152.059 Y99.367
G0 X152.351 Y97.65
G0 X151.813 Y96.756
G0 X151.205 Y96.595
G0 X150.72 Y96.258
G0 X151.078 Y95.434
G1 F2700 E494.04326
G1 F1036.7 X150.779 Y95.264 E494.0561
G1 F973.6 X150.346 Y95.106 E494.07443
G1 F874.3 X149.986 Y95.036 E494.09067
G1 F821.9 X149.895 Y95.032 E494.09496
G1 F2700 E487.09496
G0 F9000 X149.276 Y95.093
G0 X148.9 Y95.377
G0 X148.732 Y95.733
G0 X148.694 Y96.027
G0 X148.768 Y96.459
G0 X148.965 Y96.865
G0 X149.426 Y97.347
G0 X149.736 Y97.497
G0 X149.584 Y102.829
G0 X149.433 Y103.056
;TYPE:WALL-INNER
G1 F2700 E494.09496
G1 F840.6 X149.938 Y104.122 E494.14929
G0 F9000 X150.046 Y104.483
G0 X149.789 Y104.801
G0 X149.728 Y105.472
G1 F914.3 X149.813 Y105.726 E494.16063
G1 F885.6 X149.967 Y106.06 E494.17671
G1 F917.8 X150.237 Y106.544 E494.20009
G1 F874.3 X150.31 Y106.856 E494.21427
G0 F9000 X150.321 Y106.85
G0 X149.916 Y107.239
G0 X149.172 Y107.048
G1 F1318.7 X149.009 Y106.924 E494.22029
G1 F2700 E487.22029
G0 F9000 X149.79 Y107.244
G0 X151.847 Y106.33
G0 X151.991 Y106.061
G1 F2700 E494.22029
G1 F814.9 X152.161 Y106.374 E494.23721
G1 F768 X152.235 Y106.376 E494.24094
G1 F757.1 X152.157 Y106.376 E494.24493
G1 X152.117 Y106.444 E494.24896
G1 X152.157 Y106.512 E494.253
G1 X152.235 Y106.512 E494.25699
G1 X152.275 Y106.444 E494.26102
G0 F9000 X152.211 Y107.068
G1 F1403.5 X152.447 Y107.069 E494.26753
G1 F1395.3 X152.518 Y106.951 E494.27135
G1 X152.491 Y106.771 E494.2764
G1 F1407.6 X152.331 Y106.383 E494.28794
G1 F1424.3 X152.059 Y106.49 E494.29589
G1 F1420.1 X152.211 Y107.068 E494.31218
G1 F2700 E487.31218
G0 F9000 X151.967 Y106.656
G0 X149.856 Y107.254
G0 X149.728 Y107.02
;TYPE:WALL-OUTER
G1 F2700 E494.31218
G1 F1100.9 X149.609 Y107.024 E494.31637
G1 F1266.5 X149.337 Y106.795 E494.32724
G1 F1500 X149.255 Y106.741 E494.32977
G1 X148.798 Y106.276 E494.3466
G1 X148.704 Y106.389 E494.35039
G1 X148.631 Y106.611 E494.35642
G1 X148.668 Y106.941 E494.36499
G1 X148.78 Y107.129 E494.37064
G1 X149.027 Y107.316 E494.37864
G1 F1399.4 X149.306 Y107.384 E494.38658
G1 F1203 X149.782 Y107.368 E494.40191
G1 F1206 X149.964 Y107.377 E494.40776
G1 F1403.5 X150.386 Y107.289 E494.41965
G1 F1500 X150.721 Y107.103 E494.42954
G1 X150.839 Y107.007 E494.43347
G1 X150.423 Y106.123 E494.45868
G1 X150.113 Y105.438 E494.47809
G1 X149.933 Y104.949 E494.49154
G1 X149.946 Y104.817 E494.49496
G1 X150.139 Y104.678 E494.5011
G1 X150.305 Y104.71 E494.50546
G1 F1495.3 X150.707 Y104.997 E494.51825
G1 X150.945 Y105.234 E494.52695
G1 F1500 X151.287 Y105.635 E494.54055
G1 X151.568 Y106.093 E494.55442
G1 X151.773 Y106.551 E494.56737
G1 X151.871 Y106.923 E494.5773
G1 X151.924 Y107.306 E494.58728
G1 X152.266 Y107.387 E494.59635
G1 X152.596 Y107.326 E494.60501
G1 X152.744 Y107.198 E494.61006
G1 X152.816 Y106.978 E494.61604
G1 X152.776 Y106.7 E494.62328
G1 X152.643 Y106.332 E494.63338
G1 X152.311 Y105.818 E494.64918
G1 X152.011 Y105.482 E494.6608
G1 X151.818 Y105.299 E494.66767
G1 X151.499 Y105.043 E494.67822
G1 X151.16 Y104.849 E494.6883
G1 F1495.3 X150.914 Y104.747 E494.6952
G1 F1481.5 X150.695 Y104.687 E494.70113
G1 X150.601 Y104.589 E494.70468
G1 F1495.3 X149.697 Y102.659 E494.75986
G1 F1500 X149.238 Y102.637 E494.77172
G1 X148.745 Y102.566 E494.78458
G1 X149.613 Y104.375 E494.83636
G1 X149.716 Y104.536 E494.8413
G1 X149.682 Y104.667 E494.84479
G1 X149.473 Y104.864 E494.8522
G1 X149.367 Y105.152 E494.86012
G1 X149.354 Y105.511 E494.86939
G1 X149.442 Y105.858 E494.87863
G1 X149.627 Y106.253 E494.88989
G1 X149.901 Y106.661 E494.90258
G1 F1445.8 X149.859 Y106.879 E494.90852
G1 F1237.1 X149.728 Y107.02 E494.91454
G1 F2700 E487.91454
G0 F9000 X149.63 Y107.266
G0 X149.342 Y107.054
G0 X148.829 Y106.58
G0 X148.028 Y106.454
G0 X147.805 Y106.241
;TYPE:WALL-INNER
G1 F2700 E494.91454
G1 F827.6 X147.663 Y105.895 E494.93204
G0 F9000 X146.951 Y105.298
G0 X146.784 Y105.013
G0 X146.801 Y105.012
G1 F1048 X146.772 Y105.061 E494.93414
G1 X146.716 Y105.061 E494.93621
G1 X146.687 Y105.012 E494.93832
G1 X146.716 Y104.963 E494.94042
G1 X146.772 Y104.963 E494.94249
G1 F1145.6 X146.865 Y104.63 E494.95417
G0 F9000 X146.868 Y104.607
G1 F1318.7 X147.181 Y104.345 E494.96616
G1 F1337 X147.228 Y104.037 E494.97518
G1 F1348.3 X147.197 Y103.835 E494.98105
G1 F1375.4 X147.095 Y103.591 E494.98849
G1 F1391.3 X146.856 Y103.298 E494.99901
G1 F1379.3 X146.504 Y103.066 E495.01084
G1 F1367.5 X146.325 Y102.995 E495.0163
G1 F1379.3 X146.594 Y103.371 E495.02927
G1 F1383.3 X146.848 Y103.869 E495.04492
G1 F1352.1 X146.896 Y104.424 E495.06087
G1 F1315.1 X146.868 Y104.607 E495.06632
G1 F2700 E488.06632
G0 F9000 X146.437 Y105.09
G0 X145.7 Y105.448
G0 X145.814 Y106.253
G1 F2700 E495.06632
G1 F826.2 X145.539 Y105.687 E495.09581
G1 F792.1 X145.451 Y105.443 E495.10848
G1 F781.8 X145.371 Y105.328 E495.11542
G1 F812.2 X144.523 Y103.586 E495.20778
G1 F2700 E488.20778
G0 F9000 X145.083 Y105.317
G0 X144.021 Y105.352
G0 X143.892 Y105.894
G1 F2700 E495.20778
G1 F950.5 X143.945 Y106.058 E495.2148
G1 F2700 E488.2148
G0 F9000 X144.82 Y107.027
G1 F2700 E495.2148
G0 F9000 X145.101 Y107.264
;TYPE:WALL-OUTER
G1 F950.5 X145.33 Y107.264 E495.22412
G1 F1069 X144.94 Y106.897 E495.24352
G1 F1500 X144.616 Y106.561 E495.25556
G1 X144.452 Y106.309 E495.26332
G1 X144.254 Y105.82 E495.27694
G1 X144.186 Y105.486 E495.28574
G1 X144.18 Y105.184 E495.29353
G1 F1495.3 X144.01 Y105.168 E495.29795
G1 F1454.5 X143.897 Y105.007 E495.30319
G1 X143.873 Y105.202 E495.30842
G1 F1500 X143.72 Y105.299 E495.3131
G1 X143.523 Y105.571 E495.32176
G1 X143.522 Y105.945 E495.33142
G1 X143.601 Y106.219 E495.33878
G1 X143.794 Y106.504 E495.34766
G1 X143.98 Y106.707 E495.35477
G1 X144.178 Y106.872 E495.36142
G1 X144.507 Y107.074 E495.37138
G1 X144.825 Y107.212 E495.38033
G1 F1276.6 X145.101 Y107.264 E495.38885
G0 F9000 X145.33 Y107.264
G1 F848.1 X145.517 Y107.316 E495.39771
G1 F958.1 X145.936 Y107.402 E495.41499
G1 F1090.9 X146.441 Y107.404 E495.43291
G1 F1066.7 X146.841 Y107.336 E495.44764
G0 F9000 X146.858 Y107.334
G1 F1297.3 X147.173 Y107.301 E495.45709
G1 F1441.4 X147.543 Y107.187 E495.46749
G1 F1500 X147.906 Y106.976 E495.47833
G1 X148.124 Y106.7 E495.48741
G1 X148.198 Y106.515 E495.49255
G1 X148.221 Y106.21 E495.50044
G1 X148.159 Y105.938 E495.50764
G1 X147.995 Y105.655 E495.51608
G1 X147.845 Y105.488 E495.52188
G1 F1428.6 X147.466 Y105.259 E495.53388
G1 F1276.6 X147.145 Y105.198 E495.54379
G1 F1283.4 X147.086 Y105.025 E495.5493
G1 F1437.1 X147.121 Y104.805 E495.5553
G1 F1500 X147.401 Y104.549 E495.56509
G1 X147.475 Y104.404 E495.5693
G1 X147.53 Y104.035 E495.57893
G1 X147.484 Y103.75 E495.58638
G1 X147.346 Y103.437 E495.5952
G1 X147.056 Y103.082 E495.60704
G1 F1495.3 X146.63 Y102.79 E495.62041
G1 F1215.2 X146.239 Y102.716 E495.63309
G1 F1034.5 X146.155 Y102.679 E495.63652
G1 F1041.2 X145.699 Y102.595 E495.65376
G1 F987.7 X145.334 Y102.582 E495.66808
G1 F933.9 X145.144 Y102.598 E495.67598
G1 F981.6 X145.631 Y102.796 E495.69672
G1 F1034.5 X146.066 Y103.061 E495.71578
G1 F1209.1 X146.196 Y103.322 E495.72512
G1 F1486.1 X146.377 Y103.576 E495.73324
G1 F1500 X146.558 Y103.952 E495.74401
G1 X146.589 Y104.369 E495.7548
G1 X146.54 Y104.641 E495.76194
G1 X146.434 Y104.845 E495.76787
G1 F1297.3 X146.234 Y105.075 E495.77697
G1 F1032.3 X146.095 Y105.164 E495.78316
G1 F1036.7 X146.285 Y105.198 E495.79037
G1 F1253.3 X146.65 Y105.34 E495.80246
G1 F1283.4 X146.994 Y105.51 E495.81404
G1 F1290.3 X147.142 Y105.761 E495.82278
G1 F1445.8 X147.157 Y105.805 E495.82403
G1 F1500 X147.375 Y106.229 E495.83633
G1 X147.427 Y106.445 E495.84207
G1 X147.397 Y106.788 E495.85095
G1 F1420.1 X147.251 Y107.055 E495.85925
G1 F1280 X146.858 Y107.334 E495.87383
G0 F9000 X146.515 Y106.753
G1 F1500 X145.907 Y105.507 E495.90961
G1 F1375.4 X145.876 Y105.368 E495.91362
G1 F1086 X145.947 Y105.208 E495.91986
G1 X145.778 Y105.161 E495.92611
G1 F1375.4 X145.709 Y105.084 E495.92902
G1 F1500 X144.774 Y103.16 E495.98423
G1 X144.43 Y103.178 E495.99312
G1 X144.28 Y103.123 E495.99725
G1 F1215.2 X144.21 Y103.158 E495.99974
G1 F1019.1 X144.144 Y102.995 E496.00642
G1 F1008.4 X144.171 Y102.814 E496.01345
G1 F981.6 X144.32 Y102.669 E496.02165
G1 F991.7 X143.892 Y102.818 E496.03934
G1 F1061.9 X143.753 Y102.841 E496.04448
G1 F1156.6 X143.482 Y102.951 E496.05427
G1 F1283.4 X143.163 Y103.122 E496.06518
G1 F1428.6 X142.928 Y103.319 E496.07349
G1 F1500 X142.82 Y103.464 E496.07816
G1 X142.697 Y103.806 E496.08754
G1 X142.706 Y104.117 E496.09557
G1 X142.857 Y104.414 E496.10417
G1 X143.082 Y104.638 E496.11236
G1 X143.348 Y104.779 E496.12013
G1 F1495.3 X143.774 Y104.791 E496.13117
G1 F1450.2 X143.886 Y104.956 E496.13649
G1 F1441.4 X143.897 Y104.786 E496.14107
G1 F1472.4 X144.005 Y104.732 E496.14424
G1 F1486.1 X143.737 Y104.494 E496.15358
G1 F1500 X143.559 Y104.129 E496.16406
G1 F1463.4 X143.472 Y103.771 E496.17381
G1 F1367.5 X143.537 Y103.284 E496.18772
G1 F1227.6 X143.731 Y103.197 E496.19442
G1 F1081.1 X143.877 Y103.188 E496.19966
G1 F1019.1 X144.011 Y103.302 E496.20634
G1 F1215.2 X143.956 Y103.357 E496.20882
G1 F1500 X145.551 Y106.652 E496.30331
G1 X146.129 Y106.682 E496.31824
G1 X146.515 Y106.753 E496.32837
G1 F2700 E489.32837
G0 F9000 X146.153 Y106.478
G0 X145.71 Y105.468
G0 X146.437 Y105.09
G0 X146.095 Y105.164
G1 F2700 E496.32837
G1 F944.9 X145.947 Y105.208 E496.3347
G1 F2700 E489.3347
G0 F9000 X145.564 Y105.393
G0 X144.667 Y103.342
G0 X145.597 Y102.68
G0 X145.115 Y102.6
G1 F2700 E496.3347
G1 F868 X144.79 Y102.606 E496.3492
G1 F926.6 X144.472 Y102.638 E496.36255
G1 F958.1 X144.32 Y102.669 E496.36882
G1 F2700 E489.36882
G0 F9000 X143.856 Y102.982
G0 X143.6 Y103.035
G0 X141.52 Y103.179
G0 X141.225 Y103.006
;TYPE:WALL-INNER
G1 F2700 E496.36882
G1 F809.4 X141.329 Y103.315 E496.38441
G1 F827.6 X141.556 Y103.8 E496.40946
G1 F781.8 X141.605 Y103.974 E496.41842
G1 F788.2 X141.761 Y104.22 E496.43272
G1 F849.6 X142.823 Y106.435 E496.54467
G1 F879.1 X142.879 Y106.584 E496.55168
G1 F2700 E489.55168
G0 F9000 X141.585 Y104.421
G0 X140.208 Y105.425
G0 X139.921 Y105.23
G1 F2700 E496.55168
G1 F1170.7 X139.607 Y104.824 E496.56865
G1 F888.9 X139.426 Y104.448 E496.58682
G1 F793.4 X139.295 Y104.333 E496.59533
G1 X139.042 Y104.01 E496.61535
G1 F824.7 X138.992 Y103.793 E496.6258
G1 F1113.7 X139.004 Y103.597 E496.63263
G1 F1450.2 X138.852 Y103.221 E496.64346
G1 F1445.8 X138.703 Y102.764 E496.65633
G1 F1428.6 X138.69 Y102.637 E496.65979
G1 X138.443 Y102.668 E496.66653
G1 X138.393 Y102.91 E496.67323
G1 F1432.8 X138.513 Y103.263 E496.68331
G1 F1467.9 X138.657 Y103.586 E496.69263
G1 F1129.4 X138.794 Y103.829 E496.70219
G1 F905.7 X138.768 Y103.92 E496.70624
G1 F824.7 X139.042 Y104.01 E496.71978
G0 F9000 X139.679 Y104.28
G0 X140.052 Y104.19
;TYPE:WALL-OUTER
G1 F857.1 X141.007 Y104.225 E496.76294
G1 F2700 E489.76294
G0 F9000 X141.487 Y104.001
G0 X142.547 Y106.354
G0 X141.719 Y107.025
G1 F2700 E496.76294
G1 F1041.2 X141.465 Y106.717 E496.77779
G1 F1227.6 X140.869 Y106.07 E496.80553
G1 F1121.5 X140.537 Y105.682 E496.82316
G1 F1132.1 X140.31 Y105.394 E496.8357
G1 F1337 X140.177 Y105.06 E496.84611
G1 F1500 X139.892 Y104.634 E496.85934
G1 X139.86 Y104.498 E496.86294
G1 F1424.3 X139.894 Y104.383 E496.8662
G1 F1012.7 X140.052 Y104.19 E496.87574
G1 F914.3 X139.535 Y104.013 E496.89888
G1 F1237.1 X139.259 Y103.468 E496.91799
G1 F1500 X139.122 Y103.133 E496.92734
G1 X138.986 Y102.709 E496.93883
G1 X138.956 Y102.379 E496.94738
G1 X138.585 Y102.334 E496.95703
G1 X138.335 Y102.391 E496.96364
G1 X138.223 Y102.471 E496.9672
G1 X138.122 Y102.648 E496.97246
G1 X138.102 Y102.947 E496.98019
G1 X138.242 Y103.362 E496.99149
G1 X138.398 Y103.692 E497.00092
G1 X138.392 Y103.857 E497.00518
G1 X138.291 Y103.954 E497.00879
G1 X138.045 Y104.285 E497.01944
G1 X138.715 Y104.286 E497.03673
G1 X138.823 Y104.37 E497.04026
G1 X138.977 Y104.587 E497.04713
G1 X139.431 Y105.151 E497.06581
G1 X139.695 Y105.438 E497.07588
G1 F1206 X140.034 Y105.684 E497.08932
G1 F1041.2 X140.304 Y105.969 E497.10392
G1 F1132.1 X140.659 Y106.316 E497.1209
G1 F1230.8 X140.892 Y106.524 E497.13072
G1 F1273.2 X141.315 Y106.838 E497.14674
G1 F1041.2 X141.719 Y107.025 E497.16329
G1 F941.2 X142.061 Y107.234 E497.17978
G1 F1061.9 X142.353 Y107.343 E497.19114
G0 F9000 X142.466 Y107.376
G1 F1340.8 X142.885 Y107.34 E497.20329
G1 F1500 X143.128 Y107.195 E497.21059
G1 X143.241 Y107.023 E497.2159
G1 X143.287 Y106.771 E497.22251
G1 X143.251 Y106.409 E497.2319
G1 X141.698 Y103.14 E497.32531
G1 X141.625 Y102.856 E497.33288
G1 X141.646 Y102.631 E497.33871
G1 X141.282 Y102.566 E497.34826
G1 X140.995 Y102.614 E497.35577
G1 X140.899 Y102.676 E497.35872
G1 X140.804 Y102.849 E497.36381
G1 X140.798 Y103.055 E497.36913
G1 X140.852 Y103.258 E497.37455
G1 X141.157 Y103.911 E497.39315
G1 F1307.9 X141.142 Y104.106 E497.39894
G1 F1021.3 X141.007 Y104.225 E497.40576
G1 X141.216 Y104.258 E497.41379
G1 F1307.9 X141.369 Y104.344 E497.41898
G1 F1500 X142.386 Y106.431 E497.4789
G1 X142.586 Y106.878 E497.49154
G1 X142.623 Y107.127 E497.49804
G1 F1375.4 X142.515 Y107.294 E497.50364
G1 F1188.1 X142.353 Y107.343 E497.50915
G1 F1162.2 X142.466 Y107.376 E497.51307
G1 F2700 E490.51307
G0 F9000 X142.857 Y107.11
G0 X142.763 Y106.837
G0 X142.913 Y108.207
G0 X142.367 Y108.266
G0 X141.741 Y108.081
G0 X139.077 Y106.565
G0 X137.825 Y106.313
;TYPE:WALL-INNER
G1 F2700 E497.51307
G1 F812.2 X137.786 Y106.087 E497.524
G1 F827.6 X137.64 Y105.828 E497.53791
G0 F9000 X136.966 Y105.292
G0 X136.758 Y105.004
G1 F1126.8 X136.89 Y104.619 E497.5519
G0 F9000 X136.903 Y104.607
G1 F1344.5 X137.166 Y104.379 E497.56192
G1 F1375.4 X137.258 Y104.173 E497.56827
G1 F1355.9 X137.225 Y103.85 E497.57754
G1 F1367.5 X137.058 Y103.503 E497.58844
G1 F1399.4 X136.794 Y103.245 E497.59865
G1 F1311.5 X136.484 Y103.091 E497.60887
G1 F1322.3 X136.74 Y103.612 E497.62587
G1 F1403.5 X136.906 Y104.032 E497.63833
G1 F1359.8 X136.903 Y104.607 E497.6547
G1 F2700 E490.6547
G0 F9000 X136.445 Y105.084
G0 X135.716 Y105.438
G0 X135.833 Y106.253
G1 F2700 E497.6547
G1 F826.2 X135.558 Y105.687 E497.68419
G1 F792.1 X135.471 Y105.447 E497.69666
G1 F781.8 X135.387 Y105.328 E497.70388
G1 F812.2 X134.532 Y103.568 E497.79715
G0 F9000 X134.051 Y103.005
G1 F1472.4 X134.03 Y103.039 E497.7982
G1 X133.971 Y103.005 E497.79999
G1 X134.03 Y102.971 E497.80178
G0 F9000 X133.836 Y102.987
G0 X133.46 Y103.123
G0 X133.113 Y103.886
G1 F877.5 X133.179 Y104.163 E497.81434
G1 F2700 E490.81434
G0 F9000 X133.656 Y104.616
G0 X133.995 Y105.359
G0 X133.894 Y105.688
G1 F2700 E497.81434
G1 F1016.9 X133.909 Y105.894 E497.82221
G1 F1008.4 X134.046 Y106.229 E497.8361
G1 F2700 E490.8361
G0 F9000 X134.818 Y107.011
G1 F2700 E497.8361
G0 F9000 X135.222 Y107.31
;TYPE:WALL-OUTER
G1 F1052.6 X135.513 Y107.312 E497.8468
G1 X135.282 Y107.134 E497.85753
G1 F1375.4 X135.047 Y106.98 E497.86544
G1 F1500 X134.662 Y106.608 E497.87926
G1 X134.432 Y106.249 E497.89026
G1 X134.269 Y105.831 E497.90184
G1 X134.17 Y105.18 E497.91884
G1 X134.026 Y105.174 E497.92255
G1 F1454.5 X133.917 Y105.02 E497.92758
G1 X133.92 Y105.201 E497.93239
G1 F1500 X133.744 Y105.299 E497.93759
G1 X133.627 Y105.424 E497.94201
G1 X133.549 Y105.618 E497.94741
G1 X133.543 Y105.945 E497.95585
G1 X133.617 Y106.187 E497.96238
G1 X133.756 Y106.429 E497.96959
G1 X133.921 Y106.629 E497.97628
G1 X134.185 Y106.864 E497.9854
G1 X134.523 Y107.074 E497.99567
G1 X134.79 Y107.192 E498.0032
G1 F1375.4 X135.222 Y107.31 E498.01581
G0 F9000 X135.513 Y107.312
G1 F912.5 X135.665 Y107.347 E498.02243
G1 F979.6 X136.036 Y107.401 E498.03724
G1 F1076.2 X136.463 Y107.403 E498.0526
G1 F1064.3 X136.915 Y107.327 E498.06928
G1 F923.1 X137.207 Y107.215 E498.08239
G0 F9000 X137.227 Y107.213
G1 F1246.8 X137.6 Y107.169 E498.09406
G1 F1486.1 X137.9 Y106.977 E498.10334
G1 F1500 X138.07 Y106.808 E498.10952
G1 X138.176 Y106.635 E498.11476
G1 X138.242 Y106.338 E498.12261
G1 X138.207 Y105.972 E498.1321
G1 X137.943 Y105.555 E498.14484
G1 F1352.1 X137.583 Y105.278 E498.15785
G1 F1185.2 X137.163 Y105.197 E498.17182
G1 F1253.3 X137.105 Y105.025 E498.17743
G1 F1437.1 X137.143 Y104.801 E498.18355
G1 F1500 X137.411 Y104.558 E498.19288
G1 X137.557 Y104.222 E498.20234
G1 X137.519 Y103.766 E498.21415
G1 X137.296 Y103.33 E498.22679
G1 X136.99 Y103.024 E498.23796
G1 X136.572 Y102.748 E498.25089
G1 X136.086 Y102.591 E498.26407
G1 F1367.5 X135.695 Y102.546 E498.27521
G1 F933.9 X135.37 Y102.629 E498.28912
G1 F895.5 X135.588 Y102.801 E498.30112
G1 F1203 X135.619 Y102.838 E498.30267
G1 F1391.3 X135.976 Y103.085 E498.31475
G1 F1500 X136.25 Y103.342 E498.32445
G1 X136.468 Y103.712 E498.33553
G1 X136.614 Y104.125 E498.34684
G1 X136.591 Y104.53 E498.35731
G1 F1454.5 X136.529 Y104.729 E498.36286
G1 F1363.6 X136.311 Y104.996 E498.37264
G1 F1100.9 X136.116 Y105.164 E498.38169
G1 F1064.3 X136.338 Y105.208 E498.38993
G1 F1348.3 X136.624 Y105.331 E498.39887
G1 F1437.1 X136.667 Y105.339 E498.40004
G1 F1286.9 X137.011 Y105.51 E498.4116
G1 F1297.3 X137.16 Y105.766 E498.42044
G1 F1450.2 X137.385 Y106.203 E498.43356
G1 F1500 X137.451 Y106.607 E498.44413
G1 X137.419 Y106.785 E498.4488
G1 F1256.5 X137.227 Y107.213 E498.46325
G0 F9000 X136.535 Y106.754
G1 F1500 X135.927 Y105.507 E498.49906
G1 F1407.6 X135.9 Y105.37 E498.5029
G1 F1108.5 X135.993 Y105.194 E498.50985
G1 X135.797 Y105.158 E498.51681
G1 F1407.6 X135.725 Y105.084 E498.51965
G1 F1500 X134.79 Y103.157 E498.57493
G1 X134.492 Y103.156 E498.58262
G1 X134.344 Y103.091 E498.58679
G1 F1403.5 X134.285 Y102.849 E498.59366
G1 F1116.3 X134.399 Y102.662 E498.60126
G1 F1167.9 X134.036 Y102.703 E498.61337
G1 F1428.6 X133.697 Y102.823 E498.62311
G1 F1333.3 X133.334 Y103.032 E498.63528
G1 F1383.3 X133.002 Y103.259 E498.64653
G1 F1500 X132.834 Y103.471 E498.65351
G1 X132.73 Y103.71 E498.66024
G1 X132.711 Y103.893 E498.66499
G1 X132.753 Y104.176 E498.67237
G1 X132.86 Y104.393 E498.67862
G1 X133.122 Y104.652 E498.68813
G1 X133.453 Y104.781 E498.6973
G1 X133.711 Y104.789 E498.70396
G1 F1490.7 X133.865 Y104.848 E498.70824
G1 F1481.5 X133.888 Y104.786 E498.70997
G1 X134.015 Y104.734 E498.71356
G1 F1490.7 X133.82 Y104.552 E498.72048
G1 F1500 X133.623 Y104.239 E498.73003
G1 X133.52 Y103.948 E498.738
G1 X133.494 Y103.687 E498.74477
G1 F1441.4 X133.553 Y103.31 E498.75502
G1 F1307.9 X133.636 Y103.224 E498.75855
G1 F1311.5 X133.798 Y103.221 E498.76334
G1 F1445.8 X133.962 Y103.335 E498.76868
G1 F1500 X135.57 Y106.652 E498.86383
G1 X136.144 Y106.681 E498.87866
G1 X136.535 Y106.754 E498.88892
G1 F2700 E491.88892
G0 F9000 X136.173 Y106.479
G0 X135.705 Y105.46
G0 X136.445 Y105.084
G0 X136.116 Y105.164
G1 F2700 E498.88892
G1 F946.7 X135.993 Y105.194 E498.8941
G1 F2700 E491.8941
G0 F9000 X135.581 Y105.391
G0 X134.685 Y103.342
G0 X135.617 Y102.68
G0 X135.37 Y102.629
G1 F2700 E498.8941
G1 F783 X135.082 Y102.603 E498.9084
G1 F863.3 X134.777 Y102.604 E498.92208
G1 F933.9 X134.399 Y102.662 E498.93793
;TIME_ELAPSED:1194.087891
G1 F2700 E491.93793
M140 S0
M107
G91 ;Relative positioning
G1 E-2 F2700 ;Retract a bit
G1 E-2 Z0.2 F2400 ;Retract and raise Z
G1 X5 Y5 F3000 ;Wipe out
G1 Z10 ;Raise Z more
G90 ;Absolute positioning

G1 X0 Y220 ;Present print
M106 S0 ;Turn-off fan
M104 S0 ;Turn-off hotend
M140 S0 ;Turn-off bed

M84 X Y E ;Disable all steppers but Z

M82 ;absolute extrusion mode
M104 S0
;End of Gcode
;SETTING_3 {"global_quality": "[general]\\nversion = 4\\nname = LlaveroFlork\\nd
;SETTING_3 efinition = creality_base\\n\\n[metadata]\\ntype = quality_changes\\n
;SETTING_3 quality_type = standard\\nsetting_version = 22\\n\\n[values]\\n\\n", 
;SETTING_3 "extruder_quality": ["[general]\\nversion = 4\\nname = LlaveroFlork\\
;SETTING_3 ndefinition = creality_ender3\\n\\n[metadata]\\ntype = quality_change
;SETTING_3 s\\nquality_type = standard\\nintent_category = default\\nposition = 
;SETTING_3 0\\nsetting_version = 22\\n\\n[values]\\nbottom_layers = 3\\nfill_out
;SETTING_3 line_gaps = True\\ninfill_sparse_density = 15\\nmaterial_flow = 97\\n
;SETTING_3 material_print_temperature = 197\\nretraction_amount = 7\\ntop_layers
;SETTING_3  = 3\\nwall_line_count = 2\\nwall_line_width = 0.32\\nxy_offset = 0.1
;SETTING_3 \\n\\n"]}
